timestamp,problem,strategy,combo_idx,avg_length,avg_gap,avg_time_ms,n_runs,param_signature,params_json
2026-05-15T11:31:43.839273,burma14,E2BSO-TSP,1,3323.0,0.0,6586.6974,1,"{""gamma"": 0.15, ""injection_rate"": 0.08, ""ls_intensity_compress"": ""moderate"", ""ls_intensity_normal"": ""light"", ""ls_time_limit"": 0.5, ""max_iterations"": 200, ""population_size"": 24, ""remove_ratio"": 0.1}","{""gamma"": 0.15, ""injection_rate"": 0.08, ""ls_intensity_compress"": ""moderate"", ""ls_intensity_normal"": ""light"", ""ls_time_limit"": 0.5, ""max_iterations"": 200, ""population_size"": 24, ""remove_ratio"": 0.1}"
2026-05-15T11:31:44.299420,burma14,E2BSO-TSP,2,3323.0,0.0,427.4107,1,"{""gamma"": 0.15, ""injection_rate"": 0.08, ""ls_intensity_compress"": ""moderate"", ""ls_intensity_normal"": ""light"", ""ls_time_limit"": 0.5, ""max_iterations"": 200, ""population_size"": 24, ""remove_ratio"": 0.15}","{""gamma"": 0.15, ""injection_rate"": 0.08, ""ls_intensity_compress"": ""moderate"", ""ls_intensity_normal"": ""light"", ""ls_time_limit"": 0.5, ""max_iterations"": 200, ""population_size"": 24, ""remove_ratio"": 0.15}"
2026-05-15T11:40:57.565866,burma14,E2BSO-TSP,1,3323.0,0.0,518.5142,1,"{""gamma"": 0.15, ""injection_rate"": 0.08, ""ls_intensity_compress"": ""moderate"", ""ls_intensity_normal"": ""light"", ""ls_time_limit"": 0.5, ""max_iterations"": 200, ""population_size"": 24, ""remove_ratio"": 0.1}","{""gamma"": 0.15, ""injection_rate"": 0.08, ""ls_intensity_compress"": ""moderate"", ""ls_intensity_normal"": ""light"", ""ls_time_limit"": 0.5, ""max_iterations"": 200, ""population_size"": 24, ""remove_ratio"": 0.1}"
2026-05-15T11:40:58.114275,burma14,E2BSO-TSP,2,3323.0,0.0,513.4102,1,"{""gamma"": 0.15, ""injection_rate"": 0.08, ""ls_intensity_compress"": ""moderate"", ""ls_intensity_normal"": ""light"", ""ls_time_limit"": 0.5, ""max_iterations"": 200, ""population_size"": 24, ""remove_ratio"": 0.15}","{""gamma"": 0.15, ""injection_rate"": 0.08, ""ls_intensity_compress"": ""moderate"", ""ls_intensity_normal"": ""light"", ""ls_time_limit"": 0.5, ""max_iterations"": 200, ""population_size"": 24, ""remove_ratio"": 0.15}"
2026-05-15T11:42:23.001380,burma14,E2BSO-TSP,1,3323.0,0.0,490.9628,1,"{""gamma"": 0.15, ""injection_rate"": 0.08, ""ls_intensity_compress"": ""moderate"", ""ls_intensity_normal"": ""light"", ""ls_time_limit"": 0.5, ""max_iterations"": 200, ""population_size"": 24, ""remove_ratio"": 0.1}","{""gamma"": 0.15, ""injection_rate"": 0.08, ""ls_intensity_compress"": ""moderate"", ""ls_intensity_normal"": ""light"", ""ls_time_limit"": 0.5, ""max_iterations"": 200, ""population_size"": 24, ""remove_ratio"": 0.1}"
2026-05-15T11:42:23.545627,burma14,E2BSO-TSP,2,3323.0,0.0,512.0564,1,"{""gamma"": 0.15, ""injection_rate"": 0.08, ""ls_intensity_compress"": ""moderate"", ""ls_intensity_normal"": ""light"", ""ls_time_limit"": 0.5, ""max_iterations"": 200, ""population_size"": 24, ""remove_ratio"": 0.15}","{""gamma"": 0.15, ""injection_rate"": 0.08, ""ls_intensity_compress"": ""moderate"", ""ls_intensity_normal"": ""light"", ""ls_time_limit"": 0.5, ""max_iterations"": 200, ""population_size"": 24, ""remove_ratio"": 0.15}"
2026-05-15T11:42:26.172846,burma14,E2BSO-TSP,3,3323.0,0.0,364.2642,1,"{""gamma"": 0.15, ""injection_rate"": 0.08, ""ls_intensity_compress"": ""moderate"", ""ls_intensity_normal"": ""light"", ""ls_time_limit"": 0.5, ""max_iterations"": 200, ""population_size"": 24, ""remove_ratio"": 0.2}","{""gamma"": 0.15, ""injection_rate"": 0.08, ""ls_intensity_compress"": ""moderate"", ""ls_intensity_normal"": ""light"", ""ls_time_limit"": 0.5, ""max_iterations"": 200, ""population_size"": 24, ""remove_ratio"": 0.2}"
2026-05-15T11:42:26.595044,burma14,E2BSO-TSP,4,3323.0,0.0,395.7201,1,"{""gamma"": 0.15, ""injection_rate"": 0.12, ""ls_intensity_compress"": ""moderate"", ""ls_intensity_normal"": ""light"", ""ls_time_limit"": 0.5, ""max_iterations"": 200, ""population_size"": 24, ""remove_ratio"": 0.1}","{""gamma"": 0.15, ""injection_rate"": 0.12, ""ls_intensity_compress"": ""moderate"", ""ls_intensity_normal"": ""light"", ""ls_time_limit"": 0.5, ""max_iterations"": 200, ""population_size"": 24, ""remove_ratio"": 0.1}"
2026-05-15T11:42:27.108105,burma14,E2BSO-TSP,5,3323.0,0.0,483.0868,1,"{""gamma"": 0.15, ""injection_rate"": 0.12, ""ls_intensity_compress"": ""moderate"", ""ls_intensity_normal"": ""light"", ""ls_time_limit"": 0.5, ""max_iterations"": 200, ""population_size"": 24, ""remove_ratio"": 0.15}","{""gamma"": 0.15, ""injection_rate"": 0.12, ""ls_intensity_compress"": ""moderate"", ""ls_intensity_normal"": ""light"", ""ls_time_limit"": 0.5, ""max_iterations"": 200, ""population_size"": 24, ""remove_ratio"": 0.15}"
2026-05-15T11:42:27.637307,burma14,E2BSO-TSP,6,3323.0,0.0,495.3099,1,"{""gamma"": 0.15, ""injection_rate"": 0.12, ""ls_intensity_compress"": ""moderate"", ""ls_intensity_normal"": ""light"", ""ls_time_limit"": 0.5, ""max_iterations"": 200, ""population_size"": 24, ""remove_ratio"": 0.2}","{""gamma"": 0.15, ""injection_rate"": 0.12, ""ls_intensity_compress"": ""moderate"", ""ls_intensity_normal"": ""light"", ""ls_time_limit"": 0.5, ""max_iterations"": 200, ""population_size"": 24, ""remove_ratio"": 0.2}"
2026-05-15T11:42:28.160107,burma14,E2BSO-TSP,7,3323.0,0.0,474.1264,1,"{""gamma"": 0.15, ""injection_rate"": 0.18, ""ls_intensity_compress"": ""moderate"", ""ls_intensity_normal"": ""light"", ""ls_time_limit"": 0.5, ""max_iterations"": 200, ""population_size"": 24, ""remove_ratio"": 0.1}","{""gamma"": 0.15, ""injection_rate"": 0.18, ""ls_intensity_compress"": ""moderate"", ""ls_intensity_normal"": ""light"", ""ls_time_limit"": 0.5, ""max_iterations"": 200, ""population_size"": 24, ""remove_ratio"": 0.1}"
2026-05-15T11:42:28.680319,burma14,E2BSO-TSP,8,3323.0,0.0,493.2129,1,"{""gamma"": 0.15, ""injection_rate"": 0.18, ""ls_intensity_compress"": ""moderate"", ""ls_intensity_normal"": ""light"", ""ls_time_limit"": 0.5, ""max_iterations"": 200, ""population_size"": 24, ""remove_ratio"": 0.15}","{""gamma"": 0.15, ""injection_rate"": 0.18, ""ls_intensity_compress"": ""moderate"", ""ls_intensity_normal"": ""light"", ""ls_time_limit"": 0.5, ""max_iterations"": 200, ""population_size"": 24, ""remove_ratio"": 0.15}"
2026-05-15T11:42:29.234058,burma14,E2BSO-TSP,9,3323.0,0.0,516.4135,1,"{""gamma"": 0.15, ""injection_rate"": 0.18, ""ls_intensity_compress"": ""moderate"", ""ls_intensity_normal"": ""light"", ""ls_time_limit"": 0.5, ""max_iterations"": 200, ""population_size"": 24, ""remove_ratio"": 0.2}","{""gamma"": 0.15, ""injection_rate"": 0.18, ""ls_intensity_compress"": ""moderate"", ""ls_intensity_normal"": ""light"", ""ls_time_limit"": 0.5, ""max_iterations"": 200, ""population_size"": 24, ""remove_ratio"": 0.2}"
2026-05-15T11:42:29.749715,burma14,E2BSO-TSP,10,3323.0,0.0,471.4712,1,"{""gamma"": 0.2, ""injection_rate"": 0.08, ""ls_intensity_compress"": ""moderate"", ""ls_intensity_normal"": ""light"", ""ls_time_limit"": 0.5, ""max_iterations"": 200, ""population_size"": 24, ""remove_ratio"": 0.1}","{""gamma"": 0.2, ""injection_rate"": 0.08, ""ls_intensity_compress"": ""moderate"", ""ls_intensity_normal"": ""light"", ""ls_time_limit"": 0.5, ""max_iterations"": 200, ""population_size"": 24, ""remove_ratio"": 0.1}"
2026-05-15T11:42:30.298620,burma14,E2BSO-TSP,11,3323.0,0.0,516.8028,1,"{""gamma"": 0.2, ""injection_rate"": 0.08, ""ls_intensity_compress"": ""moderate"", ""ls_intensity_normal"": ""light"", ""ls_time_limit"": 0.5, ""max_iterations"": 200, ""population_size"": 24, ""remove_ratio"": 0.15}","{""gamma"": 0.2, ""injection_rate"": 0.08, ""ls_intensity_compress"": ""moderate"", ""ls_intensity_normal"": ""light"", ""ls_time_limit"": 0.5, ""max_iterations"": 200, ""population_size"": 24, ""remove_ratio"": 0.15}"
2026-05-15T11:42:30.775600,burma14,E2BSO-TSP,12,3323.0,0.0,450.4592,1,"{""gamma"": 0.2, ""injection_rate"": 0.08, ""ls_intensity_compress"": ""moderate"", ""ls_intensity_normal"": ""light"", ""ls_time_limit"": 0.5, ""max_iterations"": 200, ""population_size"": 24, ""remove_ratio"": 0.2}","{""gamma"": 0.2, ""injection_rate"": 0.08, ""ls_intensity_compress"": ""moderate"", ""ls_intensity_normal"": ""light"", ""ls_time_limit"": 0.5, ""max_iterations"": 200, ""population_size"": 24, ""remove_ratio"": 0.2}"
2026-05-15T11:42:31.291468,burma14,E2BSO-TSP,13,3323.0,0.0,485.8119,1,"{""gamma"": 0.2, ""injection_rate"": 0.12, ""ls_intensity_compress"": ""moderate"", ""ls_intensity_normal"": ""light"", ""ls_time_limit"": 0.5, ""max_iterations"": 200, ""population_size"": 24, ""remove_ratio"": 0.1}","{""gamma"": 0.2, ""injection_rate"": 0.12, ""ls_intensity_compress"": ""moderate"", ""ls_intensity_normal"": ""light"", ""ls_time_limit"": 0.5, ""max_iterations"": 200, ""population_size"": 24, ""remove_ratio"": 0.1}"
2026-05-15T11:42:31.813449,burma14,E2BSO-TSP,14,3323.0,0.0,493.6031,1,"{""gamma"": 0.2, ""injection_rate"": 0.12, ""ls_intensity_compress"": ""moderate"", ""ls_intensity_normal"": ""light"", ""ls_time_limit"": 0.5, ""max_iterations"": 200, ""population_size"": 24, ""remove_ratio"": 0.15}","{""gamma"": 0.2, ""injection_rate"": 0.12, ""ls_intensity_compress"": ""moderate"", ""ls_intensity_normal"": ""light"", ""ls_time_limit"": 0.5, ""max_iterations"": 200, ""population_size"": 24, ""remove_ratio"": 0.15}"
2026-05-15T11:42:32.325434,burma14,E2BSO-TSP,15,3323.0,0.0,477.129,1,"{""gamma"": 0.2, ""injection_rate"": 0.12, ""ls_intensity_compress"": ""moderate"", ""ls_intensity_normal"": ""light"", ""ls_time_limit"": 0.5, ""max_iterations"": 200, ""population_size"": 24, ""remove_ratio"": 0.2}","{""gamma"": 0.2, ""injection_rate"": 0.12, ""ls_intensity_compress"": ""moderate"", ""ls_intensity_normal"": ""light"", ""ls_time_limit"": 0.5, ""max_iterations"": 200, ""population_size"": 24, ""remove_ratio"": 0.2}"
2026-05-15T11:42:32.751345,burma14,E2BSO-TSP,16,3323.0,0.0,399.3893,1,"{""gamma"": 0.2, ""injection_rate"": 0.18, ""ls_intensity_compress"": ""moderate"", ""ls_intensity_normal"": ""light"", ""ls_time_limit"": 0.5, ""max_iterations"": 200, ""population_size"": 24, ""remove_ratio"": 0.1}","{""gamma"": 0.2, ""injection_rate"": 0.18, ""ls_intensity_compress"": ""moderate"", ""ls_intensity_normal"": ""light"", ""ls_time_limit"": 0.5, ""max_iterations"": 200, ""population_size"": 24, ""remove_ratio"": 0.1}"
2026-05-15T11:42:33.310437,burma14,E2BSO-TSP,17,3323.0,0.0,506.5062,1,"{""gamma"": 0.2, ""injection_rate"": 0.18, ""ls_intensity_compress"": ""moderate"", ""ls_intensity_normal"": ""light"", ""ls_time_limit"": 0.5, ""max_iterations"": 200, ""population_size"": 24, ""remove_ratio"": 0.15}","{""gamma"": 0.2, ""injection_rate"": 0.18, ""ls_intensity_compress"": ""moderate"", ""ls_intensity_normal"": ""light"", ""ls_time_limit"": 0.5, ""max_iterations"": 200, ""population_size"": 24, ""remove_ratio"": 0.15}"
2026-05-15T11:42:33.831765,burma14,E2BSO-TSP,18,3323.0,0.0,486.2744,1,"{""gamma"": 0.2, ""injection_rate"": 0.18, ""ls_intensity_compress"": ""moderate"", ""ls_intensity_normal"": ""light"", ""ls_time_limit"": 0.5, ""max_iterations"": 200, ""population_size"": 24, ""remove_ratio"": 0.2}","{""gamma"": 0.2, ""injection_rate"": 0.18, ""ls_intensity_compress"": ""moderate"", ""ls_intensity_normal"": ""light"", ""ls_time_limit"": 0.5, ""max_iterations"": 200, ""population_size"": 24, ""remove_ratio"": 0.2}"
2026-05-15T11:42:34.311848,burma14,E2BSO-TSP,19,3323.0,0.0,439.3416,1,"{""gamma"": 0.3, ""injection_rate"": 0.08, ""ls_intensity_compress"": ""moderate"", ""ls_intensity_normal"": ""light"", ""ls_time_limit"": 0.5, ""max_iterations"": 200, ""population_size"": 24, ""remove_ratio"": 0.1}","{""gamma"": 0.3, ""injection_rate"": 0.08, ""ls_intensity_compress"": ""moderate"", ""ls_intensity_normal"": ""light"", ""ls_time_limit"": 0.5, ""max_iterations"": 200, ""population_size"": 24, ""remove_ratio"": 0.1}"
2026-05-15T11:42:34.815612,burma14,E2BSO-TSP,20,3323.0,0.0,479.74,1,"{""gamma"": 0.3, ""injection_rate"": 0.08, ""ls_intensity_compress"": ""moderate"", ""ls_intensity_normal"": ""light"", ""ls_time_limit"": 0.5, ""max_iterations"": 200, ""population_size"": 24, ""remove_ratio"": 0.15}","{""gamma"": 0.3, ""injection_rate"": 0.08, ""ls_intensity_compress"": ""moderate"", ""ls_intensity_normal"": ""light"", ""ls_time_limit"": 0.5, ""max_iterations"": 200, ""population_size"": 24, ""remove_ratio"": 0.15}"
2026-05-15T11:42:35.328056,burma14,E2BSO-TSP,21,3323.0,0.0,483.0644,1,"{""gamma"": 0.3, ""injection_rate"": 0.08, ""ls_intensity_compress"": ""moderate"", ""ls_intensity_normal"": ""light"", ""ls_time_limit"": 0.5, ""max_iterations"": 200, ""population_size"": 24, ""remove_ratio"": 0.2}","{""gamma"": 0.3, ""injection_rate"": 0.08, ""ls_intensity_compress"": ""moderate"", ""ls_intensity_normal"": ""light"", ""ls_time_limit"": 0.5, ""max_iterations"": 200, ""population_size"": 24, ""remove_ratio"": 0.2}"
2026-05-15T11:42:35.854889,burma14,E2BSO-TSP,22,3323.0,0.0,498.1567,1,"{""gamma"": 0.3, ""injection_rate"": 0.12, ""ls_intensity_compress"": ""moderate"", ""ls_intensity_normal"": ""light"", ""ls_time_limit"": 0.5, ""max_iterations"": 200, ""population_size"": 24, ""remove_ratio"": 0.1}","{""gamma"": 0.3, ""injection_rate"": 0.12, ""ls_intensity_compress"": ""moderate"", ""ls_intensity_normal"": ""light"", ""ls_time_limit"": 0.5, ""max_iterations"": 200, ""population_size"": 24, ""remove_ratio"": 0.1}"
2026-05-15T11:42:36.470443,burma14,E2BSO-TSP,23,3323.0,0.0,575.5486,1,"{""gamma"": 0.3, ""injection_rate"": 0.12, ""ls_intensity_compress"": ""moderate"", ""ls_intensity_normal"": ""light"", ""ls_time_limit"": 0.5, ""max_iterations"": 200, ""population_size"": 24, ""remove_ratio"": 0.15}","{""gamma"": 0.3, ""injection_rate"": 0.12, ""ls_intensity_compress"": ""moderate"", ""ls_intensity_normal"": ""light"", ""ls_time_limit"": 0.5, ""max_iterations"": 200, ""population_size"": 24, ""remove_ratio"": 0.15}"
2026-05-15T11:42:37.013121,burma14,E2BSO-TSP,24,3323.0,0.0,512.0228,1,"{""gamma"": 0.3, ""injection_rate"": 0.12, ""ls_intensity_compress"": ""moderate"", ""ls_intensity_normal"": ""light"", ""ls_time_limit"": 0.5, ""max_iterations"": 200, ""population_size"": 24, ""remove_ratio"": 0.2}","{""gamma"": 0.3, ""injection_rate"": 0.12, ""ls_intensity_compress"": ""moderate"", ""ls_intensity_normal"": ""light"", ""ls_time_limit"": 0.5, ""max_iterations"": 200, ""population_size"": 24, ""remove_ratio"": 0.2}"
2026-05-15T11:42:37.531438,burma14,E2BSO-TSP,25,3323.0,0.0,486.1226,1,"{""gamma"": 0.3, ""injection_rate"": 0.18, ""ls_intensity_compress"": ""moderate"", ""ls_intensity_normal"": ""light"", ""ls_time_limit"": 0.5, ""max_iterations"": 200, ""population_size"": 24, ""remove_ratio"": 0.1}","{""gamma"": 0.3, ""injection_rate"": 0.18, ""ls_intensity_compress"": ""moderate"", ""ls_intensity_normal"": ""light"", ""ls_time_limit"": 0.5, ""max_iterations"": 200, ""population_size"": 24, ""remove_ratio"": 0.1}"
2026-05-15T11:42:38.058511,burma14,E2BSO-TSP,26,3323.0,0.0,499.0783,1,"{""gamma"": 0.3, ""injection_rate"": 0.18, ""ls_intensity_compress"": ""moderate"", ""ls_intensity_normal"": ""light"", ""ls_time_limit"": 0.5, ""max_iterations"": 200, ""population_size"": 24, ""remove_ratio"": 0.15}","{""gamma"": 0.3, ""injection_rate"": 0.18, ""ls_intensity_compress"": ""moderate"", ""ls_intensity_normal"": ""light"", ""ls_time_limit"": 0.5, ""max_iterations"": 200, ""population_size"": 24, ""remove_ratio"": 0.15}"
2026-05-15T11:42:38.541217,burma14,E2BSO-TSP,27,3323.0,0.0,452.5291,1,"{""gamma"": 0.3, ""injection_rate"": 0.18, ""ls_intensity_compress"": ""moderate"", ""ls_intensity_normal"": ""light"", ""ls_time_limit"": 0.5, ""max_iterations"": 200, ""population_size"": 24, ""remove_ratio"": 0.2}","{""gamma"": 0.3, ""injection_rate"": 0.18, ""ls_intensity_compress"": ""moderate"", ""ls_intensity_normal"": ""light"", ""ls_time_limit"": 0.5, ""max_iterations"": 200, ""population_size"": 24, ""remove_ratio"": 0.2}"
2026-05-15T11:42:39.280175,burma14,E2BSO-TSP,28,3323.0,0.0,705.1254,1,"{""gamma"": 0.15, ""injection_rate"": 0.08, ""ls_intensity_compress"": ""moderate"", ""ls_intensity_normal"": ""light"", ""ls_time_limit"": 0.5, ""max_iterations"": 320, ""population_size"": 24, ""remove_ratio"": 0.1}","{""gamma"": 0.15, ""injection_rate"": 0.08, ""ls_intensity_compress"": ""moderate"", ""ls_intensity_normal"": ""light"", ""ls_time_limit"": 0.5, ""max_iterations"": 320, ""population_size"": 24, ""remove_ratio"": 0.1}"
2026-05-15T11:42:40.152471,burma14,E2BSO-TSP,29,3323.0,0.0,838.1612,1,"{""gamma"": 0.15, ""injection_rate"": 0.08, ""ls_intensity_compress"": ""moderate"", ""ls_intensity_normal"": ""light"", ""ls_time_limit"": 0.5, ""max_iterations"": 320, ""population_size"": 24, ""remove_ratio"": 0.15}","{""gamma"": 0.15, ""injection_rate"": 0.08, ""ls_intensity_compress"": ""moderate"", ""ls_intensity_normal"": ""light"", ""ls_time_limit"": 0.5, ""max_iterations"": 320, ""population_size"": 24, ""remove_ratio"": 0.15}"
2026-05-15T11:42:40.963270,burma14,E2BSO-TSP,30,3323.0,0.0,778.2641,1,"{""gamma"": 0.15, ""injection_rate"": 0.08, ""ls_intensity_compress"": ""moderate"", ""ls_intensity_normal"": ""light"", ""ls_time_limit"": 0.5, ""max_iterations"": 320, ""population_size"": 24, ""remove_ratio"": 0.2}","{""gamma"": 0.15, ""injection_rate"": 0.08, ""ls_intensity_compress"": ""moderate"", ""ls_intensity_normal"": ""light"", ""ls_time_limit"": 0.5, ""max_iterations"": 320, ""population_size"": 24, ""remove_ratio"": 0.2}"
2026-05-15T11:42:41.736241,burma14,E2BSO-TSP,31,3323.0,0.0,740.2889,1,"{""gamma"": 0.15, ""injection_rate"": 0.12, ""ls_intensity_compress"": ""moderate"", ""ls_intensity_normal"": ""light"", ""ls_time_limit"": 0.5, ""max_iterations"": 320, ""population_size"": 24, ""remove_ratio"": 0.1}","{""gamma"": 0.15, ""injection_rate"": 0.12, ""ls_intensity_compress"": ""moderate"", ""ls_intensity_normal"": ""light"", ""ls_time_limit"": 0.5, ""max_iterations"": 320, ""population_size"": 24, ""remove_ratio"": 0.1}"
2026-05-15T11:42:42.517539,burma14,E2BSO-TSP,32,3323.0,0.0,753.8291,1,"{""gamma"": 0.15, ""injection_rate"": 0.12, ""ls_intensity_compress"": ""moderate"", ""ls_intensity_normal"": ""light"", ""ls_time_limit"": 0.5, ""max_iterations"": 320, ""population_size"": 24, ""remove_ratio"": 0.15}","{""gamma"": 0.15, ""injection_rate"": 0.12, ""ls_intensity_compress"": ""moderate"", ""ls_intensity_normal"": ""light"", ""ls_time_limit"": 0.5, ""max_iterations"": 320, ""population_size"": 24, ""remove_ratio"": 0.15}"
2026-05-15T11:42:43.295226,burma14,E2BSO-TSP,33,3323.0,0.0,750.9297,1,"{""gamma"": 0.15, ""injection_rate"": 0.12, ""ls_intensity_compress"": ""moderate"", ""ls_intensity_normal"": ""light"", ""ls_time_limit"": 0.5, ""max_iterations"": 320, ""population_size"": 24, ""remove_ratio"": 0.2}","{""gamma"": 0.15, ""injection_rate"": 0.12, ""ls_intensity_compress"": ""moderate"", ""ls_intensity_normal"": ""light"", ""ls_time_limit"": 0.5, ""max_iterations"": 320, ""population_size"": 24, ""remove_ratio"": 0.2}"
2026-05-15T11:42:44.046641,burma14,E2BSO-TSP,34,3323.0,0.0,724.6637,1,"{""gamma"": 0.15, ""injection_rate"": 0.18, ""ls_intensity_compress"": ""moderate"", ""ls_intensity_normal"": ""light"", ""ls_time_limit"": 0.5, ""max_iterations"": 320, ""population_size"": 24, ""remove_ratio"": 0.1}","{""gamma"": 0.15, ""injection_rate"": 0.18, ""ls_intensity_compress"": ""moderate"", ""ls_intensity_normal"": ""light"", ""ls_time_limit"": 0.5, ""max_iterations"": 320, ""population_size"": 24, ""remove_ratio"": 0.1}"
2026-05-15T11:42:44.835793,burma14,E2BSO-TSP,35,3323.0,0.0,743.5049,1,"{""gamma"": 0.15, ""injection_rate"": 0.18, ""ls_intensity_compress"": ""moderate"", ""ls_intensity_normal"": ""light"", ""ls_time_limit"": 0.5, ""max_iterations"": 320, ""population_size"": 24, ""remove_ratio"": 0.15}","{""gamma"": 0.15, ""injection_rate"": 0.18, ""ls_intensity_compress"": ""moderate"", ""ls_intensity_normal"": ""light"", ""ls_time_limit"": 0.5, ""max_iterations"": 320, ""population_size"": 24, ""remove_ratio"": 0.15}"
2026-05-15T11:42:45.581213,burma14,E2BSO-TSP,36,3323.0,0.0,718.1211,1,"{""gamma"": 0.15, ""injection_rate"": 0.18, ""ls_intensity_compress"": ""moderate"", ""ls_intensity_normal"": ""light"", ""ls_time_limit"": 0.5, ""max_iterations"": 320, ""population_size"": 24, ""remove_ratio"": 0.2}","{""gamma"": 0.15, ""injection_rate"": 0.18, ""ls_intensity_compress"": ""moderate"", ""ls_intensity_normal"": ""light"", ""ls_time_limit"": 0.5, ""max_iterations"": 320, ""population_size"": 24, ""remove_ratio"": 0.2}"
2026-05-15T11:42:46.332183,burma14,E2BSO-TSP,37,3323.0,0.0,724.4974,1,"{""gamma"": 0.2, ""injection_rate"": 0.08, ""ls_intensity_compress"": ""moderate"", ""ls_intensity_normal"": ""light"", ""ls_time_limit"": 0.5, ""max_iterations"": 320, ""population_size"": 24, ""remove_ratio"": 0.1}","{""gamma"": 0.2, ""injection_rate"": 0.08, ""ls_intensity_compress"": ""moderate"", ""ls_intensity_normal"": ""light"", ""ls_time_limit"": 0.5, ""max_iterations"": 320, ""population_size"": 24, ""remove_ratio"": 0.1}"
2026-05-15T11:42:47.061911,burma14,E2BSO-TSP,38,3323.0,0.0,701.1713,1,"{""gamma"": 0.2, ""injection_rate"": 0.08, ""ls_intensity_compress"": ""moderate"", ""ls_intensity_normal"": ""light"", ""ls_time_limit"": 0.5, ""max_iterations"": 320, ""population_size"": 24, ""remove_ratio"": 0.15}","{""gamma"": 0.2, ""injection_rate"": 0.08, ""ls_intensity_compress"": ""moderate"", ""ls_intensity_normal"": ""light"", ""ls_time_limit"": 0.5, ""max_iterations"": 320, ""population_size"": 24, ""remove_ratio"": 0.15}"
2026-05-15T11:42:47.784281,burma14,E2BSO-TSP,39,3323.0,0.0,693.7544,1,"{""gamma"": 0.2, ""injection_rate"": 0.08, ""ls_intensity_compress"": ""moderate"", ""ls_intensity_normal"": ""light"", ""ls_time_limit"": 0.5, ""max_iterations"": 320, ""population_size"": 24, ""remove_ratio"": 0.2}","{""gamma"": 0.2, ""injection_rate"": 0.08, ""ls_intensity_compress"": ""moderate"", ""ls_intensity_normal"": ""light"", ""ls_time_limit"": 0.5, ""max_iterations"": 320, ""population_size"": 24, ""remove_ratio"": 0.2}"
2026-05-15T11:42:48.492004,burma14,E2BSO-TSP,40,3323.0,0.0,671.5103,1,"{""gamma"": 0.2, ""injection_rate"": 0.12, ""ls_intensity_compress"": ""moderate"", ""ls_intensity_normal"": ""light"", ""ls_time_limit"": 0.5, ""max_iterations"": 320, ""population_size"": 24, ""remove_ratio"": 0.1}","{""gamma"": 0.2, ""injection_rate"": 0.12, ""ls_intensity_compress"": ""moderate"", ""ls_intensity_normal"": ""light"", ""ls_time_limit"": 0.5, ""max_iterations"": 320, ""population_size"": 24, ""remove_ratio"": 0.1}"
2026-05-15T11:42:49.273406,burma14,E2BSO-TSP,41,3323.0,0.0,750.3562,1,"{""gamma"": 0.2, ""injection_rate"": 0.12, ""ls_intensity_compress"": ""moderate"", ""ls_intensity_normal"": ""light"", ""ls_time_limit"": 0.5, ""max_iterations"": 320, ""population_size"": 24, ""remove_ratio"": 0.15}","{""gamma"": 0.2, ""injection_rate"": 0.12, ""ls_intensity_compress"": ""moderate"", ""ls_intensity_normal"": ""light"", ""ls_time_limit"": 0.5, ""max_iterations"": 320, ""population_size"": 24, ""remove_ratio"": 0.15}"
2026-05-15T11:42:50.080012,burma14,E2BSO-TSP,42,3323.0,0.0,775.1887,1,"{""gamma"": 0.2, ""injection_rate"": 0.12, ""ls_intensity_compress"": ""moderate"", ""ls_intensity_normal"": ""light"", ""ls_time_limit"": 0.5, ""max_iterations"": 320, ""population_size"": 24, ""remove_ratio"": 0.2}","{""gamma"": 0.2, ""injection_rate"": 0.12, ""ls_intensity_compress"": ""moderate"", ""ls_intensity_normal"": ""light"", ""ls_time_limit"": 0.5, ""max_iterations"": 320, ""population_size"": 24, ""remove_ratio"": 0.2}"
2026-05-15T11:42:50.842820,burma14,E2BSO-TSP,43,3323.0,0.0,732.6631,1,"{""gamma"": 0.2, ""injection_rate"": 0.18, ""ls_intensity_compress"": ""moderate"", ""ls_intensity_normal"": ""light"", ""ls_time_limit"": 0.5, ""max_iterations"": 320, ""population_size"": 24, ""remove_ratio"": 0.1}","{""gamma"": 0.2, ""injection_rate"": 0.18, ""ls_intensity_compress"": ""moderate"", ""ls_intensity_normal"": ""light"", ""ls_time_limit"": 0.5, ""max_iterations"": 320, ""population_size"": 24, ""remove_ratio"": 0.1}"
2026-05-15T11:42:51.589210,burma14,E2BSO-TSP,44,3323.0,0.0,720.1204,1,"{""gamma"": 0.2, ""injection_rate"": 0.18, ""ls_intensity_compress"": ""moderate"", ""ls_intensity_normal"": ""light"", ""ls_time_limit"": 0.5, ""max_iterations"": 320, ""population_size"": 24, ""remove_ratio"": 0.15}","{""gamma"": 0.2, ""injection_rate"": 0.18, ""ls_intensity_compress"": ""moderate"", ""ls_intensity_normal"": ""light"", ""ls_time_limit"": 0.5, ""max_iterations"": 320, ""population_size"": 24, ""remove_ratio"": 0.15}"
2026-05-15T11:42:52.162447,burma14,E2BSO-TSP,45,3323.0,0.0,548.3144,1,"{""gamma"": 0.2, ""injection_rate"": 0.18, ""ls_intensity_compress"": ""moderate"", ""ls_intensity_normal"": ""light"", ""ls_time_limit"": 0.5, ""max_iterations"": 320, ""population_size"": 24, ""remove_ratio"": 0.2}","{""gamma"": 0.2, ""injection_rate"": 0.18, ""ls_intensity_compress"": ""moderate"", ""ls_intensity_normal"": ""light"", ""ls_time_limit"": 0.5, ""max_iterations"": 320, ""population_size"": 24, ""remove_ratio"": 0.2}"
2026-05-15T11:42:52.762543,burma14,E2BSO-TSP,46,3323.0,0.0,576.8419,1,"{""gamma"": 0.3, ""injection_rate"": 0.08, ""ls_intensity_compress"": ""moderate"", ""ls_intensity_normal"": ""light"", ""ls_time_limit"": 0.5, ""max_iterations"": 320, ""population_size"": 24, ""remove_ratio"": 0.1}","{""gamma"": 0.3, ""injection_rate"": 0.08, ""ls_intensity_compress"": ""moderate"", ""ls_intensity_normal"": ""light"", ""ls_time_limit"": 0.5, ""max_iterations"": 320, ""population_size"": 24, ""remove_ratio"": 0.1}"
2026-05-15T11:42:53.399692,burma14,E2BSO-TSP,47,3323.0,0.0,609.5207,1,"{""gamma"": 0.3, ""injection_rate"": 0.08, ""ls_intensity_compress"": ""moderate"", ""ls_intensity_normal"": ""light"", ""ls_time_limit"": 0.5, ""max_iterations"": 320, ""population_size"": 24, ""remove_ratio"": 0.15}","{""gamma"": 0.3, ""injection_rate"": 0.08, ""ls_intensity_compress"": ""moderate"", ""ls_intensity_normal"": ""light"", ""ls_time_limit"": 0.5, ""max_iterations"": 320, ""population_size"": 24, ""remove_ratio"": 0.15}"
2026-05-15T11:42:54.159234,burma14,E2BSO-TSP,48,3323.0,0.0,735.1077,1,"{""gamma"": 0.3, ""injection_rate"": 0.08, ""ls_intensity_compress"": ""moderate"", ""ls_intensity_normal"": ""light"", ""ls_time_limit"": 0.5, ""max_iterations"": 320, ""population_size"": 24, ""remove_ratio"": 0.2}","{""gamma"": 0.3, ""injection_rate"": 0.08, ""ls_intensity_compress"": ""moderate"", ""ls_intensity_normal"": ""light"", ""ls_time_limit"": 0.5, ""max_iterations"": 320, ""population_size"": 24, ""remove_ratio"": 0.2}"
2026-05-15T11:42:54.937529,burma14,E2BSO-TSP,49,3323.0,0.0,746.5159,1,"{""gamma"": 0.3, ""injection_rate"": 0.12, ""ls_intensity_compress"": ""moderate"", ""ls_intensity_normal"": ""light"", ""ls_time_limit"": 0.5, ""max_iterations"": 320, ""population_size"": 24, ""remove_ratio"": 0.1}","{""gamma"": 0.3, ""injection_rate"": 0.12, ""ls_intensity_compress"": ""moderate"", ""ls_intensity_normal"": ""light"", ""ls_time_limit"": 0.5, ""max_iterations"": 320, ""population_size"": 24, ""remove_ratio"": 0.1}"
2026-05-15T11:42:55.672374,burma14,E2BSO-TSP,50,3323.0,0.0,693.9153,1,"{""gamma"": 0.3, ""injection_rate"": 0.12, ""ls_intensity_compress"": ""moderate"", ""ls_intensity_normal"": ""light"", ""ls_time_limit"": 0.5, ""max_iterations"": 320, ""population_size"": 24, ""remove_ratio"": 0.15}","{""gamma"": 0.3, ""injection_rate"": 0.12, ""ls_intensity_compress"": ""moderate"", ""ls_intensity_normal"": ""light"", ""ls_time_limit"": 0.5, ""max_iterations"": 320, ""population_size"": 24, ""remove_ratio"": 0.15}"
2026-05-15T22:17:57.796306,bier127,E2BSO-TSP,2,118776.8,0.418322,66492.1981,5,"{""gamma"": 0.15, ""injection_rate"": 0.08, ""ls_intensity_compress"": ""moderate"", ""ls_intensity_normal"": ""light"", ""ls_time_limit"": 0.5, ""max_iterations"": 200, ""population_size"": 24, ""remove_ratio"": 0.1, ""time_limit"": 600.0}","{""gamma"": 0.15, ""injection_rate"": 0.08, ""ls_intensity_compress"": ""moderate"", ""ls_intensity_normal"": ""light"", ""ls_time_limit"": 0.5, ""max_iterations"": 200, ""population_size"": 24, ""remove_ratio"": 0.1, ""time_limit"": 600.0}"
2026-05-15T22:18:05.487659,bier127,E2BSO-TSP,11,118894.8,0.518084,67658.6565,5,"{""gamma"": 0.15, ""injection_rate"": 0.12, ""ls_intensity_compress"": ""moderate"", ""ls_intensity_normal"": ""light"", ""ls_time_limit"": 0.5, ""max_iterations"": 200, ""population_size"": 24, ""remove_ratio"": 0.1, ""time_limit"": 600.0}","{""gamma"": 0.15, ""injection_rate"": 0.12, ""ls_intensity_compress"": ""moderate"", ""ls_intensity_normal"": ""light"", ""ls_time_limit"": 0.5, ""max_iterations"": 200, ""population_size"": 24, ""remove_ratio"": 0.1, ""time_limit"": 600.0}"
2026-05-15T22:18:06.497770,bier127,E2BSO-TSP,6,118805.2,0.442333,68106.0027,5,"{""gamma"": 0.15, ""injection_rate"": 0.08, ""ls_intensity_compress"": ""moderate"", ""ls_intensity_normal"": ""light"", ""ls_time_limit"": 0.5, ""max_iterations"": 200, ""population_size"": 24, ""remove_ratio"": 0.15, ""time_limit"": 1200.0}","{""gamma"": 0.15, ""injection_rate"": 0.08, ""ls_intensity_compress"": ""moderate"", ""ls_intensity_normal"": ""light"", ""ls_time_limit"": 0.5, ""max_iterations"": 200, ""population_size"": 24, ""remove_ratio"": 0.15, ""time_limit"": 1200.0}"
2026-05-15T22:18:07.843241,bier127,E2BSO-TSP,8,118759.2,0.403443,68208.6009,5,"{""gamma"": 0.15, ""injection_rate"": 0.08, ""ls_intensity_compress"": ""moderate"", ""ls_intensity_normal"": ""light"", ""ls_time_limit"": 0.5, ""max_iterations"": 200, ""population_size"": 24, ""remove_ratio"": 0.2, ""time_limit"": 600.0}","{""gamma"": 0.15, ""injection_rate"": 0.08, ""ls_intensity_compress"": ""moderate"", ""ls_intensity_normal"": ""light"", ""ls_time_limit"": 0.5, ""max_iterations"": 200, ""population_size"": 24, ""remove_ratio"": 0.2, ""time_limit"": 600.0}"
2026-05-15T22:18:08.000162,bier127,E2BSO-TSP,5,118739.0,0.386365,68379.7901,5,"{""gamma"": 0.15, ""injection_rate"": 0.08, ""ls_intensity_compress"": ""moderate"", ""ls_intensity_normal"": ""light"", ""ls_time_limit"": 0.5, ""max_iterations"": 200, ""population_size"": 24, ""remove_ratio"": 0.15, ""time_limit"": 600.0}","{""gamma"": 0.15, ""injection_rate"": 0.08, ""ls_intensity_compress"": ""moderate"", ""ls_intensity_normal"": ""light"", ""ls_time_limit"": 0.5, ""max_iterations"": 200, ""population_size"": 24, ""remove_ratio"": 0.15, ""time_limit"": 600.0}"
2026-05-15T22:18:10.208005,bier127,E2BSO-TSP,1,118927.6,0.545814,68989.7242,5,"{""gamma"": 0.15, ""injection_rate"": 0.08, ""ls_intensity_compress"": ""moderate"", ""ls_intensity_normal"": ""light"", ""ls_time_limit"": 0.5, ""max_iterations"": 200, ""population_size"": 24, ""remove_ratio"": 0.1, ""time_limit"": 300.0}","{""gamma"": 0.15, ""injection_rate"": 0.08, ""ls_intensity_compress"": ""moderate"", ""ls_intensity_normal"": ""light"", ""ls_time_limit"": 0.5, ""max_iterations"": 200, ""population_size"": 24, ""remove_ratio"": 0.1, ""time_limit"": 300.0}"
2026-05-15T22:18:15.943197,bier127,E2BSO-TSP,4,118956.6,0.570332,70064.3522,5,"{""gamma"": 0.15, ""injection_rate"": 0.08, ""ls_intensity_compress"": ""moderate"", ""ls_intensity_normal"": ""light"", ""ls_time_limit"": 0.5, ""max_iterations"": 200, ""population_size"": 24, ""remove_ratio"": 0.15, ""time_limit"": 300.0}","{""gamma"": 0.15, ""injection_rate"": 0.08, ""ls_intensity_compress"": ""moderate"", ""ls_intensity_normal"": ""light"", ""ls_time_limit"": 0.5, ""max_iterations"": 200, ""population_size"": 24, ""remove_ratio"": 0.15, ""time_limit"": 300.0}"
2026-05-15T22:18:21.433870,bier127,E2BSO-TSP,9,118900.2,0.522649,70963.072,5,"{""gamma"": 0.15, ""injection_rate"": 0.08, ""ls_intensity_compress"": ""moderate"", ""ls_intensity_normal"": ""light"", ""ls_time_limit"": 0.5, ""max_iterations"": 200, ""population_size"": 24, ""remove_ratio"": 0.2, ""time_limit"": 1200.0}","{""gamma"": 0.15, ""injection_rate"": 0.08, ""ls_intensity_compress"": ""moderate"", ""ls_intensity_normal"": ""light"", ""ls_time_limit"": 0.5, ""max_iterations"": 200, ""population_size"": 24, ""remove_ratio"": 0.2, ""time_limit"": 1200.0}"
2026-05-15T22:18:26.794092,bier127,E2BSO-TSP,7,118825.8,0.459749,72153.6354,5,"{""gamma"": 0.15, ""injection_rate"": 0.08, ""ls_intensity_compress"": ""moderate"", ""ls_intensity_normal"": ""light"", ""ls_time_limit"": 0.5, ""max_iterations"": 200, ""population_size"": 24, ""remove_ratio"": 0.2, ""time_limit"": 300.0}","{""gamma"": 0.15, ""injection_rate"": 0.08, ""ls_intensity_compress"": ""moderate"", ""ls_intensity_normal"": ""light"", ""ls_time_limit"": 0.5, ""max_iterations"": 200, ""population_size"": 24, ""remove_ratio"": 0.2, ""time_limit"": 300.0}"
2026-05-15T22:18:28.290482,bier127,E2BSO-TSP,3,118661.8,0.321097,72595.4652,5,"{""gamma"": 0.15, ""injection_rate"": 0.08, ""ls_intensity_compress"": ""moderate"", ""ls_intensity_normal"": ""light"", ""ls_time_limit"": 0.5, ""max_iterations"": 200, ""population_size"": 24, ""remove_ratio"": 0.1, ""time_limit"": 1200.0}","{""gamma"": 0.15, ""injection_rate"": 0.08, ""ls_intensity_compress"": ""moderate"", ""ls_intensity_normal"": ""light"", ""ls_time_limit"": 0.5, ""max_iterations"": 200, ""population_size"": 24, ""remove_ratio"": 0.1, ""time_limit"": 1200.0}"
2026-05-15T22:18:40.332933,bier127,E2BSO-TSP,10,118773.8,0.415786,74650.5971,5,"{""gamma"": 0.15, ""injection_rate"": 0.12, ""ls_intensity_compress"": ""moderate"", ""ls_intensity_normal"": ""light"", ""ls_time_limit"": 0.5, ""max_iterations"": 200, ""population_size"": 24, ""remove_ratio"": 0.1, ""time_limit"": 300.0}","{""gamma"": 0.15, ""injection_rate"": 0.12, ""ls_intensity_compress"": ""moderate"", ""ls_intensity_normal"": ""light"", ""ls_time_limit"": 0.5, ""max_iterations"": 200, ""population_size"": 24, ""remove_ratio"": 0.1, ""time_limit"": 300.0}"
2026-05-15T22:19:50.857857,bier127,E2BSO-TSP,12,118943.2,0.559003,88728.8163,5,"{""gamma"": 0.15, ""injection_rate"": 0.12, ""ls_intensity_compress"": ""moderate"", ""ls_intensity_normal"": ""light"", ""ls_time_limit"": 0.5, ""max_iterations"": 200, ""population_size"": 24, ""remove_ratio"": 0.1, ""time_limit"": 1200.0}","{""gamma"": 0.15, ""injection_rate"": 0.12, ""ls_intensity_compress"": ""moderate"", ""ls_intensity_normal"": ""light"", ""ls_time_limit"": 0.5, ""max_iterations"": 200, ""population_size"": 24, ""remove_ratio"": 0.1, ""time_limit"": 1200.0}"
2026-05-15T22:23:50.856396,bier127,E2BSO-TSP,13,118659.6,0.319237,70606.3559,5,"{""gamma"": 0.15, ""injection_rate"": 0.12, ""ls_intensity_compress"": ""moderate"", ""ls_intensity_normal"": ""light"", ""ls_time_limit"": 0.5, ""max_iterations"": 200, ""population_size"": 24, ""remove_ratio"": 0.15, ""time_limit"": 300.0}","{""gamma"": 0.15, ""injection_rate"": 0.12, ""ls_intensity_compress"": ""moderate"", ""ls_intensity_normal"": ""light"", ""ls_time_limit"": 0.5, ""max_iterations"": 200, ""population_size"": 24, ""remove_ratio"": 0.15, ""time_limit"": 300.0}"
2026-05-15T22:23:54.819552,bier127,E2BSO-TSP,15,118771.4,0.413757,69655.1408,5,"{""gamma"": 0.15, ""injection_rate"": 0.12, ""ls_intensity_compress"": ""moderate"", ""ls_intensity_normal"": ""light"", ""ls_time_limit"": 0.5, ""max_iterations"": 200, ""population_size"": 24, ""remove_ratio"": 0.15, ""time_limit"": 1200.0}","{""gamma"": 0.15, ""injection_rate"": 0.12, ""ls_intensity_compress"": ""moderate"", ""ls_intensity_normal"": ""light"", ""ls_time_limit"": 0.5, ""max_iterations"": 200, ""population_size"": 24, ""remove_ratio"": 0.15, ""time_limit"": 1200.0}"
2026-05-15T22:23:58.200264,bier127,E2BSO-TSP,14,119107.0,0.697486,70532.9939,5,"{""gamma"": 0.15, ""injection_rate"": 0.12, ""ls_intensity_compress"": ""moderate"", ""ls_intensity_normal"": ""light"", ""ls_time_limit"": 0.5, ""max_iterations"": 200, ""population_size"": 24, ""remove_ratio"": 0.15, ""time_limit"": 600.0}","{""gamma"": 0.15, ""injection_rate"": 0.12, ""ls_intensity_compress"": ""moderate"", ""ls_intensity_normal"": ""light"", ""ls_time_limit"": 0.5, ""max_iterations"": 200, ""population_size"": 24, ""remove_ratio"": 0.15, ""time_limit"": 600.0}"
2026-05-15T22:24:05.006259,bier127,E2BSO-TSP,16,118901.6,0.523833,71426.7904,5,"{""gamma"": 0.15, ""injection_rate"": 0.12, ""ls_intensity_compress"": ""moderate"", ""ls_intensity_normal"": ""light"", ""ls_time_limit"": 0.5, ""max_iterations"": 200, ""population_size"": 24, ""remove_ratio"": 0.2, ""time_limit"": 300.0}","{""gamma"": 0.15, ""injection_rate"": 0.12, ""ls_intensity_compress"": ""moderate"", ""ls_intensity_normal"": ""light"", ""ls_time_limit"": 0.5, ""max_iterations"": 200, ""population_size"": 24, ""remove_ratio"": 0.2, ""time_limit"": 300.0}"
2026-05-15T22:24:11.544583,bier127,E2BSO-TSP,19,118829.6,0.462961,71114.5288,5,"{""gamma"": 0.15, ""injection_rate"": 0.18, ""ls_intensity_compress"": ""moderate"", ""ls_intensity_normal"": ""light"", ""ls_time_limit"": 0.5, ""max_iterations"": 200, ""population_size"": 24, ""remove_ratio"": 0.1, ""time_limit"": 300.0}","{""gamma"": 0.15, ""injection_rate"": 0.18, ""ls_intensity_compress"": ""moderate"", ""ls_intensity_normal"": ""light"", ""ls_time_limit"": 0.5, ""max_iterations"": 200, ""population_size"": 24, ""remove_ratio"": 0.1, ""time_limit"": 300.0}"
2026-05-15T22:24:15.887287,bier127,E2BSO-TSP,21,118802.6,0.440135,69809.1666,5,"{""gamma"": 0.15, ""injection_rate"": 0.18, ""ls_intensity_compress"": ""moderate"", ""ls_intensity_normal"": ""light"", ""ls_time_limit"": 0.5, ""max_iterations"": 200, ""population_size"": 24, ""remove_ratio"": 0.1, ""time_limit"": 1200.0}","{""gamma"": 0.15, ""injection_rate"": 0.18, ""ls_intensity_compress"": ""moderate"", ""ls_intensity_normal"": ""light"", ""ls_time_limit"": 0.5, ""max_iterations"": 200, ""population_size"": 24, ""remove_ratio"": 0.1, ""time_limit"": 1200.0}"
2026-05-15T22:24:17.353540,bier127,E2BSO-TSP,18,118960.4,0.573545,73417.5017,5,"{""gamma"": 0.15, ""injection_rate"": 0.12, ""ls_intensity_compress"": ""moderate"", ""ls_intensity_normal"": ""light"", ""ls_time_limit"": 0.5, ""max_iterations"": 200, ""population_size"": 24, ""remove_ratio"": 0.2, ""time_limit"": 1200.0}","{""gamma"": 0.15, ""injection_rate"": 0.12, ""ls_intensity_compress"": ""moderate"", ""ls_intensity_normal"": ""light"", ""ls_time_limit"": 0.5, ""max_iterations"": 200, ""population_size"": 24, ""remove_ratio"": 0.2, ""time_limit"": 1200.0}"
2026-05-15T22:24:18.626823,bier127,E2BSO-TSP,17,118791.2,0.430497,74117.0553,5,"{""gamma"": 0.15, ""injection_rate"": 0.12, ""ls_intensity_compress"": ""moderate"", ""ls_intensity_normal"": ""light"", ""ls_time_limit"": 0.5, ""max_iterations"": 200, ""population_size"": 24, ""remove_ratio"": 0.2, ""time_limit"": 600.0}","{""gamma"": 0.15, ""injection_rate"": 0.12, ""ls_intensity_compress"": ""moderate"", ""ls_intensity_normal"": ""light"", ""ls_time_limit"": 0.5, ""max_iterations"": 200, ""population_size"": 24, ""remove_ratio"": 0.2, ""time_limit"": 600.0}"
2026-05-15T22:24:26.498154,bier127,E2BSO-TSP,20,118659.4,0.319068,73005.7933,5,"{""gamma"": 0.15, ""injection_rate"": 0.18, ""ls_intensity_compress"": ""moderate"", ""ls_intensity_normal"": ""light"", ""ls_time_limit"": 0.5, ""max_iterations"": 200, ""population_size"": 24, ""remove_ratio"": 0.1, ""time_limit"": 600.0}","{""gamma"": 0.15, ""injection_rate"": 0.18, ""ls_intensity_compress"": ""moderate"", ""ls_intensity_normal"": ""light"", ""ls_time_limit"": 0.5, ""max_iterations"": 200, ""population_size"": 24, ""remove_ratio"": 0.1, ""time_limit"": 600.0}"
2026-05-15T22:24:47.404803,bier127,E2BSO-TSP,22,118703.4,0.356267,75814.7659,5,"{""gamma"": 0.15, ""injection_rate"": 0.18, ""ls_intensity_compress"": ""moderate"", ""ls_intensity_normal"": ""light"", ""ls_time_limit"": 0.5, ""max_iterations"": 200, ""population_size"": 24, ""remove_ratio"": 0.15, ""time_limit"": 300.0}","{""gamma"": 0.15, ""injection_rate"": 0.18, ""ls_intensity_compress"": ""moderate"", ""ls_intensity_normal"": ""light"", ""ls_time_limit"": 0.5, ""max_iterations"": 200, ""population_size"": 24, ""remove_ratio"": 0.15, ""time_limit"": 300.0}"
2026-05-15T22:25:02.280053,bier127,E2BSO-TSP,23,118682.2,0.338344,76382.4372,5,"{""gamma"": 0.15, ""injection_rate"": 0.18, ""ls_intensity_compress"": ""moderate"", ""ls_intensity_normal"": ""light"", ""ls_time_limit"": 0.5, ""max_iterations"": 200, ""population_size"": 24, ""remove_ratio"": 0.15, ""time_limit"": 600.0}","{""gamma"": 0.15, ""injection_rate"": 0.18, ""ls_intensity_compress"": ""moderate"", ""ls_intensity_normal"": ""light"", ""ls_time_limit"": 0.5, ""max_iterations"": 200, ""population_size"": 24, ""remove_ratio"": 0.15, ""time_limit"": 600.0}"
2026-05-15T22:26:11.277128,bier127,E2BSO-TSP,24,118870.4,0.497455,76077.6073,5,"{""gamma"": 0.15, ""injection_rate"": 0.18, ""ls_intensity_compress"": ""moderate"", ""ls_intensity_normal"": ""light"", ""ls_time_limit"": 0.5, ""max_iterations"": 200, ""population_size"": 24, ""remove_ratio"": 0.15, ""time_limit"": 1200.0}","{""gamma"": 0.15, ""injection_rate"": 0.18, ""ls_intensity_compress"": ""moderate"", ""ls_intensity_normal"": ""light"", ""ls_time_limit"": 0.5, ""max_iterations"": 200, ""population_size"": 24, ""remove_ratio"": 0.15, ""time_limit"": 1200.0}"
2026-05-15T22:30:10.061737,bier127,E2BSO-TSP,28,118699.2,0.352716,73004.6956,5,"{""gamma"": 0.2, ""injection_rate"": 0.08, ""ls_intensity_compress"": ""moderate"", ""ls_intensity_normal"": ""light"", ""ls_time_limit"": 0.5, ""max_iterations"": 200, ""population_size"": 24, ""remove_ratio"": 0.1, ""time_limit"": 300.0}","{""gamma"": 0.2, ""injection_rate"": 0.08, ""ls_intensity_compress"": ""moderate"", ""ls_intensity_normal"": ""light"", ""ls_time_limit"": 0.5, ""max_iterations"": 200, ""population_size"": 24, ""remove_ratio"": 0.1, ""time_limit"": 300.0}"
2026-05-15T22:30:23.188702,bier127,E2BSO-TSP,29,118659.4,0.319068,74319.9031,5,"{""gamma"": 0.2, ""injection_rate"": 0.08, ""ls_intensity_compress"": ""moderate"", ""ls_intensity_normal"": ""light"", ""ls_time_limit"": 0.5, ""max_iterations"": 200, ""population_size"": 24, ""remove_ratio"": 0.1, ""time_limit"": 600.0}","{""gamma"": 0.2, ""injection_rate"": 0.08, ""ls_intensity_compress"": ""moderate"", ""ls_intensity_normal"": ""light"", ""ls_time_limit"": 0.5, ""max_iterations"": 200, ""population_size"": 24, ""remove_ratio"": 0.1, ""time_limit"": 600.0}"
2026-05-15T22:30:24.492858,bier127,E2BSO-TSP,30,118744.6,0.391099,73712.3808,5,"{""gamma"": 0.2, ""injection_rate"": 0.08, ""ls_intensity_compress"": ""moderate"", ""ls_intensity_normal"": ""light"", ""ls_time_limit"": 0.5, ""max_iterations"": 200, ""population_size"": 24, ""remove_ratio"": 0.1, ""time_limit"": 1200.0}","{""gamma"": 0.2, ""injection_rate"": 0.08, ""ls_intensity_compress"": ""moderate"", ""ls_intensity_normal"": ""light"", ""ls_time_limit"": 0.5, ""max_iterations"": 200, ""population_size"": 24, ""remove_ratio"": 0.1, ""time_limit"": 1200.0}"
2026-05-15T22:30:26.198216,bier127,E2BSO-TSP,31,118815.8,0.451294,73761.9566,5,"{""gamma"": 0.2, ""injection_rate"": 0.08, ""ls_intensity_compress"": ""moderate"", ""ls_intensity_normal"": ""light"", ""ls_time_limit"": 0.5, ""max_iterations"": 200, ""population_size"": 24, ""remove_ratio"": 0.15, ""time_limit"": 300.0}","{""gamma"": 0.2, ""injection_rate"": 0.08, ""ls_intensity_compress"": ""moderate"", ""ls_intensity_normal"": ""light"", ""ls_time_limit"": 0.5, ""max_iterations"": 200, ""population_size"": 24, ""remove_ratio"": 0.15, ""time_limit"": 300.0}"
2026-05-15T22:30:32.607229,bier127,E2BSO-TSP,25,119002.8,0.609391,80342.6649,5,"{""gamma"": 0.15, ""injection_rate"": 0.18, ""ls_intensity_compress"": ""moderate"", ""ls_intensity_normal"": ""light"", ""ls_time_limit"": 0.5, ""max_iterations"": 200, ""population_size"": 24, ""remove_ratio"": 0.2, ""time_limit"": 300.0}","{""gamma"": 0.15, ""injection_rate"": 0.18, ""ls_intensity_compress"": ""moderate"", ""ls_intensity_normal"": ""light"", ""ls_time_limit"": 0.5, ""max_iterations"": 200, ""population_size"": 24, ""remove_ratio"": 0.2, ""time_limit"": 300.0}"
2026-05-15T22:30:36.333492,bier127,E2BSO-TSP,27,118873.4,0.499992,79619.5557,5,"{""gamma"": 0.15, ""injection_rate"": 0.18, ""ls_intensity_compress"": ""moderate"", ""ls_intensity_normal"": ""light"", ""ls_time_limit"": 0.5, ""max_iterations"": 200, ""population_size"": 24, ""remove_ratio"": 0.2, ""time_limit"": 1200.0}","{""gamma"": 0.15, ""injection_rate"": 0.18, ""ls_intensity_compress"": ""moderate"", ""ls_intensity_normal"": ""light"", ""ls_time_limit"": 0.5, ""max_iterations"": 200, ""population_size"": 24, ""remove_ratio"": 0.2, ""time_limit"": 1200.0}"
2026-05-15T22:30:40.148954,bier127,E2BSO-TSP,32,118766.6,0.409699,76295.6253,5,"{""gamma"": 0.2, ""injection_rate"": 0.08, ""ls_intensity_compress"": ""moderate"", ""ls_intensity_normal"": ""light"", ""ls_time_limit"": 0.5, ""max_iterations"": 200, ""population_size"": 24, ""remove_ratio"": 0.15, ""time_limit"": 600.0}","{""gamma"": 0.2, ""injection_rate"": 0.08, ""ls_intensity_compress"": ""moderate"", ""ls_intensity_normal"": ""light"", ""ls_time_limit"": 0.5, ""max_iterations"": 200, ""population_size"": 24, ""remove_ratio"": 0.15, ""time_limit"": 600.0}"
2026-05-15T22:30:42.964288,bier127,E2BSO-TSP,33,118657.4,0.317377,75286.6952,5,"{""gamma"": 0.2, ""injection_rate"": 0.08, ""ls_intensity_compress"": ""moderate"", ""ls_intensity_normal"": ""light"", ""ls_time_limit"": 0.5, ""max_iterations"": 200, ""population_size"": 24, ""remove_ratio"": 0.15, ""time_limit"": 1200.0}","{""gamma"": 0.2, ""injection_rate"": 0.08, ""ls_intensity_compress"": ""moderate"", ""ls_intensity_normal"": ""light"", ""ls_time_limit"": 0.5, ""max_iterations"": 200, ""population_size"": 24, ""remove_ratio"": 0.15, ""time_limit"": 1200.0}"
2026-05-15T22:30:49.058156,bier127,E2BSO-TSP,26,118673.4,0.330904,82842.2732,5,"{""gamma"": 0.15, ""injection_rate"": 0.18, ""ls_intensity_compress"": ""moderate"", ""ls_intensity_normal"": ""light"", ""ls_time_limit"": 0.5, ""max_iterations"": 200, ""population_size"": 24, ""remove_ratio"": 0.2, ""time_limit"": 600.0}","{""gamma"": 0.15, ""injection_rate"": 0.18, ""ls_intensity_compress"": ""moderate"", ""ls_intensity_normal"": ""light"", ""ls_time_limit"": 0.5, ""max_iterations"": 200, ""population_size"": 24, ""remove_ratio"": 0.2, ""time_limit"": 600.0}"
2026-05-15T22:31:08.702563,bier127,E2BSO-TSP,34,118678.6,0.3353,76252.9074,5,"{""gamma"": 0.2, ""injection_rate"": 0.08, ""ls_intensity_compress"": ""moderate"", ""ls_intensity_normal"": ""light"", ""ls_time_limit"": 0.5, ""max_iterations"": 200, ""population_size"": 24, ""remove_ratio"": 0.2, ""time_limit"": 300.0}","{""gamma"": 0.2, ""injection_rate"": 0.08, ""ls_intensity_compress"": ""moderate"", ""ls_intensity_normal"": ""light"", ""ls_time_limit"": 0.5, ""max_iterations"": 200, ""population_size"": 24, ""remove_ratio"": 0.2, ""time_limit"": 300.0}"
2026-05-15T22:31:21.014921,bier127,E2BSO-TSP,35,118671.2,0.329044,75739.435,5,"{""gamma"": 0.2, ""injection_rate"": 0.08, ""ls_intensity_compress"": ""moderate"", ""ls_intensity_normal"": ""light"", ""ls_time_limit"": 0.5, ""max_iterations"": 200, ""population_size"": 24, ""remove_ratio"": 0.2, ""time_limit"": 600.0}","{""gamma"": 0.2, ""injection_rate"": 0.08, ""ls_intensity_compress"": ""moderate"", ""ls_intensity_normal"": ""light"", ""ls_time_limit"": 0.5, ""max_iterations"": 200, ""population_size"": 24, ""remove_ratio"": 0.2, ""time_limit"": 600.0}"
2026-05-15T22:32:33.626803,bier127,E2BSO-TSP,36,118657.2,0.317208,76463.265,5,"{""gamma"": 0.2, ""injection_rate"": 0.08, ""ls_intensity_compress"": ""moderate"", ""ls_intensity_normal"": ""light"", ""ls_time_limit"": 0.5, ""max_iterations"": 200, ""population_size"": 24, ""remove_ratio"": 0.2, ""time_limit"": 1200.0}","{""gamma"": 0.2, ""injection_rate"": 0.08, ""ls_intensity_compress"": ""moderate"", ""ls_intensity_normal"": ""light"", ""ls_time_limit"": 0.5, ""max_iterations"": 200, ""population_size"": 24, ""remove_ratio"": 0.2, ""time_limit"": 1200.0}"
2026-05-15T22:36:23.216428,bier127,E2BSO-TSP,37,118669.4,0.327522,74622.3138,5,"{""gamma"": 0.2, ""injection_rate"": 0.12, ""ls_intensity_compress"": ""moderate"", ""ls_intensity_normal"": ""light"", ""ls_time_limit"": 0.5, ""max_iterations"": 200, ""population_size"": 24, ""remove_ratio"": 0.1, ""time_limit"": 300.0}","{""gamma"": 0.2, ""injection_rate"": 0.12, ""ls_intensity_compress"": ""moderate"", ""ls_intensity_normal"": ""light"", ""ls_time_limit"": 0.5, ""max_iterations"": 200, ""population_size"": 24, ""remove_ratio"": 0.1, ""time_limit"": 300.0}"
2026-05-15T22:36:29.483244,bier127,E2BSO-TSP,39,118947.4,0.562554,72991.3815,5,"{""gamma"": 0.2, ""injection_rate"": 0.12, ""ls_intensity_compress"": ""moderate"", ""ls_intensity_normal"": ""light"", ""ls_time_limit"": 0.5, ""max_iterations"": 200, ""population_size"": 24, ""remove_ratio"": 0.1, ""time_limit"": 1200.0}","{""gamma"": 0.2, ""injection_rate"": 0.12, ""ls_intensity_compress"": ""moderate"", ""ls_intensity_normal"": ""light"", ""ls_time_limit"": 0.5, ""max_iterations"": 200, ""population_size"": 24, ""remove_ratio"": 0.1, ""time_limit"": 1200.0}"
2026-05-15T22:36:31.282843,bier127,E2BSO-TSP,38,118907.0,0.528398,73612.8336,5,"{""gamma"": 0.2, ""injection_rate"": 0.12, ""ls_intensity_compress"": ""moderate"", ""ls_intensity_normal"": ""light"", ""ls_time_limit"": 0.5, ""max_iterations"": 200, ""population_size"": 24, ""remove_ratio"": 0.1, ""time_limit"": 600.0}","{""gamma"": 0.2, ""injection_rate"": 0.12, ""ls_intensity_compress"": ""moderate"", ""ls_intensity_normal"": ""light"", ""ls_time_limit"": 0.5, ""max_iterations"": 200, ""population_size"": 24, ""remove_ratio"": 0.1, ""time_limit"": 600.0}"
2026-05-15T22:36:50.192906,bier127,E2BSO-TSP,40,118667.8,0.32617,76792.7119,5,"{""gamma"": 0.2, ""injection_rate"": 0.12, ""ls_intensity_compress"": ""moderate"", ""ls_intensity_normal"": ""light"", ""ls_time_limit"": 0.5, ""max_iterations"": 200, ""population_size"": 24, ""remove_ratio"": 0.15, ""time_limit"": 300.0}","{""gamma"": 0.2, ""injection_rate"": 0.12, ""ls_intensity_compress"": ""moderate"", ""ls_intensity_normal"": ""light"", ""ls_time_limit"": 0.5, ""max_iterations"": 200, ""population_size"": 24, ""remove_ratio"": 0.15, ""time_limit"": 300.0}"
2026-05-15T22:36:53.926785,bier127,E2BSO-TSP,41,118838.0,0.470063,76253.4353,5,"{""gamma"": 0.2, ""injection_rate"": 0.12, ""ls_intensity_compress"": ""moderate"", ""ls_intensity_normal"": ""light"", ""ls_time_limit"": 0.5, ""max_iterations"": 200, ""population_size"": 24, ""remove_ratio"": 0.15, ""time_limit"": 600.0}","{""gamma"": 0.2, ""injection_rate"": 0.12, ""ls_intensity_compress"": ""moderate"", ""ls_intensity_normal"": ""light"", ""ls_time_limit"": 0.5, ""max_iterations"": 200, ""population_size"": 24, ""remove_ratio"": 0.15, ""time_limit"": 600.0}"
2026-05-15T22:36:55.467738,bier127,E2BSO-TSP,42,118800.0,0.437936,75818.8958,5,"{""gamma"": 0.2, ""injection_rate"": 0.12, ""ls_intensity_compress"": ""moderate"", ""ls_intensity_normal"": ""light"", ""ls_time_limit"": 0.5, ""max_iterations"": 200, ""population_size"": 24, ""remove_ratio"": 0.15, ""time_limit"": 1200.0}","{""gamma"": 0.2, ""injection_rate"": 0.12, ""ls_intensity_compress"": ""moderate"", ""ls_intensity_normal"": ""light"", ""ls_time_limit"": 0.5, ""max_iterations"": 200, ""population_size"": 24, ""remove_ratio"": 0.15, ""time_limit"": 1200.0}"
2026-05-15T22:37:15.102381,bier127,E2BSO-TSP,43,118686.8,0.342233,78984.1364,5,"{""gamma"": 0.2, ""injection_rate"": 0.12, ""ls_intensity_compress"": ""moderate"", ""ls_intensity_normal"": ""light"", ""ls_time_limit"": 0.5, ""max_iterations"": 200, ""population_size"": 24, ""remove_ratio"": 0.2, ""time_limit"": 300.0}","{""gamma"": 0.2, ""injection_rate"": 0.12, ""ls_intensity_compress"": ""moderate"", ""ls_intensity_normal"": ""light"", ""ls_time_limit"": 0.5, ""max_iterations"": 200, ""population_size"": 24, ""remove_ratio"": 0.2, ""time_limit"": 300.0}"
2026-05-15T22:37:19.080152,bier127,E2BSO-TSP,44,118797.8,0.436076,79215.4658,5,"{""gamma"": 0.2, ""injection_rate"": 0.12, ""ls_intensity_compress"": ""moderate"", ""ls_intensity_normal"": ""light"", ""ls_time_limit"": 0.5, ""max_iterations"": 200, ""population_size"": 24, ""remove_ratio"": 0.2, ""time_limit"": 600.0}","{""gamma"": 0.2, ""injection_rate"": 0.12, ""ls_intensity_compress"": ""moderate"", ""ls_intensity_normal"": ""light"", ""ls_time_limit"": 0.5, ""max_iterations"": 200, ""population_size"": 24, ""remove_ratio"": 0.2, ""time_limit"": 600.0}"
2026-05-15T22:37:25.457188,bier127,E2BSO-TSP,45,118845.2,0.47615,79272.6926,5,"{""gamma"": 0.2, ""injection_rate"": 0.12, ""ls_intensity_compress"": ""moderate"", ""ls_intensity_normal"": ""light"", ""ls_time_limit"": 0.5, ""max_iterations"": 200, ""population_size"": 24, ""remove_ratio"": 0.2, ""time_limit"": 1200.0}","{""gamma"": 0.2, ""injection_rate"": 0.12, ""ls_intensity_compress"": ""moderate"", ""ls_intensity_normal"": ""light"", ""ls_time_limit"": 0.5, ""max_iterations"": 200, ""population_size"": 24, ""remove_ratio"": 0.2, ""time_limit"": 1200.0}"
2026-05-15T22:37:33.823066,bier127,E2BSO-TSP,46,118632.4,0.296241,77016.3356,5,"{""gamma"": 0.2, ""injection_rate"": 0.18, ""ls_intensity_compress"": ""moderate"", ""ls_intensity_normal"": ""light"", ""ls_time_limit"": 0.5, ""max_iterations"": 200, ""population_size"": 24, ""remove_ratio"": 0.1, ""time_limit"": 300.0}","{""gamma"": 0.2, ""injection_rate"": 0.18, ""ls_intensity_compress"": ""moderate"", ""ls_intensity_normal"": ""light"", ""ls_time_limit"": 0.5, ""max_iterations"": 200, ""population_size"": 24, ""remove_ratio"": 0.1, ""time_limit"": 300.0}"
2026-05-15T22:37:45.711523,bier127,E2BSO-TSP,47,118783.6,0.424071,76928.8488,5,"{""gamma"": 0.2, ""injection_rate"": 0.18, ""ls_intensity_compress"": ""moderate"", ""ls_intensity_normal"": ""light"", ""ls_time_limit"": 0.5, ""max_iterations"": 200, ""population_size"": 24, ""remove_ratio"": 0.1, ""time_limit"": 600.0}","{""gamma"": 0.2, ""injection_rate"": 0.18, ""ls_intensity_compress"": ""moderate"", ""ls_intensity_normal"": ""light"", ""ls_time_limit"": 0.5, ""max_iterations"": 200, ""population_size"": 24, ""remove_ratio"": 0.1, ""time_limit"": 600.0}"
2026-05-15T22:38:55.170826,bier127,E2BSO-TSP,48,118901.2,0.523495,76301.824,5,"{""gamma"": 0.2, ""injection_rate"": 0.18, ""ls_intensity_compress"": ""moderate"", ""ls_intensity_normal"": ""light"", ""ls_time_limit"": 0.5, ""max_iterations"": 200, ""population_size"": 24, ""remove_ratio"": 0.1, ""time_limit"": 1200.0}","{""gamma"": 0.2, ""injection_rate"": 0.18, ""ls_intensity_compress"": ""moderate"", ""ls_intensity_normal"": ""light"", ""ls_time_limit"": 0.5, ""max_iterations"": 200, ""population_size"": 24, ""remove_ratio"": 0.1, ""time_limit"": 1200.0}"
2026-05-15T22:42:29.727724,bier127,E2BSO-TSP,49,118847.2,0.477841,73295.6341,5,"{""gamma"": 0.2, ""injection_rate"": 0.18, ""ls_intensity_compress"": ""moderate"", ""ls_intensity_normal"": ""light"", ""ls_time_limit"": 0.5, ""max_iterations"": 200, ""population_size"": 24, ""remove_ratio"": 0.15, ""time_limit"": 300.0}","{""gamma"": 0.2, ""injection_rate"": 0.18, ""ls_intensity_compress"": ""moderate"", ""ls_intensity_normal"": ""light"", ""ls_time_limit"": 0.5, ""max_iterations"": 200, ""population_size"": 24, ""remove_ratio"": 0.15, ""time_limit"": 300.0}"
2026-05-15T22:42:42.463421,bier127,E2BSO-TSP,50,118770.6,0.413081,74588.8543,5,"{""gamma"": 0.2, ""injection_rate"": 0.18, ""ls_intensity_compress"": ""moderate"", ""ls_intensity_normal"": ""light"", ""ls_time_limit"": 0.5, ""max_iterations"": 200, ""population_size"": 24, ""remove_ratio"": 0.15, ""time_limit"": 600.0}","{""gamma"": 0.2, ""injection_rate"": 0.18, ""ls_intensity_compress"": ""moderate"", ""ls_intensity_normal"": ""light"", ""ls_time_limit"": 0.5, ""max_iterations"": 200, ""population_size"": 24, ""remove_ratio"": 0.15, ""time_limit"": 600.0}"
2026-05-15T22:46:25.200195,bier127,E2BSO-TSP-CPSO,1,119375.2,0.924232,118772.8475,5,"{""c1"": 1.0, ""c2"": 1.0, ""gamma"": 0.15, ""inertia"": 0.5, ""injection_rate"": 0.08, ""ls_intensity_compress"": ""moderate"", ""ls_intensity_normal"": ""light"", ""ls_time_limit"": 0.5, ""max_iterations"": 200, ""population_size"": 24, ""remove_ratio"": 0.1, ""time_limit"": 300.0}","{""c1"": 1.0, ""c2"": 1.0, ""gamma"": 0.15, ""inertia"": 0.5, ""injection_rate"": 0.08, ""ls_intensity_compress"": ""moderate"", ""ls_intensity_normal"": ""light"", ""ls_time_limit"": 0.5, ""max_iterations"": 200, ""population_size"": 24, ""remove_ratio"": 0.1, ""time_limit"": 300.0}"
2026-05-15T22:46:39.968332,bier127,E2BSO-TSP-CPSO,3,119420.4,0.962446,117203.5994,5,"{""c1"": 1.0, ""c2"": 1.0, ""gamma"": 0.15, ""inertia"": 0.5, ""injection_rate"": 0.08, ""ls_intensity_compress"": ""moderate"", ""ls_intensity_normal"": ""light"", ""ls_time_limit"": 0.5, ""max_iterations"": 200, ""population_size"": 24, ""remove_ratio"": 0.1, ""time_limit"": 1200.0}","{""c1"": 1.0, ""c2"": 1.0, ""gamma"": 0.15, ""inertia"": 0.5, ""injection_rate"": 0.08, ""ls_intensity_compress"": ""moderate"", ""ls_intensity_normal"": ""light"", ""ls_time_limit"": 0.5, ""max_iterations"": 200, ""population_size"": 24, ""remove_ratio"": 0.1, ""time_limit"": 1200.0}"
2026-05-15T22:46:41.749643,bier127,E2BSO-TSP-CPSO,2,119064.8,0.661808,118304.4495,5,"{""c1"": 1.0, ""c2"": 1.0, ""gamma"": 0.15, ""inertia"": 0.5, ""injection_rate"": 0.08, ""ls_intensity_compress"": ""moderate"", ""ls_intensity_normal"": ""light"", ""ls_time_limit"": 0.5, ""max_iterations"": 200, ""population_size"": 24, ""remove_ratio"": 0.1, ""time_limit"": 600.0}","{""c1"": 1.0, ""c2"": 1.0, ""gamma"": 0.15, ""inertia"": 0.5, ""injection_rate"": 0.08, ""ls_intensity_compress"": ""moderate"", ""ls_intensity_normal"": ""light"", ""ls_time_limit"": 0.5, ""max_iterations"": 200, ""population_size"": 24, ""remove_ratio"": 0.1, ""time_limit"": 600.0}"
2026-05-15T22:46:52.018108,bier127,E2BSO-TSP-CPSO,4,118974.2,0.585212,119303.7743,5,"{""c1"": 1.0, ""c2"": 1.0, ""gamma"": 0.15, ""inertia"": 0.7, ""injection_rate"": 0.08, ""ls_intensity_compress"": ""moderate"", ""ls_intensity_normal"": ""light"", ""ls_time_limit"": 0.5, ""max_iterations"": 200, ""population_size"": 24, ""remove_ratio"": 0.1, ""time_limit"": 300.0}","{""c1"": 1.0, ""c2"": 1.0, ""gamma"": 0.15, ""inertia"": 0.7, ""injection_rate"": 0.08, ""ls_intensity_compress"": ""moderate"", ""ls_intensity_normal"": ""light"", ""ls_time_limit"": 0.5, ""max_iterations"": 200, ""population_size"": 24, ""remove_ratio"": 0.1, ""time_limit"": 300.0}"
2026-05-15T22:46:52.415672,bier127,E2BSO-TSP-CPSO,6,119144.4,0.729105,114660.5581,5,"{""c1"": 1.0, ""c2"": 1.0, ""gamma"": 0.15, ""inertia"": 0.7, ""injection_rate"": 0.08, ""ls_intensity_compress"": ""moderate"", ""ls_intensity_normal"": ""light"", ""ls_time_limit"": 0.5, ""max_iterations"": 200, ""population_size"": 24, ""remove_ratio"": 0.1, ""time_limit"": 1200.0}","{""c1"": 1.0, ""c2"": 1.0, ""gamma"": 0.15, ""inertia"": 0.7, ""injection_rate"": 0.08, ""ls_intensity_compress"": ""moderate"", ""ls_intensity_normal"": ""light"", ""ls_time_limit"": 0.5, ""max_iterations"": 200, ""population_size"": 24, ""remove_ratio"": 0.1, ""time_limit"": 1200.0}"
2026-05-15T22:47:13.593369,bier127,E2BSO-TSP-CPSO,7,119092.4,0.685142,117610.7887,5,"{""c1"": 1.0, ""c2"": 1.0, ""gamma"": 0.15, ""inertia"": 0.9, ""injection_rate"": 0.08, ""ls_intensity_compress"": ""moderate"", ""ls_intensity_normal"": ""light"", ""ls_time_limit"": 0.5, ""max_iterations"": 200, ""population_size"": 24, ""remove_ratio"": 0.1, ""time_limit"": 300.0}","{""c1"": 1.0, ""c2"": 1.0, ""gamma"": 0.15, ""inertia"": 0.9, ""injection_rate"": 0.08, ""ls_intensity_compress"": ""moderate"", ""ls_intensity_normal"": ""light"", ""ls_time_limit"": 0.5, ""max_iterations"": 200, ""population_size"": 24, ""remove_ratio"": 0.1, ""time_limit"": 300.0}"
2026-05-15T22:47:15.034121,bier127,E2BSO-TSP-CPSO,5,119028.4,0.631034,119977.1192,5,"{""c1"": 1.0, ""c2"": 1.0, ""gamma"": 0.15, ""inertia"": 0.7, ""injection_rate"": 0.08, ""ls_intensity_compress"": ""moderate"", ""ls_intensity_normal"": ""light"", ""ls_time_limit"": 0.5, ""max_iterations"": 200, ""population_size"": 24, ""remove_ratio"": 0.1, ""time_limit"": 600.0}","{""c1"": 1.0, ""c2"": 1.0, ""gamma"": 0.15, ""inertia"": 0.7, ""injection_rate"": 0.08, ""ls_intensity_compress"": ""moderate"", ""ls_intensity_normal"": ""light"", ""ls_time_limit"": 0.5, ""max_iterations"": 200, ""population_size"": 24, ""remove_ratio"": 0.1, ""time_limit"": 600.0}"
2026-05-15T22:47:20.469528,bier127,E2BSO-TSP-CPSO,8,119054.4,0.653016,117322.3622,5,"{""c1"": 1.0, ""c2"": 1.0, ""gamma"": 0.15, ""inertia"": 0.9, ""injection_rate"": 0.08, ""ls_intensity_compress"": ""moderate"", ""ls_intensity_normal"": ""light"", ""ls_time_limit"": 0.5, ""max_iterations"": 200, ""population_size"": 24, ""remove_ratio"": 0.1, ""time_limit"": 600.0}","{""c1"": 1.0, ""c2"": 1.0, ""gamma"": 0.15, ""inertia"": 0.9, ""injection_rate"": 0.08, ""ls_intensity_compress"": ""moderate"", ""ls_intensity_normal"": ""light"", ""ls_time_limit"": 0.5, ""max_iterations"": 200, ""population_size"": 24, ""remove_ratio"": 0.1, ""time_limit"": 600.0}"
2026-05-15T22:47:51.532502,bier127,E2BSO-TSP-CPSO,9,119070.8,0.666881,121157.5071,5,"{""c1"": 1.0, ""c2"": 1.0, ""gamma"": 0.15, ""inertia"": 0.9, ""injection_rate"": 0.08, ""ls_intensity_compress"": ""moderate"", ""ls_intensity_normal"": ""light"", ""ls_time_limit"": 0.5, ""max_iterations"": 200, ""population_size"": 24, ""remove_ratio"": 0.1, ""time_limit"": 1200.0}","{""c1"": 1.0, ""c2"": 1.0, ""gamma"": 0.15, ""inertia"": 0.9, ""injection_rate"": 0.08, ""ls_intensity_compress"": ""moderate"", ""ls_intensity_normal"": ""light"", ""ls_time_limit"": 0.5, ""max_iterations"": 200, ""population_size"": 24, ""remove_ratio"": 0.1, ""time_limit"": 1200.0}"
2026-05-15T22:48:58.127988,bier127,E2BSO-TSP-CPSO,10,119143.6,0.728429,120585.1082,5,"{""c1"": 1.0, ""c2"": 1.5, ""gamma"": 0.15, ""inertia"": 0.5, ""injection_rate"": 0.08, ""ls_intensity_compress"": ""moderate"", ""ls_intensity_normal"": ""light"", ""ls_time_limit"": 0.5, ""max_iterations"": 200, ""population_size"": 24, ""remove_ratio"": 0.1, ""time_limit"": 300.0}","{""c1"": 1.0, ""c2"": 1.5, ""gamma"": 0.15, ""inertia"": 0.5, ""injection_rate"": 0.08, ""ls_intensity_compress"": ""moderate"", ""ls_intensity_normal"": ""light"", ""ls_time_limit"": 0.5, ""max_iterations"": 200, ""population_size"": 24, ""remove_ratio"": 0.1, ""time_limit"": 300.0}"
2026-05-15T22:54:14.951224,bier127,E2BSO-TSP-CPSO,11,119016.4,0.620889,141034.4303,5,"{""c1"": 1.0, ""c2"": 1.5, ""gamma"": 0.15, ""inertia"": 0.5, ""injection_rate"": 0.08, ""ls_intensity_compress"": ""moderate"", ""ls_intensity_normal"": ""light"", ""ls_time_limit"": 0.5, ""max_iterations"": 200, ""population_size"": 24, ""remove_ratio"": 0.1, ""time_limit"": 600.0}","{""c1"": 1.0, ""c2"": 1.5, ""gamma"": 0.15, ""inertia"": 0.5, ""injection_rate"": 0.08, ""ls_intensity_compress"": ""moderate"", ""ls_intensity_normal"": ""light"", ""ls_time_limit"": 0.5, ""max_iterations"": 200, ""population_size"": 24, ""remove_ratio"": 0.1, ""time_limit"": 600.0}"
2026-05-15T22:54:57.526315,bier127,E2BSO-TSP-CPSO,12,118895.4,0.518591,147002.1922,5,"{""c1"": 1.0, ""c2"": 1.5, ""gamma"": 0.15, ""inertia"": 0.5, ""injection_rate"": 0.08, ""ls_intensity_compress"": ""moderate"", ""ls_intensity_normal"": ""light"", ""ls_time_limit"": 0.5, ""max_iterations"": 200, ""population_size"": 24, ""remove_ratio"": 0.1, ""time_limit"": 1200.0}","{""c1"": 1.0, ""c2"": 1.5, ""gamma"": 0.15, ""inertia"": 0.5, ""injection_rate"": 0.08, ""ls_intensity_compress"": ""moderate"", ""ls_intensity_normal"": ""light"", ""ls_time_limit"": 0.5, ""max_iterations"": 200, ""population_size"": 24, ""remove_ratio"": 0.1, ""time_limit"": 1200.0}"
2026-05-15T22:59:17.873464,bier127,E2BSO-TSP-CPSO,13,119278.6,0.842563,154516.0542,5,"{""c1"": 1.0, ""c2"": 1.5, ""gamma"": 0.15, ""inertia"": 0.7, ""injection_rate"": 0.08, ""ls_intensity_compress"": ""moderate"", ""ls_intensity_normal"": ""light"", ""ls_time_limit"": 0.5, ""max_iterations"": 200, ""population_size"": 24, ""remove_ratio"": 0.1, ""time_limit"": 300.0}","{""c1"": 1.0, ""c2"": 1.5, ""gamma"": 0.15, ""inertia"": 0.7, ""injection_rate"": 0.08, ""ls_intensity_compress"": ""moderate"", ""ls_intensity_normal"": ""light"", ""ls_time_limit"": 0.5, ""max_iterations"": 200, ""population_size"": 24, ""remove_ratio"": 0.1, ""time_limit"": 300.0}"
2026-05-15T22:59:42.926110,bier127,E2BSO-TSP-CPSO,15,118945.2,0.560694,156230.7952,5,"{""c1"": 1.0, ""c2"": 1.5, ""gamma"": 0.15, ""inertia"": 0.7, ""injection_rate"": 0.08, ""ls_intensity_compress"": ""moderate"", ""ls_intensity_normal"": ""light"", ""ls_time_limit"": 0.5, ""max_iterations"": 200, ""population_size"": 24, ""remove_ratio"": 0.1, ""time_limit"": 1200.0}","{""c1"": 1.0, ""c2"": 1.5, ""gamma"": 0.15, ""inertia"": 0.7, ""injection_rate"": 0.08, ""ls_intensity_compress"": ""moderate"", ""ls_intensity_normal"": ""light"", ""ls_time_limit"": 0.5, ""max_iterations"": 200, ""population_size"": 24, ""remove_ratio"": 0.1, ""time_limit"": 1200.0}"
2026-05-15T22:59:58.628023,bier127,E2BSO-TSP-CPSO,17,119229.0,0.800629,157237.6311,5,"{""c1"": 1.0, ""c2"": 1.5, ""gamma"": 0.15, ""inertia"": 0.9, ""injection_rate"": 0.08, ""ls_intensity_compress"": ""moderate"", ""ls_intensity_normal"": ""light"", ""ls_time_limit"": 0.5, ""max_iterations"": 200, ""population_size"": 24, ""remove_ratio"": 0.1, ""time_limit"": 600.0}","{""c1"": 1.0, ""c2"": 1.5, ""gamma"": 0.15, ""inertia"": 0.9, ""injection_rate"": 0.08, ""ls_intensity_compress"": ""moderate"", ""ls_intensity_normal"": ""light"", ""ls_time_limit"": 0.5, ""max_iterations"": 200, ""population_size"": 24, ""remove_ratio"": 0.1, ""time_limit"": 600.0}"
2026-05-15T22:59:59.887582,bier127,E2BSO-TSP-CPSO,14,119006.4,0.612435,159968.8249,5,"{""c1"": 1.0, ""c2"": 1.5, ""gamma"": 0.15, ""inertia"": 0.7, ""injection_rate"": 0.08, ""ls_intensity_compress"": ""moderate"", ""ls_intensity_normal"": ""light"", ""ls_time_limit"": 0.5, ""max_iterations"": 200, ""population_size"": 24, ""remove_ratio"": 0.1, ""time_limit"": 600.0}","{""c1"": 1.0, ""c2"": 1.5, ""gamma"": 0.15, ""inertia"": 0.7, ""injection_rate"": 0.08, ""ls_intensity_compress"": ""moderate"", ""ls_intensity_normal"": ""light"", ""ls_time_limit"": 0.5, ""max_iterations"": 200, ""population_size"": 24, ""remove_ratio"": 0.1, ""time_limit"": 600.0}"
2026-05-15T23:00:16.795198,bier127,E2BSO-TSP-CPSO,16,119261.6,0.82819,160951.0701,5,"{""c1"": 1.0, ""c2"": 1.5, ""gamma"": 0.15, ""inertia"": 0.9, ""injection_rate"": 0.08, ""ls_intensity_compress"": ""moderate"", ""ls_intensity_normal"": ""light"", ""ls_time_limit"": 0.5, ""max_iterations"": 200, ""population_size"": 24, ""remove_ratio"": 0.1, ""time_limit"": 300.0}","{""c1"": 1.0, ""c2"": 1.5, ""gamma"": 0.15, ""inertia"": 0.9, ""injection_rate"": 0.08, ""ls_intensity_compress"": ""moderate"", ""ls_intensity_normal"": ""light"", ""ls_time_limit"": 0.5, ""max_iterations"": 200, ""population_size"": 24, ""remove_ratio"": 0.1, ""time_limit"": 300.0}"
2026-05-15T23:00:36.899384,bier127,E2BSO-TSP-CPSO,18,119116.2,0.705264,160656.7395,5,"{""c1"": 1.0, ""c2"": 1.5, ""gamma"": 0.15, ""inertia"": 0.9, ""injection_rate"": 0.08, ""ls_intensity_compress"": ""moderate"", ""ls_intensity_normal"": ""light"", ""ls_time_limit"": 0.5, ""max_iterations"": 200, ""population_size"": 24, ""remove_ratio"": 0.1, ""time_limit"": 1200.0}","{""c1"": 1.0, ""c2"": 1.5, ""gamma"": 0.15, ""inertia"": 0.9, ""injection_rate"": 0.08, ""ls_intensity_compress"": ""moderate"", ""ls_intensity_normal"": ""light"", ""ls_time_limit"": 0.5, ""max_iterations"": 200, ""population_size"": 24, ""remove_ratio"": 0.1, ""time_limit"": 1200.0}"
2026-05-15T23:00:43.233631,bier127,E2BSO-TSP-CPSO,19,118933.2,0.550549,161636.1738,5,"{""c1"": 1.0, ""c2"": 2.0, ""gamma"": 0.15, ""inertia"": 0.5, ""injection_rate"": 0.08, ""ls_intensity_compress"": ""moderate"", ""ls_intensity_normal"": ""light"", ""ls_time_limit"": 0.5, ""max_iterations"": 200, ""population_size"": 24, ""remove_ratio"": 0.1, ""time_limit"": 300.0}","{""c1"": 1.0, ""c2"": 2.0, ""gamma"": 0.15, ""inertia"": 0.5, ""injection_rate"": 0.08, ""ls_intensity_compress"": ""moderate"", ""ls_intensity_normal"": ""light"", ""ls_time_limit"": 0.5, ""max_iterations"": 200, ""population_size"": 24, ""remove_ratio"": 0.1, ""time_limit"": 300.0}"
2026-05-15T23:00:49.968398,bier127,E2BSO-TSP-CPSO,20,119178.8,0.758188,161876.6109,5,"{""c1"": 1.0, ""c2"": 2.0, ""gamma"": 0.15, ""inertia"": 0.5, ""injection_rate"": 0.08, ""ls_intensity_compress"": ""moderate"", ""ls_intensity_normal"": ""light"", ""ls_time_limit"": 0.5, ""max_iterations"": 200, ""population_size"": 24, ""remove_ratio"": 0.1, ""time_limit"": 600.0}","{""c1"": 1.0, ""c2"": 2.0, ""gamma"": 0.15, ""inertia"": 0.5, ""injection_rate"": 0.08, ""ls_intensity_compress"": ""moderate"", ""ls_intensity_normal"": ""light"", ""ls_time_limit"": 0.5, ""max_iterations"": 200, ""population_size"": 24, ""remove_ratio"": 0.1, ""time_limit"": 600.0}"
2026-05-15T23:01:23.116913,bier127,E2BSO-TSP-CPSO,21,119063.6,0.660794,162297.5959,5,"{""c1"": 1.0, ""c2"": 2.0, ""gamma"": 0.15, ""inertia"": 0.5, ""injection_rate"": 0.08, ""ls_intensity_compress"": ""moderate"", ""ls_intensity_normal"": ""light"", ""ls_time_limit"": 0.5, ""max_iterations"": 200, ""population_size"": 24, ""remove_ratio"": 0.1, ""time_limit"": 1200.0}","{""c1"": 1.0, ""c2"": 2.0, ""gamma"": 0.15, ""inertia"": 0.5, ""injection_rate"": 0.08, ""ls_intensity_compress"": ""moderate"", ""ls_intensity_normal"": ""light"", ""ls_time_limit"": 0.5, ""max_iterations"": 200, ""population_size"": 24, ""remove_ratio"": 0.1, ""time_limit"": 1200.0}"
2026-05-15T23:02:41.401228,bier127,E2BSO-TSP-CPSO,22,119040.8,0.641518,164644.5961,5,"{""c1"": 1.0, ""c2"": 2.0, ""gamma"": 0.15, ""inertia"": 0.7, ""injection_rate"": 0.08, ""ls_intensity_compress"": ""moderate"", ""ls_intensity_normal"": ""light"", ""ls_time_limit"": 0.5, ""max_iterations"": 200, ""population_size"": 24, ""remove_ratio"": 0.1, ""time_limit"": 300.0}","{""c1"": 1.0, ""c2"": 2.0, ""gamma"": 0.15, ""inertia"": 0.7, ""injection_rate"": 0.08, ""ls_intensity_compress"": ""moderate"", ""ls_intensity_normal"": ""light"", ""ls_time_limit"": 0.5, ""max_iterations"": 200, ""population_size"": 24, ""remove_ratio"": 0.1, ""time_limit"": 300.0}"
2026-05-15T23:07:45.081355,bier127,E2BSO-TSP-CPSO,23,118958.4,0.571854,162013.0979,5,"{""c1"": 1.0, ""c2"": 2.0, ""gamma"": 0.15, ""inertia"": 0.7, ""injection_rate"": 0.08, ""ls_intensity_compress"": ""moderate"", ""ls_intensity_normal"": ""light"", ""ls_time_limit"": 0.5, ""max_iterations"": 200, ""population_size"": 24, ""remove_ratio"": 0.1, ""time_limit"": 600.0}","{""c1"": 1.0, ""c2"": 2.0, ""gamma"": 0.15, ""inertia"": 0.7, ""injection_rate"": 0.08, ""ls_intensity_compress"": ""moderate"", ""ls_intensity_normal"": ""light"", ""ls_time_limit"": 0.5, ""max_iterations"": 200, ""population_size"": 24, ""remove_ratio"": 0.1, ""time_limit"": 600.0}"
2026-05-15T23:08:15.651623,bier127,E2BSO-TSP-CPSO,24,119046.2,0.646083,159607.2064,5,"{""c1"": 1.0, ""c2"": 2.0, ""gamma"": 0.15, ""inertia"": 0.7, ""injection_rate"": 0.08, ""ls_intensity_compress"": ""moderate"", ""ls_intensity_normal"": ""light"", ""ls_time_limit"": 0.5, ""max_iterations"": 200, ""population_size"": 24, ""remove_ratio"": 0.1, ""time_limit"": 1200.0}","{""c1"": 1.0, ""c2"": 2.0, ""gamma"": 0.15, ""inertia"": 0.7, ""injection_rate"": 0.08, ""ls_intensity_compress"": ""moderate"", ""ls_intensity_normal"": ""light"", ""ls_time_limit"": 0.5, ""max_iterations"": 200, ""population_size"": 24, ""remove_ratio"": 0.1, ""time_limit"": 1200.0}"
2026-05-15T23:12:58.503894,bier127,E2BSO-TSP-CPSO,25,119062.8,0.660117,164113.73,5,"{""c1"": 1.0, ""c2"": 2.0, ""gamma"": 0.15, ""inertia"": 0.9, ""injection_rate"": 0.08, ""ls_intensity_compress"": ""moderate"", ""ls_intensity_normal"": ""light"", ""ls_time_limit"": 0.5, ""max_iterations"": 200, ""population_size"": 24, ""remove_ratio"": 0.1, ""time_limit"": 300.0}","{""c1"": 1.0, ""c2"": 2.0, ""gamma"": 0.15, ""inertia"": 0.9, ""injection_rate"": 0.08, ""ls_intensity_compress"": ""moderate"", ""ls_intensity_normal"": ""light"", ""ls_time_limit"": 0.5, ""max_iterations"": 200, ""population_size"": 24, ""remove_ratio"": 0.1, ""time_limit"": 300.0}"
2026-05-15T23:13:05.219940,bier127,E2BSO-TSP-CPSO,26,119231.6,0.802827,160440.3682,5,"{""c1"": 1.0, ""c2"": 2.0, ""gamma"": 0.15, ""inertia"": 0.9, ""injection_rate"": 0.08, ""ls_intensity_compress"": ""moderate"", ""ls_intensity_normal"": ""light"", ""ls_time_limit"": 0.5, ""max_iterations"": 200, ""population_size"": 24, ""remove_ratio"": 0.1, ""time_limit"": 600.0}","{""c1"": 1.0, ""c2"": 2.0, ""gamma"": 0.15, ""inertia"": 0.9, ""injection_rate"": 0.08, ""ls_intensity_compress"": ""moderate"", ""ls_intensity_normal"": ""light"", ""ls_time_limit"": 0.5, ""max_iterations"": 200, ""population_size"": 24, ""remove_ratio"": 0.1, ""time_limit"": 600.0}"
2026-05-15T23:13:05.342830,bier127,E2BSO-TSP-CPSO,28,118883.6,0.508615,157066.6809,5,"{""c1"": 1.5, ""c2"": 1.0, ""gamma"": 0.15, ""inertia"": 0.5, ""injection_rate"": 0.08, ""ls_intensity_compress"": ""moderate"", ""ls_intensity_normal"": ""light"", ""ls_time_limit"": 0.5, ""max_iterations"": 200, ""population_size"": 24, ""remove_ratio"": 0.1, ""time_limit"": 300.0}","{""c1"": 1.5, ""c2"": 1.0, ""gamma"": 0.15, ""inertia"": 0.5, ""injection_rate"": 0.08, ""ls_intensity_compress"": ""moderate"", ""ls_intensity_normal"": ""light"", ""ls_time_limit"": 0.5, ""max_iterations"": 200, ""population_size"": 24, ""remove_ratio"": 0.1, ""time_limit"": 300.0}"
2026-05-15T23:14:05.258383,bier127,E2BSO-TSP-CPSO,30,119021.4,0.625116,161634.7419,5,"{""c1"": 1.5, ""c2"": 1.0, ""gamma"": 0.15, ""inertia"": 0.5, ""injection_rate"": 0.08, ""ls_intensity_compress"": ""moderate"", ""ls_intensity_normal"": ""light"", ""ls_time_limit"": 0.5, ""max_iterations"": 200, ""population_size"": 24, ""remove_ratio"": 0.1, ""time_limit"": 1200.0}","{""c1"": 1.5, ""c2"": 1.0, ""gamma"": 0.15, ""inertia"": 0.5, ""injection_rate"": 0.08, ""ls_intensity_compress"": ""moderate"", ""ls_intensity_normal"": ""light"", ""ls_time_limit"": 0.5, ""max_iterations"": 200, ""population_size"": 24, ""remove_ratio"": 0.1, ""time_limit"": 1200.0}"
2026-05-15T23:14:14.402810,bier127,E2BSO-TSP-CPSO,27,118958.2,0.571685,171137.2938,5,"{""c1"": 1.0, ""c2"": 2.0, ""gamma"": 0.15, ""inertia"": 0.9, ""injection_rate"": 0.08, ""ls_intensity_compress"": ""moderate"", ""ls_intensity_normal"": ""light"", ""ls_time_limit"": 0.5, ""max_iterations"": 200, ""population_size"": 24, ""remove_ratio"": 0.1, ""time_limit"": 1200.0}","{""c1"": 1.0, ""c2"": 2.0, ""gamma"": 0.15, ""inertia"": 0.9, ""injection_rate"": 0.08, ""ls_intensity_compress"": ""moderate"", ""ls_intensity_normal"": ""light"", ""ls_time_limit"": 0.5, ""max_iterations"": 200, ""population_size"": 24, ""remove_ratio"": 0.1, ""time_limit"": 1200.0}"
2026-05-15T23:14:27.559370,bier127,E2BSO-TSP-CPSO,29,119207.4,0.782368,170117.8353,5,"{""c1"": 1.5, ""c2"": 1.0, ""gamma"": 0.15, ""inertia"": 0.5, ""injection_rate"": 0.08, ""ls_intensity_compress"": ""moderate"", ""ls_intensity_normal"": ""light"", ""ls_time_limit"": 0.5, ""max_iterations"": 200, ""population_size"": 24, ""remove_ratio"": 0.1, ""time_limit"": 600.0}","{""c1"": 1.5, ""c2"": 1.0, ""gamma"": 0.15, ""inertia"": 0.5, ""injection_rate"": 0.08, ""ls_intensity_compress"": ""moderate"", ""ls_intensity_normal"": ""light"", ""ls_time_limit"": 0.5, ""max_iterations"": 200, ""population_size"": 24, ""remove_ratio"": 0.1, ""time_limit"": 600.0}"
2026-05-15T23:14:41.908554,bier127,E2BSO-TSP-CPSO,31,119057.6,0.655721,167693.5916,5,"{""c1"": 1.5, ""c2"": 1.0, ""gamma"": 0.15, ""inertia"": 0.7, ""injection_rate"": 0.08, ""ls_intensity_compress"": ""moderate"", ""ls_intensity_normal"": ""light"", ""ls_time_limit"": 0.5, ""max_iterations"": 200, ""population_size"": 24, ""remove_ratio"": 0.1, ""time_limit"": 300.0}","{""c1"": 1.5, ""c2"": 1.0, ""gamma"": 0.15, ""inertia"": 0.7, ""injection_rate"": 0.08, ""ls_intensity_compress"": ""moderate"", ""ls_intensity_normal"": ""light"", ""ls_time_limit"": 0.5, ""max_iterations"": 200, ""population_size"": 24, ""remove_ratio"": 0.1, ""time_limit"": 300.0}"
2026-05-15T23:14:50.238802,bier127,E2BSO-TSP-CPSO,32,119126.6,0.714056,168037.0851,5,"{""c1"": 1.5, ""c2"": 1.0, ""gamma"": 0.15, ""inertia"": 0.7, ""injection_rate"": 0.08, ""ls_intensity_compress"": ""moderate"", ""ls_intensity_normal"": ""light"", ""ls_time_limit"": 0.5, ""max_iterations"": 200, ""population_size"": 24, ""remove_ratio"": 0.1, ""time_limit"": 600.0}","{""c1"": 1.5, ""c2"": 1.0, ""gamma"": 0.15, ""inertia"": 0.7, ""injection_rate"": 0.08, ""ls_intensity_compress"": ""moderate"", ""ls_intensity_normal"": ""light"", ""ls_time_limit"": 0.5, ""max_iterations"": 200, ""population_size"": 24, ""remove_ratio"": 0.1, ""time_limit"": 600.0}"
2026-05-15T23:15:21.928171,bier127,E2BSO-TSP-CPSO,33,119214.4,0.788286,167738.6013,5,"{""c1"": 1.5, ""c2"": 1.0, ""gamma"": 0.15, ""inertia"": 0.7, ""injection_rate"": 0.08, ""ls_intensity_compress"": ""moderate"", ""ls_intensity_normal"": ""light"", ""ls_time_limit"": 0.5, ""max_iterations"": 200, ""population_size"": 24, ""remove_ratio"": 0.1, ""time_limit"": 1200.0}","{""c1"": 1.5, ""c2"": 1.0, ""gamma"": 0.15, ""inertia"": 0.7, ""injection_rate"": 0.08, ""ls_intensity_compress"": ""moderate"", ""ls_intensity_normal"": ""light"", ""ls_time_limit"": 0.5, ""max_iterations"": 200, ""population_size"": 24, ""remove_ratio"": 0.1, ""time_limit"": 1200.0}"
2026-05-15T23:16:39.698977,bier127,E2BSO-TSP-CPSO,34,119010.0,0.615478,167638.0569,5,"{""c1"": 1.5, ""c2"": 1.0, ""gamma"": 0.15, ""inertia"": 0.9, ""injection_rate"": 0.08, ""ls_intensity_compress"": ""moderate"", ""ls_intensity_normal"": ""light"", ""ls_time_limit"": 0.5, ""max_iterations"": 200, ""population_size"": 24, ""remove_ratio"": 0.1, ""time_limit"": 300.0}","{""c1"": 1.5, ""c2"": 1.0, ""gamma"": 0.15, ""inertia"": 0.9, ""injection_rate"": 0.08, ""ls_intensity_compress"": ""moderate"", ""ls_intensity_normal"": ""light"", ""ls_time_limit"": 0.5, ""max_iterations"": 200, ""population_size"": 24, ""remove_ratio"": 0.1, ""time_limit"": 300.0}"
2026-05-15T23:20:53.873781,bier127,E2BSO-TSP-CPSO,35,119069.2,0.665528,157755.0559,5,"{""c1"": 1.5, ""c2"": 1.0, ""gamma"": 0.15, ""inertia"": 0.9, ""injection_rate"": 0.08, ""ls_intensity_compress"": ""moderate"", ""ls_intensity_normal"": ""light"", ""ls_time_limit"": 0.5, ""max_iterations"": 200, ""population_size"": 24, ""remove_ratio"": 0.1, ""time_limit"": 600.0}","{""c1"": 1.5, ""c2"": 1.0, ""gamma"": 0.15, ""inertia"": 0.9, ""injection_rate"": 0.08, ""ls_intensity_compress"": ""moderate"", ""ls_intensity_normal"": ""light"", ""ls_time_limit"": 0.5, ""max_iterations"": 200, ""population_size"": 24, ""remove_ratio"": 0.1, ""time_limit"": 600.0}"
2026-05-15T23:21:12.212451,bier127,E2BSO-TSP-CPSO,36,119228.6,0.800291,155307.3247,5,"{""c1"": 1.5, ""c2"": 1.0, ""gamma"": 0.15, ""inertia"": 0.9, ""injection_rate"": 0.08, ""ls_intensity_compress"": ""moderate"", ""ls_intensity_normal"": ""light"", ""ls_time_limit"": 0.5, ""max_iterations"": 200, ""population_size"": 24, ""remove_ratio"": 0.1, ""time_limit"": 1200.0}","{""c1"": 1.5, ""c2"": 1.0, ""gamma"": 0.15, ""inertia"": 0.9, ""injection_rate"": 0.08, ""ls_intensity_compress"": ""moderate"", ""ls_intensity_normal"": ""light"", ""ls_time_limit"": 0.5, ""max_iterations"": 200, ""population_size"": 24, ""remove_ratio"": 0.1, ""time_limit"": 1200.0}"
2026-05-15T23:25:18.705485,bier127,E2BSO-TSP-CPSO,39,118922.2,0.541249,146647.2634,5,"{""c1"": 1.5, ""c2"": 1.5, ""gamma"": 0.15, ""inertia"": 0.5, ""injection_rate"": 0.08, ""ls_intensity_compress"": ""moderate"", ""ls_intensity_normal"": ""light"", ""ls_time_limit"": 0.5, ""max_iterations"": 200, ""population_size"": 24, ""remove_ratio"": 0.1, ""time_limit"": 1200.0}","{""c1"": 1.5, ""c2"": 1.5, ""gamma"": 0.15, ""inertia"": 0.5, ""injection_rate"": 0.08, ""ls_intensity_compress"": ""moderate"", ""ls_intensity_normal"": ""light"", ""ls_time_limit"": 0.5, ""max_iterations"": 200, ""population_size"": 24, ""remove_ratio"": 0.1, ""time_limit"": 1200.0}"
2026-05-15T23:25:21.572489,bier127,E2BSO-TSP-CPSO,38,119298.6,0.859471,147258.9001,5,"{""c1"": 1.5, ""c2"": 1.5, ""gamma"": 0.15, ""inertia"": 0.5, ""injection_rate"": 0.08, ""ls_intensity_compress"": ""moderate"", ""ls_intensity_normal"": ""light"", ""ls_time_limit"": 0.5, ""max_iterations"": 200, ""population_size"": 24, ""remove_ratio"": 0.1, ""time_limit"": 600.0}","{""c1"": 1.5, ""c2"": 1.5, ""gamma"": 0.15, ""inertia"": 0.5, ""injection_rate"": 0.08, ""ls_intensity_compress"": ""moderate"", ""ls_intensity_normal"": ""light"", ""ls_time_limit"": 0.5, ""max_iterations"": 200, ""population_size"": 24, ""remove_ratio"": 0.1, ""time_limit"": 600.0}"
2026-05-15T23:25:52.553215,bier127,E2BSO-TSP-CPSO,37,119094.8,0.687171,154805.2044,5,"{""c1"": 1.5, ""c2"": 1.5, ""gamma"": 0.15, ""inertia"": 0.5, ""injection_rate"": 0.08, ""ls_intensity_compress"": ""moderate"", ""ls_intensity_normal"": ""light"", ""ls_time_limit"": 0.5, ""max_iterations"": 200, ""population_size"": 24, ""remove_ratio"": 0.1, ""time_limit"": 300.0}","{""c1"": 1.5, ""c2"": 1.5, ""gamma"": 0.15, ""inertia"": 0.5, ""injection_rate"": 0.08, ""ls_intensity_compress"": ""moderate"", ""ls_intensity_normal"": ""light"", ""ls_time_limit"": 0.5, ""max_iterations"": 200, ""population_size"": 24, ""remove_ratio"": 0.1, ""time_limit"": 300.0}"
2026-05-15T23:26:10.864877,bier127,E2BSO-TSP-CPSO,40,119298.4,0.859302,145085.7402,5,"{""c1"": 1.5, ""c2"": 1.5, ""gamma"": 0.15, ""inertia"": 0.7, ""injection_rate"": 0.08, ""ls_intensity_compress"": ""moderate"", ""ls_intensity_normal"": ""light"", ""ls_time_limit"": 0.5, ""max_iterations"": 200, ""population_size"": 24, ""remove_ratio"": 0.1, ""time_limit"": 300.0}","{""c1"": 1.5, ""c2"": 1.5, ""gamma"": 0.15, ""inertia"": 0.7, ""injection_rate"": 0.08, ""ls_intensity_compress"": ""moderate"", ""ls_intensity_normal"": ""light"", ""ls_time_limit"": 0.5, ""max_iterations"": 200, ""population_size"": 24, ""remove_ratio"": 0.1, ""time_limit"": 300.0}"
2026-05-15T23:26:21.294094,bier127,E2BSO-TSP-CPSO,42,119122.6,0.710674,142715.0643,5,"{""c1"": 1.5, ""c2"": 1.5, ""gamma"": 0.15, ""inertia"": 0.7, ""injection_rate"": 0.08, ""ls_intensity_compress"": ""moderate"", ""ls_intensity_normal"": ""light"", ""ls_time_limit"": 0.5, ""max_iterations"": 200, ""population_size"": 24, ""remove_ratio"": 0.1, ""time_limit"": 1200.0}","{""c1"": 1.5, ""c2"": 1.5, ""gamma"": 0.15, ""inertia"": 0.7, ""injection_rate"": 0.08, ""ls_intensity_compress"": ""moderate"", ""ls_intensity_normal"": ""light"", ""ls_time_limit"": 0.5, ""max_iterations"": 200, ""population_size"": 24, ""remove_ratio"": 0.1, ""time_limit"": 1200.0}"
2026-05-15T23:26:23.737563,bier127,E2BSO-TSP-CPSO,41,119083.2,0.677364,145801.4933,5,"{""c1"": 1.5, ""c2"": 1.5, ""gamma"": 0.15, ""inertia"": 0.7, ""injection_rate"": 0.08, ""ls_intensity_compress"": ""moderate"", ""ls_intensity_normal"": ""light"", ""ls_time_limit"": 0.5, ""max_iterations"": 200, ""population_size"": 24, ""remove_ratio"": 0.1, ""time_limit"": 600.0}","{""c1"": 1.5, ""c2"": 1.5, ""gamma"": 0.15, ""inertia"": 0.7, ""injection_rate"": 0.08, ""ls_intensity_compress"": ""moderate"", ""ls_intensity_normal"": ""light"", ""ls_time_limit"": 0.5, ""max_iterations"": 200, ""population_size"": 24, ""remove_ratio"": 0.1, ""time_limit"": 600.0}"
2026-05-15T23:26:55.319327,bier127,E2BSO-TSP-CPSO,44,119189.8,0.767488,144991.1557,5,"{""c1"": 1.5, ""c2"": 1.5, ""gamma"": 0.15, ""inertia"": 0.9, ""injection_rate"": 0.08, ""ls_intensity_compress"": ""moderate"", ""ls_intensity_normal"": ""light"", ""ls_time_limit"": 0.5, ""max_iterations"": 200, ""population_size"": 24, ""remove_ratio"": 0.1, ""time_limit"": 600.0}","{""c1"": 1.5, ""c2"": 1.5, ""gamma"": 0.15, ""inertia"": 0.9, ""injection_rate"": 0.08, ""ls_intensity_compress"": ""moderate"", ""ls_intensity_normal"": ""light"", ""ls_time_limit"": 0.5, ""max_iterations"": 200, ""population_size"": 24, ""remove_ratio"": 0.1, ""time_limit"": 600.0}"
2026-05-15T23:27:03.967537,bier127,E2BSO-TSP-CPSO,43,119199.8,0.775942,148316.9295,5,"{""c1"": 1.5, ""c2"": 1.5, ""gamma"": 0.15, ""inertia"": 0.9, ""injection_rate"": 0.08, ""ls_intensity_compress"": ""moderate"", ""ls_intensity_normal"": ""light"", ""ls_time_limit"": 0.5, ""max_iterations"": 200, ""population_size"": 24, ""remove_ratio"": 0.1, ""time_limit"": 300.0}","{""c1"": 1.5, ""c2"": 1.5, ""gamma"": 0.15, ""inertia"": 0.9, ""injection_rate"": 0.08, ""ls_intensity_compress"": ""moderate"", ""ls_intensity_normal"": ""light"", ""ls_time_limit"": 0.5, ""max_iterations"": 200, ""population_size"": 24, ""remove_ratio"": 0.1, ""time_limit"": 300.0}"
2026-05-15T23:27:25.467020,bier127,E2BSO-TSP-CPSO,45,119070.8,0.666881,144701.2117,5,"{""c1"": 1.5, ""c2"": 1.5, ""gamma"": 0.15, ""inertia"": 0.9, ""injection_rate"": 0.08, ""ls_intensity_compress"": ""moderate"", ""ls_intensity_normal"": ""light"", ""ls_time_limit"": 0.5, ""max_iterations"": 200, ""population_size"": 24, ""remove_ratio"": 0.1, ""time_limit"": 1200.0}","{""c1"": 1.5, ""c2"": 1.5, ""gamma"": 0.15, ""inertia"": 0.9, ""injection_rate"": 0.08, ""ls_intensity_compress"": ""moderate"", ""ls_intensity_normal"": ""light"", ""ls_time_limit"": 0.5, ""max_iterations"": 200, ""population_size"": 24, ""remove_ratio"": 0.1, ""time_limit"": 1200.0}"
2026-05-15T23:28:03.752981,bier127,E2BSO-TSP-CPSO,46,118867.6,0.495088,136804.3264,5,"{""c1"": 1.5, ""c2"": 2.0, ""gamma"": 0.15, ""inertia"": 0.5, ""injection_rate"": 0.08, ""ls_intensity_compress"": ""moderate"", ""ls_intensity_normal"": ""light"", ""ls_time_limit"": 0.5, ""max_iterations"": 200, ""population_size"": 24, ""remove_ratio"": 0.1, ""time_limit"": 300.0}","{""c1"": 1.5, ""c2"": 2.0, ""gamma"": 0.15, ""inertia"": 0.5, ""injection_rate"": 0.08, ""ls_intensity_compress"": ""moderate"", ""ls_intensity_normal"": ""light"", ""ls_time_limit"": 0.5, ""max_iterations"": 200, ""population_size"": 24, ""remove_ratio"": 0.1, ""time_limit"": 300.0}"
2026-05-15T23:32:16.249207,bier127,E2BSO-TSP-CPSO,47,119188.6,0.766473,136458.3328,5,"{""c1"": 1.5, ""c2"": 2.0, ""gamma"": 0.15, ""inertia"": 0.5, ""injection_rate"": 0.08, ""ls_intensity_compress"": ""moderate"", ""ls_intensity_normal"": ""light"", ""ls_time_limit"": 0.5, ""max_iterations"": 200, ""population_size"": 24, ""remove_ratio"": 0.1, ""time_limit"": 600.0}","{""c1"": 1.5, ""c2"": 2.0, ""gamma"": 0.15, ""inertia"": 0.5, ""injection_rate"": 0.08, ""ls_intensity_compress"": ""moderate"", ""ls_intensity_normal"": ""light"", ""ls_time_limit"": 0.5, ""max_iterations"": 200, ""population_size"": 24, ""remove_ratio"": 0.1, ""time_limit"": 600.0}"
2026-05-15T23:32:38.280657,bier127,E2BSO-TSP-CPSO,48,119112.0,0.701713,137198.8412,5,"{""c1"": 1.5, ""c2"": 2.0, ""gamma"": 0.15, ""inertia"": 0.5, ""injection_rate"": 0.08, ""ls_intensity_compress"": ""moderate"", ""ls_intensity_normal"": ""light"", ""ls_time_limit"": 0.5, ""max_iterations"": 200, ""population_size"": 24, ""remove_ratio"": 0.1, ""time_limit"": 1200.0}","{""c1"": 1.5, ""c2"": 2.0, ""gamma"": 0.15, ""inertia"": 0.5, ""injection_rate"": 0.08, ""ls_intensity_compress"": ""moderate"", ""ls_intensity_normal"": ""light"", ""ls_time_limit"": 0.5, ""max_iterations"": 200, ""population_size"": 24, ""remove_ratio"": 0.1, ""time_limit"": 1200.0}"
2026-05-15T23:37:04.776141,bier127,E2BSO-TSP-CPSO,49,119451.0,0.988316,141198.1692,5,"{""c1"": 1.5, ""c2"": 2.0, ""gamma"": 0.15, ""inertia"": 0.7, ""injection_rate"": 0.08, ""ls_intensity_compress"": ""moderate"", ""ls_intensity_normal"": ""light"", ""ls_time_limit"": 0.5, ""max_iterations"": 200, ""population_size"": 24, ""remove_ratio"": 0.1, ""time_limit"": 300.0}","{""c1"": 1.5, ""c2"": 2.0, ""gamma"": 0.15, ""inertia"": 0.7, ""injection_rate"": 0.08, ""ls_intensity_compress"": ""moderate"", ""ls_intensity_normal"": ""light"", ""ls_time_limit"": 0.5, ""max_iterations"": 200, ""population_size"": 24, ""remove_ratio"": 0.1, ""time_limit"": 300.0}"
2026-05-15T23:37:12.795495,bier127,E2BSO-TSP-CPSO,50,119050.0,0.649296,142224.9131,5,"{""c1"": 1.5, ""c2"": 2.0, ""gamma"": 0.15, ""inertia"": 0.7, ""injection_rate"": 0.08, ""ls_intensity_compress"": ""moderate"", ""ls_intensity_normal"": ""light"", ""ls_time_limit"": 0.5, ""max_iterations"": 200, ""population_size"": 24, ""remove_ratio"": 0.1, ""time_limit"": 600.0}","{""c1"": 1.5, ""c2"": 2.0, ""gamma"": 0.15, ""inertia"": 0.7, ""injection_rate"": 0.08, ""ls_intensity_compress"": ""moderate"", ""ls_intensity_normal"": ""light"", ""ls_time_limit"": 0.5, ""max_iterations"": 200, ""population_size"": 24, ""remove_ratio"": 0.1, ""time_limit"": 600.0}"
2026-05-15T23:48:12.223220,bier127,R2DMA-TSP,1,118492.6,0.178049,267905.0019,5,"{""ls_time_limit"": 0.5, ""max_iterations"": 200, ""population_size"": 24, ""pulse_injection_rate"": 0.05, ""remove_ratio"": 0.1, ""theta_base"": 0.15, ""time_limit"": 300.0}","{""ls_time_limit"": 0.5, ""max_iterations"": 200, ""population_size"": 24, ""pulse_injection_rate"": 0.05, ""remove_ratio"": 0.1, ""theta_base"": 0.15, ""time_limit"": 300.0}"
2026-05-15T23:48:36.548133,bier127,R2DMA-TSP,4,118464.2,0.154039,266545.248,5,"{""ls_time_limit"": 0.5, ""max_iterations"": 200, ""population_size"": 24, ""pulse_injection_rate"": 0.1, ""remove_ratio"": 0.1, ""theta_base"": 0.15, ""time_limit"": 300.0}","{""ls_time_limit"": 0.5, ""max_iterations"": 200, ""population_size"": 24, ""pulse_injection_rate"": 0.1, ""remove_ratio"": 0.1, ""theta_base"": 0.15, ""time_limit"": 300.0}"
2026-05-15T23:49:11.643858,bier127,R2DMA-TSP,3,118397.6,0.097733,274048.7888,5,"{""ls_time_limit"": 0.5, ""max_iterations"": 200, ""population_size"": 24, ""pulse_injection_rate"": 0.05, ""remove_ratio"": 0.1, ""theta_base"": 0.15, ""time_limit"": 1200.0}","{""ls_time_limit"": 0.5, ""max_iterations"": 200, ""population_size"": 24, ""pulse_injection_rate"": 0.05, ""remove_ratio"": 0.1, ""theta_base"": 0.15, ""time_limit"": 1200.0}"
2026-05-15T23:49:57.125525,bier127,R2DMA-TSP,8,118599.6,0.268511,262665.5161,5,"{""ls_time_limit"": 0.5, ""max_iterations"": 200, ""population_size"": 24, ""pulse_injection_rate"": 0.15, ""remove_ratio"": 0.1, ""theta_base"": 0.15, ""time_limit"": 600.0}","{""ls_time_limit"": 0.5, ""max_iterations"": 200, ""population_size"": 24, ""pulse_injection_rate"": 0.15, ""remove_ratio"": 0.1, ""theta_base"": 0.15, ""time_limit"": 600.0}"
2026-05-15T23:50:02.129187,bier127,R2DMA-TSP,7,118411.0,0.109061,271323.2574,5,"{""ls_time_limit"": 0.5, ""max_iterations"": 200, ""population_size"": 24, ""pulse_injection_rate"": 0.15, ""remove_ratio"": 0.1, ""theta_base"": 0.15, ""time_limit"": 300.0}","{""ls_time_limit"": 0.5, ""max_iterations"": 200, ""population_size"": 24, ""pulse_injection_rate"": 0.15, ""remove_ratio"": 0.1, ""theta_base"": 0.15, ""time_limit"": 300.0}"
2026-05-15T23:50:38.136723,bier127,R2DMA-TSP,2,118360.2,0.066113,293444.2318,5,"{""ls_time_limit"": 0.5, ""max_iterations"": 200, ""population_size"": 24, ""pulse_injection_rate"": 0.05, ""remove_ratio"": 0.1, ""theta_base"": 0.15, ""time_limit"": 600.0}","{""ls_time_limit"": 0.5, ""max_iterations"": 200, ""population_size"": 24, ""pulse_injection_rate"": 0.05, ""remove_ratio"": 0.1, ""theta_base"": 0.15, ""time_limit"": 600.0}"
2026-05-15T23:51:35.119228,bier127,R2DMA-TSP,6,118321.8,0.033648,294225.7255,5,"{""ls_time_limit"": 0.5, ""max_iterations"": 200, ""population_size"": 24, ""pulse_injection_rate"": 0.1, ""remove_ratio"": 0.1, ""theta_base"": 0.15, ""time_limit"": 1200.0}","{""ls_time_limit"": 0.5, ""max_iterations"": 200, ""population_size"": 24, ""pulse_injection_rate"": 0.1, ""remove_ratio"": 0.1, ""theta_base"": 0.15, ""time_limit"": 1200.0}"
2026-05-15T23:52:14.099890,bier127,R2DMA-TSP,5,118391.0,0.092153,303750.0365,5,"{""ls_time_limit"": 0.5, ""max_iterations"": 200, ""population_size"": 24, ""pulse_injection_rate"": 0.1, ""remove_ratio"": 0.1, ""theta_base"": 0.15, ""time_limit"": 600.0}","{""ls_time_limit"": 0.5, ""max_iterations"": 200, ""population_size"": 24, ""pulse_injection_rate"": 0.1, ""remove_ratio"": 0.1, ""theta_base"": 0.15, ""time_limit"": 600.0}"
2026-05-15T23:54:55.725301,bier127,R2DMA-TSP,9,118318.2,0.030605,271884.2744,5,"{""ls_time_limit"": 0.5, ""max_iterations"": 200, ""population_size"": 24, ""pulse_injection_rate"": 0.15, ""remove_ratio"": 0.1, ""theta_base"": 0.15, ""time_limit"": 1200.0}","{""ls_time_limit"": 0.5, ""max_iterations"": 200, ""population_size"": 24, ""pulse_injection_rate"": 0.15, ""remove_ratio"": 0.1, ""theta_base"": 0.15, ""time_limit"": 1200.0}"
2026-05-15T23:55:36.292677,bier127,R2DMA-TSP,10,118473.8,0.162155,275585.9472,5,"{""ls_time_limit"": 0.5, ""max_iterations"": 200, ""population_size"": 24, ""pulse_injection_rate"": 0.05, ""remove_ratio"": 0.15, ""theta_base"": 0.15, ""time_limit"": 300.0}","{""ls_time_limit"": 0.5, ""max_iterations"": 200, ""population_size"": 24, ""pulse_injection_rate"": 0.05, ""remove_ratio"": 0.15, ""theta_base"": 0.15, ""time_limit"": 300.0}"
2026-05-16T00:00:24.620691,bier127,R2DMA-TSP,12,118474.6,0.162831,278360.4313,5,"{""ls_time_limit"": 0.5, ""max_iterations"": 200, ""population_size"": 24, ""pulse_injection_rate"": 0.05, ""remove_ratio"": 0.15, ""theta_base"": 0.15, ""time_limit"": 1200.0}","{""ls_time_limit"": 0.5, ""max_iterations"": 200, ""population_size"": 24, ""pulse_injection_rate"": 0.05, ""remove_ratio"": 0.15, ""theta_base"": 0.15, ""time_limit"": 1200.0}"
2026-05-16T00:00:29.736582,bier127,R2DMA-TSP,11,118418.2,0.115149,280985.3395,5,"{""ls_time_limit"": 0.5, ""max_iterations"": 200, ""population_size"": 24, ""pulse_injection_rate"": 0.05, ""remove_ratio"": 0.15, ""theta_base"": 0.15, ""time_limit"": 600.0}","{""ls_time_limit"": 0.5, ""max_iterations"": 200, ""population_size"": 24, ""pulse_injection_rate"": 0.05, ""remove_ratio"": 0.15, ""theta_base"": 0.15, ""time_limit"": 600.0}"
2026-05-16T00:13:19.456768,bier127,R2DMA-TSP,13,118393.4,0.094182,301422.7551,5,"{""ls_time_limit"": 0.5, ""max_iterations"": 200, ""population_size"": 24, ""pulse_injection_rate"": 0.1, ""remove_ratio"": 0.15, ""theta_base"": 0.15, ""time_limit"": 300.0}","{""ls_time_limit"": 0.5, ""max_iterations"": 200, ""population_size"": 24, ""pulse_injection_rate"": 0.1, ""remove_ratio"": 0.15, ""theta_base"": 0.15, ""time_limit"": 300.0}"
2026-05-16T00:14:33.235895,bier127,R2DMA-TSP,16,118457.4,0.14829,295191.7256,5,"{""ls_time_limit"": 0.5, ""max_iterations"": 200, ""population_size"": 24, ""pulse_injection_rate"": 0.15, ""remove_ratio"": 0.15, ""theta_base"": 0.15, ""time_limit"": 300.0}","{""ls_time_limit"": 0.5, ""max_iterations"": 200, ""population_size"": 24, ""pulse_injection_rate"": 0.15, ""remove_ratio"": 0.15, ""theta_base"": 0.15, ""time_limit"": 300.0}"
2026-05-16T00:15:18.804016,bier127,R2DMA-TSP,14,118359.2,0.065268,320441.5947,5,"{""ls_time_limit"": 0.5, ""max_iterations"": 200, ""population_size"": 24, ""pulse_injection_rate"": 0.1, ""remove_ratio"": 0.15, ""theta_base"": 0.15, ""time_limit"": 600.0}","{""ls_time_limit"": 0.5, ""max_iterations"": 200, ""population_size"": 24, ""pulse_injection_rate"": 0.1, ""remove_ratio"": 0.15, ""theta_base"": 0.15, ""time_limit"": 600.0}"
2026-05-16T00:15:19.342366,bier127,R2DMA-TSP,15,118454.0,0.145415,313498.8495,5,"{""ls_time_limit"": 0.5, ""max_iterations"": 200, ""population_size"": 24, ""pulse_injection_rate"": 0.1, ""remove_ratio"": 0.15, ""theta_base"": 0.15, ""time_limit"": 1200.0}","{""ls_time_limit"": 0.5, ""max_iterations"": 200, ""population_size"": 24, ""pulse_injection_rate"": 0.1, ""remove_ratio"": 0.15, ""theta_base"": 0.15, ""time_limit"": 1200.0}"
2026-05-16T00:16:05.170020,bier127,R2DMA-TSP,17,118337.6,0.047006,312585.3041,5,"{""ls_time_limit"": 0.5, ""max_iterations"": 200, ""population_size"": 24, ""pulse_injection_rate"": 0.15, ""remove_ratio"": 0.15, ""theta_base"": 0.15, ""time_limit"": 600.0}","{""ls_time_limit"": 0.5, ""max_iterations"": 200, ""population_size"": 24, ""pulse_injection_rate"": 0.15, ""remove_ratio"": 0.15, ""theta_base"": 0.15, ""time_limit"": 600.0}"
2026-05-16T00:16:26.112755,bier127,R2DMA-TSP,18,118360.2,0.066113,309563.7409,5,"{""ls_time_limit"": 0.5, ""max_iterations"": 200, ""population_size"": 24, ""pulse_injection_rate"": 0.15, ""remove_ratio"": 0.15, ""theta_base"": 0.15, ""time_limit"": 1200.0}","{""ls_time_limit"": 0.5, ""max_iterations"": 200, ""population_size"": 24, ""pulse_injection_rate"": 0.15, ""remove_ratio"": 0.15, ""theta_base"": 0.15, ""time_limit"": 1200.0}"
2026-05-16T00:16:39.969010,bier127,R2DMA-TSP,19,118372.2,0.076258,300958.1468,5,"{""ls_time_limit"": 0.5, ""max_iterations"": 200, ""population_size"": 24, ""pulse_injection_rate"": 0.05, ""remove_ratio"": 0.2, ""theta_base"": 0.15, ""time_limit"": 300.0}","{""ls_time_limit"": 0.5, ""max_iterations"": 200, ""population_size"": 24, ""pulse_injection_rate"": 0.05, ""remove_ratio"": 0.2, ""theta_base"": 0.15, ""time_limit"": 300.0}"
2026-05-16T00:17:46.158488,bier127,R2DMA-TSP,20,118516.2,0.198001,306389.446,5,"{""ls_time_limit"": 0.5, ""max_iterations"": 200, ""population_size"": 24, ""pulse_injection_rate"": 0.05, ""remove_ratio"": 0.2, ""theta_base"": 0.15, ""time_limit"": 600.0}","{""ls_time_limit"": 0.5, ""max_iterations"": 200, ""population_size"": 24, ""pulse_injection_rate"": 0.05, ""remove_ratio"": 0.2, ""theta_base"": 0.15, ""time_limit"": 600.0}"
2026-05-16T00:19:51.859968,bier127,R2DMA-TSP,21,118469.8,0.158773,299204.3666,5,"{""ls_time_limit"": 0.5, ""max_iterations"": 200, ""population_size"": 24, ""pulse_injection_rate"": 0.05, ""remove_ratio"": 0.2, ""theta_base"": 0.15, ""time_limit"": 1200.0}","{""ls_time_limit"": 0.5, ""max_iterations"": 200, ""population_size"": 24, ""pulse_injection_rate"": 0.05, ""remove_ratio"": 0.2, ""theta_base"": 0.15, ""time_limit"": 1200.0}"
2026-05-16T00:20:17.263923,bier127,R2DMA-TSP,22,118474.2,0.162493,296187.3221,5,"{""ls_time_limit"": 0.5, ""max_iterations"": 200, ""population_size"": 24, ""pulse_injection_rate"": 0.1, ""remove_ratio"": 0.2, ""theta_base"": 0.15, ""time_limit"": 300.0}","{""ls_time_limit"": 0.5, ""max_iterations"": 200, ""population_size"": 24, ""pulse_injection_rate"": 0.1, ""remove_ratio"": 0.2, ""theta_base"": 0.15, ""time_limit"": 300.0}"
2026-05-16T00:25:34.144425,bier127,R2DMA-TSP,24,118391.0,0.092153,300867.8522,5,"{""ls_time_limit"": 0.5, ""max_iterations"": 200, ""population_size"": 24, ""pulse_injection_rate"": 0.1, ""remove_ratio"": 0.2, ""theta_base"": 0.15, ""time_limit"": 1200.0}","{""ls_time_limit"": 0.5, ""max_iterations"": 200, ""population_size"": 24, ""pulse_injection_rate"": 0.1, ""remove_ratio"": 0.2, ""theta_base"": 0.15, ""time_limit"": 1200.0}"
2026-05-16T00:26:32.887441,bier127,R2DMA-TSP,23,118345.2,0.053432,313645.8793,5,"{""ls_time_limit"": 0.5, ""max_iterations"": 200, ""population_size"": 24, ""pulse_injection_rate"": 0.1, ""remove_ratio"": 0.2, ""theta_base"": 0.15, ""time_limit"": 600.0}","{""ls_time_limit"": 0.5, ""max_iterations"": 200, ""population_size"": 24, ""pulse_injection_rate"": 0.1, ""remove_ratio"": 0.2, ""theta_base"": 0.15, ""time_limit"": 600.0}"
2026-05-16T00:36:19.331299,bier127,R2DMA-TSP,25,118412.8,0.110583,275950.5758,5,"{""ls_time_limit"": 0.5, ""max_iterations"": 200, ""population_size"": 24, ""pulse_injection_rate"": 0.15, ""remove_ratio"": 0.2, ""theta_base"": 0.15, ""time_limit"": 300.0}","{""ls_time_limit"": 0.5, ""max_iterations"": 200, ""population_size"": 24, ""pulse_injection_rate"": 0.15, ""remove_ratio"": 0.2, ""theta_base"": 0.15, ""time_limit"": 300.0}"
2026-05-16T00:37:56.348634,bier127,R2DMA-TSP,26,118515.2,0.197156,280607.3579,5,"{""ls_time_limit"": 0.5, ""max_iterations"": 200, ""population_size"": 24, ""pulse_injection_rate"": 0.15, ""remove_ratio"": 0.2, ""theta_base"": 0.15, ""time_limit"": 600.0}","{""ls_time_limit"": 0.5, ""max_iterations"": 200, ""population_size"": 24, ""pulse_injection_rate"": 0.15, ""remove_ratio"": 0.2, ""theta_base"": 0.15, ""time_limit"": 600.0}"
2026-05-16T00:38:58.895356,bier127,R2DMA-TSP,28,118315.6,0.028407,283901.0853,5,"{""ls_time_limit"": 0.5, ""max_iterations"": 200, ""population_size"": 24, ""pulse_injection_rate"": 0.05, ""remove_ratio"": 0.1, ""theta_base"": 0.25, ""time_limit"": 300.0}","{""ls_time_limit"": 0.5, ""max_iterations"": 200, ""population_size"": 24, ""pulse_injection_rate"": 0.05, ""remove_ratio"": 0.1, ""theta_base"": 0.25, ""time_limit"": 300.0}"
2026-05-16T00:39:01.132623,bier127,R2DMA-TSP,27,118390.0,0.091307,284453.6434,5,"{""ls_time_limit"": 0.5, ""max_iterations"": 200, ""population_size"": 24, ""pulse_injection_rate"": 0.15, ""remove_ratio"": 0.2, ""theta_base"": 0.15, ""time_limit"": 1200.0}","{""ls_time_limit"": 0.5, ""max_iterations"": 200, ""population_size"": 24, ""pulse_injection_rate"": 0.15, ""remove_ratio"": 0.2, ""theta_base"": 0.15, ""time_limit"": 1200.0}"
2026-05-16T00:39:07.734019,bier127,R2DMA-TSP,30,118412.0,0.109907,272296.1114,5,"{""ls_time_limit"": 0.5, ""max_iterations"": 200, ""population_size"": 24, ""pulse_injection_rate"": 0.05, ""remove_ratio"": 0.1, ""theta_base"": 0.25, ""time_limit"": 1200.0}","{""ls_time_limit"": 0.5, ""max_iterations"": 200, ""population_size"": 24, ""pulse_injection_rate"": 0.05, ""remove_ratio"": 0.1, ""theta_base"": 0.25, ""time_limit"": 1200.0}"
2026-05-16T00:40:16.207704,bier127,R2DMA-TSP,31,118309.4,0.023165,283238.4133,5,"{""ls_time_limit"": 0.5, ""max_iterations"": 200, ""population_size"": 24, ""pulse_injection_rate"": 0.1, ""remove_ratio"": 0.1, ""theta_base"": 0.25, ""time_limit"": 300.0}","{""ls_time_limit"": 0.5, ""max_iterations"": 200, ""population_size"": 24, ""pulse_injection_rate"": 0.1, ""remove_ratio"": 0.1, ""theta_base"": 0.25, ""time_limit"": 300.0}"
2026-05-16T00:40:23.461067,bier127,R2DMA-TSP,29,118378.2,0.081331,291643.8866,5,"{""ls_time_limit"": 0.5, ""max_iterations"": 200, ""population_size"": 24, ""pulse_injection_rate"": 0.05, ""remove_ratio"": 0.1, ""theta_base"": 0.25, ""time_limit"": 600.0}","{""ls_time_limit"": 0.5, ""max_iterations"": 200, ""population_size"": 24, ""pulse_injection_rate"": 0.05, ""remove_ratio"": 0.1, ""theta_base"": 0.25, ""time_limit"": 600.0}"
2026-05-16T00:41:33.178000,bier127,R2DMA-TSP,32,118337.6,0.047006,285397.4508,5,"{""ls_time_limit"": 0.5, ""max_iterations"": 200, ""population_size"": 24, ""pulse_injection_rate"": 0.1, ""remove_ratio"": 0.1, ""theta_base"": 0.25, ""time_limit"": 600.0}","{""ls_time_limit"": 0.5, ""max_iterations"": 200, ""population_size"": 24, ""pulse_injection_rate"": 0.1, ""remove_ratio"": 0.1, ""theta_base"": 0.25, ""time_limit"": 600.0}"
2026-05-16T00:43:43.120173,bier127,R2DMA-TSP,34,118362.8,0.068311,281160.8407,5,"{""ls_time_limit"": 0.5, ""max_iterations"": 200, ""population_size"": 24, ""pulse_injection_rate"": 0.15, ""remove_ratio"": 0.1, ""theta_base"": 0.25, ""time_limit"": 300.0}","{""ls_time_limit"": 0.5, ""max_iterations"": 200, ""population_size"": 24, ""pulse_injection_rate"": 0.15, ""remove_ratio"": 0.1, ""theta_base"": 0.25, ""time_limit"": 300.0}"
2026-05-16T00:44:52.416097,bier127,R2DMA-TSP,33,118386.8,0.088602,300090.2301,5,"{""ls_time_limit"": 0.5, ""max_iterations"": 200, ""population_size"": 24, ""pulse_injection_rate"": 0.1, ""remove_ratio"": 0.1, ""theta_base"": 0.25, ""time_limit"": 1200.0}","{""ls_time_limit"": 0.5, ""max_iterations"": 200, ""population_size"": 24, ""pulse_injection_rate"": 0.1, ""remove_ratio"": 0.1, ""theta_base"": 0.25, ""time_limit"": 1200.0}"
2026-05-16T00:47:55.319880,bier127,R2DMA-TSP,35,118365.4,0.070509,268229.297,5,"{""ls_time_limit"": 0.5, ""max_iterations"": 200, ""population_size"": 24, ""pulse_injection_rate"": 0.15, ""remove_ratio"": 0.1, ""theta_base"": 0.25, ""time_limit"": 600.0}","{""ls_time_limit"": 0.5, ""max_iterations"": 200, ""population_size"": 24, ""pulse_injection_rate"": 0.15, ""remove_ratio"": 0.1, ""theta_base"": 0.25, ""time_limit"": 600.0}"
2026-05-16T00:48:55.762895,bier127,R2DMA-TSP,36,118574.6,0.247375,268562.1646,5,"{""ls_time_limit"": 0.5, ""max_iterations"": 200, ""population_size"": 24, ""pulse_injection_rate"": 0.15, ""remove_ratio"": 0.1, ""theta_base"": 0.25, ""time_limit"": 1200.0}","{""ls_time_limit"": 0.5, ""max_iterations"": 200, ""population_size"": 24, ""pulse_injection_rate"": 0.15, ""remove_ratio"": 0.1, ""theta_base"": 0.25, ""time_limit"": 1200.0}"
2026-05-16T00:55:55.484248,bier127,R2DMA-TSP,37,118333.2,0.043286,235217.5102,5,"{""ls_time_limit"": 0.5, ""max_iterations"": 200, ""population_size"": 24, ""pulse_injection_rate"": 0.05, ""remove_ratio"": 0.15, ""theta_base"": 0.25, ""time_limit"": 300.0}","{""ls_time_limit"": 0.5, ""max_iterations"": 200, ""population_size"": 24, ""pulse_injection_rate"": 0.05, ""remove_ratio"": 0.15, ""theta_base"": 0.25, ""time_limit"": 300.0}"
2026-05-16T00:56:47.926337,bier127,R2DMA-TSP,41,118347.8,0.05563,212023.6732,5,"{""ls_time_limit"": 0.5, ""max_iterations"": 200, ""population_size"": 24, ""pulse_injection_rate"": 0.1, ""remove_ratio"": 0.15, ""theta_base"": 0.25, ""time_limit"": 600.0}","{""ls_time_limit"": 0.5, ""max_iterations"": 200, ""population_size"": 24, ""pulse_injection_rate"": 0.1, ""remove_ratio"": 0.15, ""theta_base"": 0.25, ""time_limit"": 600.0}"
2026-05-16T00:57:06.293172,bier127,R2DMA-TSP,40,118354.0,0.060871,217019.2652,5,"{""ls_time_limit"": 0.5, ""max_iterations"": 200, ""population_size"": 24, ""pulse_injection_rate"": 0.1, ""remove_ratio"": 0.15, ""theta_base"": 0.25, ""time_limit"": 300.0}","{""ls_time_limit"": 0.5, ""max_iterations"": 200, ""population_size"": 24, ""pulse_injection_rate"": 0.1, ""remove_ratio"": 0.15, ""theta_base"": 0.25, ""time_limit"": 300.0}"
2026-05-16T00:57:27.351587,bier127,R2DMA-TSP,38,118413.6,0.11126,234190.3017,5,"{""ls_time_limit"": 0.5, ""max_iterations"": 200, ""population_size"": 24, ""pulse_injection_rate"": 0.05, ""remove_ratio"": 0.15, ""theta_base"": 0.25, ""time_limit"": 600.0}","{""ls_time_limit"": 0.5, ""max_iterations"": 200, ""population_size"": 24, ""pulse_injection_rate"": 0.05, ""remove_ratio"": 0.15, ""theta_base"": 0.25, ""time_limit"": 600.0}"
2026-05-16T00:58:17.967732,bier127,R2DMA-TSP,39,118444.4,0.137299,231805.6042,5,"{""ls_time_limit"": 0.5, ""max_iterations"": 200, ""population_size"": 24, ""pulse_injection_rate"": 0.05, ""remove_ratio"": 0.15, ""theta_base"": 0.25, ""time_limit"": 1200.0}","{""ls_time_limit"": 0.5, ""max_iterations"": 200, ""population_size"": 24, ""pulse_injection_rate"": 0.05, ""remove_ratio"": 0.15, ""theta_base"": 0.25, ""time_limit"": 1200.0}"
2026-05-16T00:58:30.362565,bier127,R2DMA-TSP,44,118560.2,0.235201,203428.7453,5,"{""ls_time_limit"": 0.5, ""max_iterations"": 200, ""population_size"": 24, ""pulse_injection_rate"": 0.15, ""remove_ratio"": 0.15, ""theta_base"": 0.25, ""time_limit"": 600.0}","{""ls_time_limit"": 0.5, ""max_iterations"": 200, ""population_size"": 24, ""pulse_injection_rate"": 0.15, ""remove_ratio"": 0.15, ""theta_base"": 0.25, ""time_limit"": 600.0}"
2026-05-16T00:58:47.843109,bier127,R2DMA-TSP,42,118460.2,0.150657,222316.9667,5,"{""ls_time_limit"": 0.5, ""max_iterations"": 200, ""population_size"": 24, ""pulse_injection_rate"": 0.1, ""remove_ratio"": 0.15, ""theta_base"": 0.25, ""time_limit"": 1200.0}","{""ls_time_limit"": 0.5, ""max_iterations"": 200, ""population_size"": 24, ""pulse_injection_rate"": 0.1, ""remove_ratio"": 0.15, ""theta_base"": 0.25, ""time_limit"": 1200.0}"
2026-05-16T00:59:25.790339,bier127,R2DMA-TSP,43,118320.8,0.032803,228455.57,5,"{""ls_time_limit"": 0.5, ""max_iterations"": 200, ""population_size"": 24, ""pulse_injection_rate"": 0.15, ""remove_ratio"": 0.15, ""theta_base"": 0.25, ""time_limit"": 300.0}","{""ls_time_limit"": 0.5, ""max_iterations"": 200, ""population_size"": 24, ""pulse_injection_rate"": 0.15, ""remove_ratio"": 0.15, ""theta_base"": 0.25, ""time_limit"": 300.0}"
2026-05-16T01:01:21.500043,bier127,R2DMA-TSP,45,118333.2,0.043286,211671.0961,5,"{""ls_time_limit"": 0.5, ""max_iterations"": 200, ""population_size"": 24, ""pulse_injection_rate"": 0.15, ""remove_ratio"": 0.15, ""theta_base"": 0.25, ""time_limit"": 1200.0}","{""ls_time_limit"": 0.5, ""max_iterations"": 200, ""population_size"": 24, ""pulse_injection_rate"": 0.15, ""remove_ratio"": 0.15, ""theta_base"": 0.25, ""time_limit"": 1200.0}"
2026-05-16T01:02:37.429219,bier127,R2DMA-TSP,46,118616.8,0.283052,212997.755,5,"{""ls_time_limit"": 0.5, ""max_iterations"": 200, ""population_size"": 24, ""pulse_injection_rate"": 0.05, ""remove_ratio"": 0.2, ""theta_base"": 0.25, ""time_limit"": 300.0}","{""ls_time_limit"": 0.5, ""max_iterations"": 200, ""population_size"": 24, ""pulse_injection_rate"": 0.05, ""remove_ratio"": 0.2, ""theta_base"": 0.25, ""time_limit"": 300.0}"
2026-05-16T01:08:15.780081,bier127,R2DMA-TSP,47,118447.6,0.140004,244074.4458,5,"{""ls_time_limit"": 0.5, ""max_iterations"": 200, ""population_size"": 24, ""pulse_injection_rate"": 0.05, ""remove_ratio"": 0.2, ""theta_base"": 0.25, ""time_limit"": 600.0}","{""ls_time_limit"": 0.5, ""max_iterations"": 200, ""population_size"": 24, ""pulse_injection_rate"": 0.05, ""remove_ratio"": 0.2, ""theta_base"": 0.25, ""time_limit"": 600.0}"
2026-05-16T01:08:29.090163,bier127,R2DMA-TSP,48,118313.0,0.026209,234662.3269,5,"{""ls_time_limit"": 0.5, ""max_iterations"": 200, ""population_size"": 24, ""pulse_injection_rate"": 0.05, ""remove_ratio"": 0.2, ""theta_base"": 0.25, ""time_limit"": 1200.0}","{""ls_time_limit"": 0.5, ""max_iterations"": 200, ""population_size"": 24, ""pulse_injection_rate"": 0.05, ""remove_ratio"": 0.2, ""theta_base"": 0.25, ""time_limit"": 1200.0}"
2026-05-16T01:19:55.015206,bier127,R2DMA-TSP,49,118439.0,0.132734,287900.8989,5,"{""ls_time_limit"": 0.5, ""max_iterations"": 200, ""population_size"": 24, ""pulse_injection_rate"": 0.1, ""remove_ratio"": 0.2, ""theta_base"": 0.25, ""time_limit"": 300.0}","{""ls_time_limit"": 0.5, ""max_iterations"": 200, ""population_size"": 24, ""pulse_injection_rate"": 0.1, ""remove_ratio"": 0.2, ""theta_base"": 0.25, ""time_limit"": 300.0}"
2026-05-16T01:21:56.719599,bier127,R2DMA-TSP,50,118330.6,0.041088,301753.3926,5,"{""ls_time_limit"": 0.5, ""max_iterations"": 200, ""population_size"": 24, ""pulse_injection_rate"": 0.1, ""remove_ratio"": 0.2, ""theta_base"": 0.25, ""time_limit"": 600.0}","{""ls_time_limit"": 0.5, ""max_iterations"": 200, ""population_size"": 24, ""pulse_injection_rate"": 0.1, ""remove_ratio"": 0.2, ""theta_base"": 0.25, ""time_limit"": 600.0}"
2026-05-16T01:22:16.198033,bier127,P-AOEA-TSP,1,118643.4,0.305541,301968.3712,5,"{""crossover_rate"": 0.75, ""genome_population_size"": 8, ""ls_time_limit"": 0.5, ""max_iterations"": 200, ""mutation_rate"": 0.1, ""population_size"": 24, ""time_limit"": 300.0}","{""crossover_rate"": 0.75, ""genome_population_size"": 8, ""ls_time_limit"": 0.5, ""max_iterations"": 200, ""mutation_rate"": 0.1, ""population_size"": 24, ""time_limit"": 300.0}"
2026-05-16T01:23:42.542420,bier127,P-AOEA-TSP,4,118619.2,0.285081,302418.5836,5,"{""crossover_rate"": 0.75, ""genome_population_size"": 8, ""ls_time_limit"": 0.5, ""max_iterations"": 200, ""mutation_rate"": 0.18, ""population_size"": 24, ""time_limit"": 300.0}","{""crossover_rate"": 0.75, ""genome_population_size"": 8, ""ls_time_limit"": 0.5, ""max_iterations"": 200, ""mutation_rate"": 0.18, ""population_size"": 24, ""time_limit"": 300.0}"
2026-05-16T01:26:30.810989,bier127,P-AOEA-TSP,7,118823.8,0.458058,301817.8211,5,"{""crossover_rate"": 0.75, ""genome_population_size"": 8, ""ls_time_limit"": 0.5, ""max_iterations"": 200, ""mutation_rate"": 0.26, ""population_size"": 24, ""time_limit"": 300.0}","{""crossover_rate"": 0.75, ""genome_population_size"": 8, ""ls_time_limit"": 0.5, ""max_iterations"": 200, ""mutation_rate"": 0.26, ""population_size"": 24, ""time_limit"": 300.0}"
2026-05-16T01:32:48.672971,bier127,P-AOEA-TSP,5,118609.8,0.277134,408142.1153,5,"{""crossover_rate"": 0.75, ""genome_population_size"": 8, ""ls_time_limit"": 0.5, ""max_iterations"": 200, ""mutation_rate"": 0.18, ""population_size"": 24, ""time_limit"": 600.0}","{""crossover_rate"": 0.75, ""genome_population_size"": 8, ""ls_time_limit"": 0.5, ""max_iterations"": 200, ""mutation_rate"": 0.18, ""population_size"": 24, ""time_limit"": 600.0}"
2026-05-16T01:33:37.671674,bier127,P-AOEA-TSP,10,118750.6,0.396172,301705.3706,5,"{""crossover_rate"": 0.85, ""genome_population_size"": 8, ""ls_time_limit"": 0.5, ""max_iterations"": 200, ""mutation_rate"": 0.1, ""population_size"": 24, ""time_limit"": 300.0}","{""crossover_rate"": 0.85, ""genome_population_size"": 8, ""ls_time_limit"": 0.5, ""max_iterations"": 200, ""mutation_rate"": 0.1, ""population_size"": 24, ""time_limit"": 300.0}"
2026-05-16T01:34:58.837610,bier127,P-AOEA-TSP,2,118642.8,0.305034,450278.27,5,"{""crossover_rate"": 0.75, ""genome_population_size"": 8, ""ls_time_limit"": 0.5, ""max_iterations"": 200, ""mutation_rate"": 0.1, ""population_size"": 24, ""time_limit"": 600.0}","{""crossover_rate"": 0.75, ""genome_population_size"": 8, ""ls_time_limit"": 0.5, ""max_iterations"": 200, ""mutation_rate"": 0.1, ""population_size"": 24, ""time_limit"": 600.0}"
2026-05-16T01:43:03.019808,bier127,P-AOEA-TSP,9,118545.6,0.222857,417391.9583,5,"{""crossover_rate"": 0.75, ""genome_population_size"": 8, ""ls_time_limit"": 0.5, ""max_iterations"": 200, ""mutation_rate"": 0.26, ""population_size"": 24, ""time_limit"": 1200.0}","{""crossover_rate"": 0.75, ""genome_population_size"": 8, ""ls_time_limit"": 0.5, ""max_iterations"": 200, ""mutation_rate"": 0.26, ""population_size"": 24, ""time_limit"": 1200.0}"
2026-05-16T01:45:23.320524,bier127,P-AOEA-TSP,8,118619.4,0.285251,513173.4918,5,"{""crossover_rate"": 0.75, ""genome_population_size"": 8, ""ls_time_limit"": 0.5, ""max_iterations"": 200, ""mutation_rate"": 0.26, ""population_size"": 24, ""time_limit"": 600.0}","{""crossover_rate"": 0.75, ""genome_population_size"": 8, ""ls_time_limit"": 0.5, ""max_iterations"": 200, ""mutation_rate"": 0.26, ""population_size"": 24, ""time_limit"": 600.0}"
2026-05-16T01:45:53.076319,bier127,P-AOEA-TSP,3,118628.4,0.292859,571015.0373,5,"{""crossover_rate"": 0.75, ""genome_population_size"": 8, ""ls_time_limit"": 0.5, ""max_iterations"": 200, ""mutation_rate"": 0.1, ""population_size"": 24, ""time_limit"": 1200.0}","{""crossover_rate"": 0.75, ""genome_population_size"": 8, ""ls_time_limit"": 0.5, ""max_iterations"": 200, ""mutation_rate"": 0.1, ""population_size"": 24, ""time_limit"": 1200.0}"
2026-05-16T01:47:00.942634,bier127,P-AOEA-TSP,13,118765.4,0.408684,296928.1593,5,"{""crossover_rate"": 0.85, ""genome_population_size"": 8, ""ls_time_limit"": 0.5, ""max_iterations"": 200, ""mutation_rate"": 0.18, ""population_size"": 24, ""time_limit"": 300.0}","{""crossover_rate"": 0.85, ""genome_population_size"": 8, ""ls_time_limit"": 0.5, ""max_iterations"": 200, ""mutation_rate"": 0.18, ""population_size"": 24, ""time_limit"": 300.0}"
2026-05-16T01:48:04.794903,bier127,P-AOEA-TSP,6,118505.8,0.189209,583781.1729,5,"{""crossover_rate"": 0.75, ""genome_population_size"": 8, ""ls_time_limit"": 0.5, ""max_iterations"": 200, ""mutation_rate"": 0.18, ""population_size"": 24, ""time_limit"": 1200.0}","{""crossover_rate"": 0.75, ""genome_population_size"": 8, ""ls_time_limit"": 0.5, ""max_iterations"": 200, ""mutation_rate"": 0.18, ""population_size"": 24, ""time_limit"": 1200.0}"
2026-05-16T01:49:18.430828,bier127,P-AOEA-TSP,14,118771.8,0.414095,307167.2219,5,"{""crossover_rate"": 0.85, ""genome_population_size"": 8, ""ls_time_limit"": 0.5, ""max_iterations"": 200, ""mutation_rate"": 0.18, ""population_size"": 24, ""time_limit"": 600.0}","{""crossover_rate"": 0.85, ""genome_population_size"": 8, ""ls_time_limit"": 0.5, ""max_iterations"": 200, ""mutation_rate"": 0.18, ""population_size"": 24, ""time_limit"": 600.0}"
2026-05-16T01:52:55.746991,bier127,P-AOEA-TSP,12,118524.2,0.204765,371768.1711,5,"{""crossover_rate"": 0.85, ""genome_population_size"": 8, ""ls_time_limit"": 0.5, ""max_iterations"": 200, ""mutation_rate"": 0.1, ""population_size"": 24, ""time_limit"": 1200.0}","{""crossover_rate"": 0.85, ""genome_population_size"": 8, ""ls_time_limit"": 0.5, ""max_iterations"": 200, ""mutation_rate"": 0.1, ""population_size"": 24, ""time_limit"": 1200.0}"
2026-05-16T01:54:46.398590,bier127,P-AOEA-TSP,11,118695.0,0.349166,418256.6253,5,"{""crossover_rate"": 0.85, ""genome_population_size"": 8, ""ls_time_limit"": 0.5, ""max_iterations"": 200, ""mutation_rate"": 0.1, ""population_size"": 24, ""time_limit"": 600.0}","{""crossover_rate"": 0.85, ""genome_population_size"": 8, ""ls_time_limit"": 0.5, ""max_iterations"": 200, ""mutation_rate"": 0.1, ""population_size"": 24, ""time_limit"": 600.0}"
2026-05-16T01:55:16.895681,bier127,P-AOEA-TSP,16,118673.4,0.330904,269633.7198,5,"{""crossover_rate"": 0.85, ""genome_population_size"": 8, ""ls_time_limit"": 0.5, ""max_iterations"": 200, ""mutation_rate"": 0.26, ""population_size"": 24, ""time_limit"": 300.0}","{""crossover_rate"": 0.85, ""genome_population_size"": 8, ""ls_time_limit"": 0.5, ""max_iterations"": 200, ""mutation_rate"": 0.26, ""population_size"": 24, ""time_limit"": 300.0}"
2026-05-16T02:01:24.640729,bier127,P-AOEA-TSP,17,118643.4,0.305541,333369.4508,5,"{""crossover_rate"": 0.85, ""genome_population_size"": 8, ""ls_time_limit"": 0.5, ""max_iterations"": 200, ""mutation_rate"": 0.26, ""population_size"": 24, ""time_limit"": 600.0}","{""crossover_rate"": 0.85, ""genome_population_size"": 8, ""ls_time_limit"": 0.5, ""max_iterations"": 200, ""mutation_rate"": 0.26, ""population_size"": 24, ""time_limit"": 600.0}"
2026-05-16T02:04:31.387724,bier127,P-AOEA-TSP,15,118619.6,0.28542,456109.8063,5,"{""crossover_rate"": 0.85, ""genome_population_size"": 8, ""ls_time_limit"": 0.5, ""max_iterations"": 200, ""mutation_rate"": 0.18, ""population_size"": 24, ""time_limit"": 1200.0}","{""crossover_rate"": 0.85, ""genome_population_size"": 8, ""ls_time_limit"": 0.5, ""max_iterations"": 200, ""mutation_rate"": 0.18, ""population_size"": 24, ""time_limit"": 1200.0}"
2026-05-16T02:06:20.821280,bier127,P-AOEA-TSP,19,118437.2,0.131212,279552.2492,5,"{""crossover_rate"": 0.95, ""genome_population_size"": 8, ""ls_time_limit"": 0.5, ""max_iterations"": 200, ""mutation_rate"": 0.1, ""population_size"": 24, ""time_limit"": 300.0}","{""crossover_rate"": 0.95, ""genome_population_size"": 8, ""ls_time_limit"": 0.5, ""max_iterations"": 200, ""mutation_rate"": 0.1, ""population_size"": 24, ""time_limit"": 300.0}"
2026-05-16T02:08:29.610081,bier127,P-AOEA-TSP,18,118540.2,0.218292,402139.9351,5,"{""crossover_rate"": 0.85, ""genome_population_size"": 8, ""ls_time_limit"": 0.5, ""max_iterations"": 200, ""mutation_rate"": 0.26, ""population_size"": 24, ""time_limit"": 1200.0}","{""crossover_rate"": 0.85, ""genome_population_size"": 8, ""ls_time_limit"": 0.5, ""max_iterations"": 200, ""mutation_rate"": 0.26, ""population_size"": 24, ""time_limit"": 1200.0}"
2026-05-16T02:09:29.970532,bier127,P-AOEA-TSP,22,118671.6,0.329382,269798.5339,5,"{""crossover_rate"": 0.95, ""genome_population_size"": 8, ""ls_time_limit"": 0.5, ""max_iterations"": 200, ""mutation_rate"": 0.18, ""population_size"": 24, ""time_limit"": 300.0}","{""crossover_rate"": 0.95, ""genome_population_size"": 8, ""ls_time_limit"": 0.5, ""max_iterations"": 200, ""mutation_rate"": 0.18, ""population_size"": 24, ""time_limit"": 300.0}"
2026-05-16T02:14:21.561688,bier127,P-AOEA-TSP,25,118597.2,0.266482,257157.1627,5,"{""crossover_rate"": 0.95, ""genome_population_size"": 8, ""ls_time_limit"": 0.5, ""max_iterations"": 200, ""mutation_rate"": 0.26, ""population_size"": 24, ""time_limit"": 300.0}","{""crossover_rate"": 0.95, ""genome_population_size"": 8, ""ls_time_limit"": 0.5, ""max_iterations"": 200, ""mutation_rate"": 0.26, ""population_size"": 24, ""time_limit"": 300.0}"
2026-05-16T02:16:20.916669,bier127,P-AOEA-TSP,20,118505.8,0.189209,371512.0482,5,"{""crossover_rate"": 0.95, ""genome_population_size"": 8, ""ls_time_limit"": 0.5, ""max_iterations"": 200, ""mutation_rate"": 0.1, ""population_size"": 24, ""time_limit"": 600.0}","{""crossover_rate"": 0.95, ""genome_population_size"": 8, ""ls_time_limit"": 0.5, ""max_iterations"": 200, ""mutation_rate"": 0.1, ""population_size"": 24, ""time_limit"": 600.0}"
2026-05-16T02:16:36.374990,bier127,P-AOEA-TSP,21,118609.6,0.276965,368649.283,5,"{""crossover_rate"": 0.95, ""genome_population_size"": 8, ""ls_time_limit"": 0.5, ""max_iterations"": 200, ""mutation_rate"": 0.1, ""population_size"": 24, ""time_limit"": 1200.0}","{""crossover_rate"": 0.95, ""genome_population_size"": 8, ""ls_time_limit"": 0.5, ""max_iterations"": 200, ""mutation_rate"": 0.1, ""population_size"": 24, ""time_limit"": 1200.0}"
2026-05-16T02:19:50.613888,bier127,P-AOEA-TSP,27,118632.0,0.295903,294736.2665,5,"{""crossover_rate"": 0.95, ""genome_population_size"": 8, ""ls_time_limit"": 0.5, ""max_iterations"": 200, ""mutation_rate"": 0.26, ""population_size"": 24, ""time_limit"": 1200.0}","{""crossover_rate"": 0.95, ""genome_population_size"": 8, ""ls_time_limit"": 0.5, ""max_iterations"": 200, ""mutation_rate"": 0.26, ""population_size"": 24, ""time_limit"": 1200.0}"
2026-05-16T02:20:29.587314,bier127,P-AOEA-TSP,23,118545.4,0.222688,388950.5998,5,"{""crossover_rate"": 0.95, ""genome_population_size"": 8, ""ls_time_limit"": 0.5, ""max_iterations"": 200, ""mutation_rate"": 0.18, ""population_size"": 24, ""time_limit"": 600.0}","{""crossover_rate"": 0.95, ""genome_population_size"": 8, ""ls_time_limit"": 0.5, ""max_iterations"": 200, ""mutation_rate"": 0.18, ""population_size"": 24, ""time_limit"": 600.0}"
2026-05-16T02:25:19.179372,bier127,P-AOEA-TSP,24,118609.2,0.276627,432142.9732,5,"{""crossover_rate"": 0.95, ""genome_population_size"": 8, ""ls_time_limit"": 0.5, ""max_iterations"": 200, ""mutation_rate"": 0.18, ""population_size"": 24, ""time_limit"": 1200.0}","{""crossover_rate"": 0.95, ""genome_population_size"": 8, ""ls_time_limit"": 0.5, ""max_iterations"": 200, ""mutation_rate"": 0.18, ""population_size"": 24, ""time_limit"": 1200.0}"
2026-05-16T02:25:59.759673,bier127,P-AOEA-TSP,26,118626.8,0.291507,374664.3616,5,"{""crossover_rate"": 0.95, ""genome_population_size"": 8, ""ls_time_limit"": 0.5, ""max_iterations"": 200, ""mutation_rate"": 0.26, ""population_size"": 24, ""time_limit"": 600.0}","{""crossover_rate"": 0.95, ""genome_population_size"": 8, ""ls_time_limit"": 0.5, ""max_iterations"": 200, ""mutation_rate"": 0.26, ""population_size"": 24, ""time_limit"": 600.0}"
2026-05-16T02:26:16.632664,bier127,P-AOEA-TSP,28,118622.2,0.287618,298393.09,5,"{""crossover_rate"": 0.75, ""genome_population_size"": 12, ""ls_time_limit"": 0.5, ""max_iterations"": 200, ""mutation_rate"": 0.1, ""population_size"": 24, ""time_limit"": 300.0}","{""crossover_rate"": 0.75, ""genome_population_size"": 12, ""ls_time_limit"": 0.5, ""max_iterations"": 200, ""mutation_rate"": 0.1, ""population_size"": 24, ""time_limit"": 300.0}"
2026-05-16T02:32:42.068190,bier127,P-AOEA-TSP,31,118589.2,0.259718,290484.1644,5,"{""crossover_rate"": 0.75, ""genome_population_size"": 12, ""ls_time_limit"": 0.5, ""max_iterations"": 200, ""mutation_rate"": 0.18, ""population_size"": 24, ""time_limit"": 300.0}","{""crossover_rate"": 0.75, ""genome_population_size"": 12, ""ls_time_limit"": 0.5, ""max_iterations"": 200, ""mutation_rate"": 0.18, ""population_size"": 24, ""time_limit"": 300.0}"
2026-05-16T02:37:31.440785,bier127,P-AOEA-TSP,29,118668.6,0.326846,396004.4311,5,"{""crossover_rate"": 0.75, ""genome_population_size"": 12, ""ls_time_limit"": 0.5, ""max_iterations"": 200, ""mutation_rate"": 0.1, ""population_size"": 24, ""time_limit"": 600.0}","{""crossover_rate"": 0.75, ""genome_population_size"": 12, ""ls_time_limit"": 0.5, ""max_iterations"": 200, ""mutation_rate"": 0.1, ""population_size"": 24, ""time_limit"": 600.0}"
2026-05-16T02:39:31.179612,bier127,P-AOEA-TSP,34,118472.4,0.160971,278046.6506,5,"{""crossover_rate"": 0.75, ""genome_population_size"": 12, ""ls_time_limit"": 0.5, ""max_iterations"": 200, ""mutation_rate"": 0.26, ""population_size"": 24, ""time_limit"": 300.0}","{""crossover_rate"": 0.75, ""genome_population_size"": 12, ""ls_time_limit"": 0.5, ""max_iterations"": 200, ""mutation_rate"": 0.26, ""population_size"": 24, ""time_limit"": 300.0}"
2026-05-16T02:40:44.754411,bier127,P-AOEA-TSP,30,118569.0,0.24264,412778.5102,5,"{""crossover_rate"": 0.75, ""genome_population_size"": 12, ""ls_time_limit"": 0.5, ""max_iterations"": 200, ""mutation_rate"": 0.1, ""population_size"": 24, ""time_limit"": 1200.0}","{""crossover_rate"": 0.75, ""genome_population_size"": 12, ""ls_time_limit"": 0.5, ""max_iterations"": 200, ""mutation_rate"": 0.1, ""population_size"": 24, ""time_limit"": 1200.0}"
2026-05-16T02:41:55.360921,bier127,P-AOEA-TSP,32,118600.2,0.269018,389069.0227,5,"{""crossover_rate"": 0.75, ""genome_population_size"": 12, ""ls_time_limit"": 0.5, ""max_iterations"": 200, ""mutation_rate"": 0.18, ""population_size"": 24, ""time_limit"": 600.0}","{""crossover_rate"": 0.75, ""genome_population_size"": 12, ""ls_time_limit"": 0.5, ""max_iterations"": 200, ""mutation_rate"": 0.18, ""population_size"": 24, ""time_limit"": 600.0}"
2026-05-16T02:43:11.891716,bier127,P-AOEA-TSP,33,118513.6,0.195803,346054.2935,5,"{""crossover_rate"": 0.75, ""genome_population_size"": 12, ""ls_time_limit"": 0.5, ""max_iterations"": 200, ""mutation_rate"": 0.18, ""population_size"": 24, ""time_limit"": 1200.0}","{""crossover_rate"": 0.75, ""genome_population_size"": 12, ""ls_time_limit"": 0.5, ""max_iterations"": 200, ""mutation_rate"": 0.18, ""population_size"": 24, ""time_limit"": 1200.0}"
2026-05-16T02:43:34.817573,bier127,P-AOEA-TSP,35,118538.0,0.216432,323678.5306,5,"{""crossover_rate"": 0.75, ""genome_population_size"": 12, ""ls_time_limit"": 0.5, ""max_iterations"": 200, ""mutation_rate"": 0.26, ""population_size"": 24, ""time_limit"": 600.0}","{""crossover_rate"": 0.75, ""genome_population_size"": 12, ""ls_time_limit"": 0.5, ""max_iterations"": 200, ""mutation_rate"": 0.26, ""population_size"": 24, ""time_limit"": 600.0}"
2026-05-16T02:43:47.741596,bier127,P-AOEA-TSP,37,118701.4,0.354576,279622.0014,5,"{""crossover_rate"": 0.85, ""genome_population_size"": 12, ""ls_time_limit"": 0.5, ""max_iterations"": 200, ""mutation_rate"": 0.1, ""population_size"": 24, ""time_limit"": 300.0}","{""crossover_rate"": 0.85, ""genome_population_size"": 12, ""ls_time_limit"": 0.5, ""max_iterations"": 200, ""mutation_rate"": 0.1, ""population_size"": 24, ""time_limit"": 300.0}"
2026-05-16T02:49:32.332221,bier127,P-AOEA-TSP,40,118595.8,0.265298,279130.9306,5,"{""crossover_rate"": 0.85, ""genome_population_size"": 12, ""ls_time_limit"": 0.5, ""max_iterations"": 200, ""mutation_rate"": 0.18, ""population_size"": 24, ""time_limit"": 300.0}","{""crossover_rate"": 0.85, ""genome_population_size"": 12, ""ls_time_limit"": 0.5, ""max_iterations"": 200, ""mutation_rate"": 0.18, ""population_size"": 24, ""time_limit"": 300.0}"
2026-05-16T02:50:52.617155,bier127,P-AOEA-TSP,36,118547.6,0.224548,372393.1273,5,"{""crossover_rate"": 0.75, ""genome_population_size"": 12, ""ls_time_limit"": 0.5, ""max_iterations"": 200, ""mutation_rate"": 0.26, ""population_size"": 24, ""time_limit"": 1200.0}","{""crossover_rate"": 0.75, ""genome_population_size"": 12, ""ls_time_limit"": 0.5, ""max_iterations"": 200, ""mutation_rate"": 0.26, ""population_size"": 24, ""time_limit"": 1200.0}"
2026-05-16T02:57:36.438893,bier127,P-AOEA-TSP,39,118659.0,0.31873,379326.9021,5,"{""crossover_rate"": 0.85, ""genome_population_size"": 12, ""ls_time_limit"": 0.5, ""max_iterations"": 200, ""mutation_rate"": 0.1, ""population_size"": 24, ""time_limit"": 1200.0}","{""crossover_rate"": 0.85, ""genome_population_size"": 12, ""ls_time_limit"": 0.5, ""max_iterations"": 200, ""mutation_rate"": 0.1, ""population_size"": 24, ""time_limit"": 1200.0}"
2026-05-16T03:00:37.469526,bier127,P-AOEA-TSP,38,118527.6,0.207639,423650.9109,5,"{""crossover_rate"": 0.85, ""genome_population_size"": 12, ""ls_time_limit"": 0.5, ""max_iterations"": 200, ""mutation_rate"": 0.1, ""population_size"": 24, ""time_limit"": 600.0}","{""crossover_rate"": 0.85, ""genome_population_size"": 12, ""ls_time_limit"": 0.5, ""max_iterations"": 200, ""mutation_rate"": 0.1, ""population_size"": 24, ""time_limit"": 600.0}"
2026-05-16T03:02:57.260328,bier127,P-AOEA-TSP,43,118777.6,0.418999,281210.597,5,"{""crossover_rate"": 0.85, ""genome_population_size"": 12, ""ls_time_limit"": 0.5, ""max_iterations"": 200, ""mutation_rate"": 0.26, ""population_size"": 24, ""time_limit"": 300.0}","{""crossover_rate"": 0.85, ""genome_population_size"": 12, ""ls_time_limit"": 0.5, ""max_iterations"": 200, ""mutation_rate"": 0.26, ""population_size"": 24, ""time_limit"": 300.0}"
2026-05-16T03:05:23.340000,bier127,P-AOEA-TSP,41,118558.0,0.233341,392248.1606,5,"{""crossover_rate"": 0.85, ""genome_population_size"": 12, ""ls_time_limit"": 0.5, ""max_iterations"": 200, ""mutation_rate"": 0.18, ""population_size"": 24, ""time_limit"": 600.0}","{""crossover_rate"": 0.85, ""genome_population_size"": 12, ""ls_time_limit"": 0.5, ""max_iterations"": 200, ""mutation_rate"": 0.18, ""population_size"": 24, ""time_limit"": 600.0}"
2026-05-16T03:08:03.336995,bier127,P-AOEA-TSP,46,118481.8,0.168918,298278.0667,5,"{""crossover_rate"": 0.95, ""genome_population_size"": 12, ""ls_time_limit"": 0.5, ""max_iterations"": 200, ""mutation_rate"": 0.1, ""population_size"": 24, ""time_limit"": 300.0}","{""crossover_rate"": 0.95, ""genome_population_size"": 12, ""ls_time_limit"": 0.5, ""max_iterations"": 200, ""mutation_rate"": 0.1, ""population_size"": 24, ""time_limit"": 300.0}"
2026-05-16T03:08:34.493466,bier127,P-AOEA-TSP,42,118582.4,0.253969,372601.5279,5,"{""crossover_rate"": 0.85, ""genome_population_size"": 12, ""ls_time_limit"": 0.5, ""max_iterations"": 200, ""mutation_rate"": 0.18, ""population_size"": 24, ""time_limit"": 1200.0}","{""crossover_rate"": 0.85, ""genome_population_size"": 12, ""ls_time_limit"": 0.5, ""max_iterations"": 200, ""mutation_rate"": 0.18, ""population_size"": 24, ""time_limit"": 1200.0}"
2026-05-16T03:09:50.027200,bier127,P-AOEA-TSP,45,118617.0,0.283221,334923.4021,5,"{""crossover_rate"": 0.85, ""genome_population_size"": 12, ""ls_time_limit"": 0.5, ""max_iterations"": 200, ""mutation_rate"": 0.26, ""population_size"": 24, ""time_limit"": 1200.0}","{""crossover_rate"": 0.85, ""genome_population_size"": 12, ""ls_time_limit"": 0.5, ""max_iterations"": 200, ""mutation_rate"": 0.26, ""population_size"": 24, ""time_limit"": 1200.0}"
2026-05-16T03:12:40.582946,bier127,P-AOEA-TSP,47,118625.4,0.290323,349147.0858,5,"{""crossover_rate"": 0.95, ""genome_population_size"": 12, ""ls_time_limit"": 0.5, ""max_iterations"": 200, ""mutation_rate"": 0.1, ""population_size"": 24, ""time_limit"": 600.0}","{""crossover_rate"": 0.95, ""genome_population_size"": 12, ""ls_time_limit"": 0.5, ""max_iterations"": 200, ""mutation_rate"": 0.1, ""population_size"": 24, ""time_limit"": 600.0}"
2026-05-16T03:12:44.242156,bier127,P-AOEA-TSP,48,118700.4,0.353731,347294.4738,5,"{""crossover_rate"": 0.95, ""genome_population_size"": 12, ""ls_time_limit"": 0.5, ""max_iterations"": 200, ""mutation_rate"": 0.1, ""population_size"": 24, ""time_limit"": 1200.0}","{""crossover_rate"": 0.95, ""genome_population_size"": 12, ""ls_time_limit"": 0.5, ""max_iterations"": 200, ""mutation_rate"": 0.1, ""population_size"": 24, ""time_limit"": 1200.0}"
2026-05-16T03:13:05.213134,bier127,P-AOEA-TSP,44,118618.0,0.284067,388083.7264,5,"{""crossover_rate"": 0.85, ""genome_population_size"": 12, ""ls_time_limit"": 0.5, ""max_iterations"": 200, ""mutation_rate"": 0.26, ""population_size"": 24, ""time_limit"": 600.0}","{""crossover_rate"": 0.85, ""genome_population_size"": 12, ""ls_time_limit"": 0.5, ""max_iterations"": 200, ""mutation_rate"": 0.26, ""population_size"": 24, ""time_limit"": 600.0}"
2026-05-16T03:13:11.855229,bier127,P-AOEA-TSP,49,118574.6,0.247375,283897.8249,5,"{""crossover_rate"": 0.95, ""genome_population_size"": 12, ""ls_time_limit"": 0.5, ""max_iterations"": 200, ""mutation_rate"": 0.18, ""population_size"": 24, ""time_limit"": 300.0}","{""crossover_rate"": 0.95, ""genome_population_size"": 12, ""ls_time_limit"": 0.5, ""max_iterations"": 200, ""mutation_rate"": 0.18, ""population_size"": 24, ""time_limit"": 300.0}"
2026-05-16T03:13:40.530997,bier127,P-AOEA-TSP,50,118484.4,0.171116,273577.6555,5,"{""crossover_rate"": 0.95, ""genome_population_size"": 12, ""ls_time_limit"": 0.5, ""max_iterations"": 200, ""mutation_rate"": 0.18, ""population_size"": 24, ""time_limit"": 600.0}","{""crossover_rate"": 0.95, ""genome_population_size"": 12, ""ls_time_limit"": 0.5, ""max_iterations"": 200, ""mutation_rate"": 0.18, ""population_size"": 24, ""time_limit"": 600.0}"
2026-05-16T09:55:55.137320,eil51,E2BSO-TSP,2,426.6667,0.156495,3404.9548,3,"{""gamma"": 0.15, ""injection_rate"": 0.08, ""ls_intensity_compress"": ""moderate"", ""ls_intensity_normal"": ""light"", ""ls_time_limit"": 0.5, ""max_iterations"": 200, ""population_size"": 24, ""remove_ratio"": 0.1, ""time_limit"": 600.0}","{""gamma"": 0.15, ""injection_rate"": 0.08, ""ls_intensity_compress"": ""moderate"", ""ls_intensity_normal"": ""light"", ""ls_time_limit"": 0.5, ""max_iterations"": 200, ""population_size"": 24, ""remove_ratio"": 0.1, ""time_limit"": 600.0}"
2026-05-16T09:55:55.145584,eil51,E2BSO-TSP,1,427.0,0.234742,3397.7213,3,"{""gamma"": 0.15, ""injection_rate"": 0.08, ""ls_intensity_compress"": ""moderate"", ""ls_intensity_normal"": ""light"", ""ls_time_limit"": 0.5, ""max_iterations"": 200, ""population_size"": 24, ""remove_ratio"": 0.1, ""time_limit"": 300.0}","{""gamma"": 0.15, ""injection_rate"": 0.08, ""ls_intensity_compress"": ""moderate"", ""ls_intensity_normal"": ""light"", ""ls_time_limit"": 0.5, ""max_iterations"": 200, ""population_size"": 24, ""remove_ratio"": 0.1, ""time_limit"": 300.0}"
2026-05-16T09:55:55.513241,eil51,E2BSO-TSP,4,426.3333,0.078247,3502.5131,3,"{""gamma"": 0.15, ""injection_rate"": 0.08, ""ls_intensity_compress"": ""moderate"", ""ls_intensity_normal"": ""light"", ""ls_time_limit"": 0.5, ""max_iterations"": 200, ""population_size"": 24, ""remove_ratio"": 0.15, ""time_limit"": 300.0}","{""gamma"": 0.15, ""injection_rate"": 0.08, ""ls_intensity_compress"": ""moderate"", ""ls_intensity_normal"": ""light"", ""ls_time_limit"": 0.5, ""max_iterations"": 200, ""population_size"": 24, ""remove_ratio"": 0.15, ""time_limit"": 300.0}"
2026-05-16T09:55:57.859823,eil51,E2BSO-TSP,3,426.6667,0.156495,4279.8129,3,"{""gamma"": 0.15, ""injection_rate"": 0.08, ""ls_intensity_compress"": ""moderate"", ""ls_intensity_normal"": ""light"", ""ls_time_limit"": 0.5, ""max_iterations"": 200, ""population_size"": 24, ""remove_ratio"": 0.1, ""time_limit"": 1200.0}","{""gamma"": 0.15, ""injection_rate"": 0.08, ""ls_intensity_compress"": ""moderate"", ""ls_intensity_normal"": ""light"", ""ls_time_limit"": 0.5, ""max_iterations"": 200, ""population_size"": 24, ""remove_ratio"": 0.1, ""time_limit"": 1200.0}"
2026-05-16T09:56:02.139651,eil51,E2BSO-TSP,6,426.6667,0.156495,2320.3688,3,"{""gamma"": 0.15, ""injection_rate"": 0.08, ""ls_intensity_compress"": ""moderate"", ""ls_intensity_normal"": ""light"", ""ls_time_limit"": 0.5, ""max_iterations"": 200, ""population_size"": 24, ""remove_ratio"": 0.15, ""time_limit"": 1200.0}","{""gamma"": 0.15, ""injection_rate"": 0.08, ""ls_intensity_compress"": ""moderate"", ""ls_intensity_normal"": ""light"", ""ls_time_limit"": 0.5, ""max_iterations"": 200, ""population_size"": 24, ""remove_ratio"": 0.15, ""time_limit"": 1200.0}"
2026-05-16T09:56:02.232943,eil51,E2BSO-TSP,5,427.6667,0.391236,2360.5477,3,"{""gamma"": 0.15, ""injection_rate"": 0.08, ""ls_intensity_compress"": ""moderate"", ""ls_intensity_normal"": ""light"", ""ls_time_limit"": 0.5, ""max_iterations"": 200, ""population_size"": 24, ""remove_ratio"": 0.15, ""time_limit"": 600.0}","{""gamma"": 0.15, ""injection_rate"": 0.08, ""ls_intensity_compress"": ""moderate"", ""ls_intensity_normal"": ""light"", ""ls_time_limit"": 0.5, ""max_iterations"": 200, ""population_size"": 24, ""remove_ratio"": 0.15, ""time_limit"": 600.0}"
2026-05-16T09:56:02.681202,eil51,E2BSO-TSP,7,426.3333,0.078247,2384.6588,3,"{""gamma"": 0.15, ""injection_rate"": 0.08, ""ls_intensity_compress"": ""moderate"", ""ls_intensity_normal"": ""light"", ""ls_time_limit"": 0.5, ""max_iterations"": 200, ""population_size"": 24, ""remove_ratio"": 0.2, ""time_limit"": 300.0}","{""gamma"": 0.15, ""injection_rate"": 0.08, ""ls_intensity_compress"": ""moderate"", ""ls_intensity_normal"": ""light"", ""ls_time_limit"": 0.5, ""max_iterations"": 200, ""population_size"": 24, ""remove_ratio"": 0.2, ""time_limit"": 300.0}"
2026-05-16T09:56:05.162577,eil51,E2BSO-TSP,8,426.6667,0.156495,2427.1312,3,"{""gamma"": 0.15, ""injection_rate"": 0.08, ""ls_intensity_compress"": ""moderate"", ""ls_intensity_normal"": ""light"", ""ls_time_limit"": 0.5, ""max_iterations"": 200, ""population_size"": 24, ""remove_ratio"": 0.2, ""time_limit"": 600.0}","{""gamma"": 0.15, ""injection_rate"": 0.08, ""ls_intensity_compress"": ""moderate"", ""ls_intensity_normal"": ""light"", ""ls_time_limit"": 0.5, ""max_iterations"": 200, ""population_size"": 24, ""remove_ratio"": 0.2, ""time_limit"": 600.0}"
2026-05-16T09:56:09.450608,eil51,E2BSO-TSP,10,427.0,0.234742,2399.4807,3,"{""gamma"": 0.15, ""injection_rate"": 0.12, ""ls_intensity_compress"": ""moderate"", ""ls_intensity_normal"": ""light"", ""ls_time_limit"": 0.5, ""max_iterations"": 200, ""population_size"": 24, ""remove_ratio"": 0.1, ""time_limit"": 300.0}","{""gamma"": 0.15, ""injection_rate"": 0.12, ""ls_intensity_compress"": ""moderate"", ""ls_intensity_normal"": ""light"", ""ls_time_limit"": 0.5, ""max_iterations"": 200, ""population_size"": 24, ""remove_ratio"": 0.1, ""time_limit"": 300.0}"
2026-05-16T09:56:09.661488,eil51,E2BSO-TSP,9,426.3333,0.078247,2500.706,3,"{""gamma"": 0.15, ""injection_rate"": 0.08, ""ls_intensity_compress"": ""moderate"", ""ls_intensity_normal"": ""light"", ""ls_time_limit"": 0.5, ""max_iterations"": 200, ""population_size"": 24, ""remove_ratio"": 0.2, ""time_limit"": 1200.0}","{""gamma"": 0.15, ""injection_rate"": 0.08, ""ls_intensity_compress"": ""moderate"", ""ls_intensity_normal"": ""light"", ""ls_time_limit"": 0.5, ""max_iterations"": 200, ""population_size"": 24, ""remove_ratio"": 0.2, ""time_limit"": 1200.0}"
2026-05-16T09:56:09.848609,eil51,E2BSO-TSP,11,427.0,0.234742,2383.5902,3,"{""gamma"": 0.15, ""injection_rate"": 0.12, ""ls_intensity_compress"": ""moderate"", ""ls_intensity_normal"": ""light"", ""ls_time_limit"": 0.5, ""max_iterations"": 200, ""population_size"": 24, ""remove_ratio"": 0.1, ""time_limit"": 600.0}","{""gamma"": 0.15, ""injection_rate"": 0.12, ""ls_intensity_compress"": ""moderate"", ""ls_intensity_normal"": ""light"", ""ls_time_limit"": 0.5, ""max_iterations"": 200, ""population_size"": 24, ""remove_ratio"": 0.1, ""time_limit"": 600.0}"
2026-05-16T09:56:14.027845,eil51,E2BSO-TSP,12,427.3333,0.312989,2947.9731,3,"{""gamma"": 0.15, ""injection_rate"": 0.12, ""ls_intensity_compress"": ""moderate"", ""ls_intensity_normal"": ""light"", ""ls_time_limit"": 0.5, ""max_iterations"": 200, ""population_size"": 24, ""remove_ratio"": 0.1, ""time_limit"": 1200.0}","{""gamma"": 0.15, ""injection_rate"": 0.12, ""ls_intensity_compress"": ""moderate"", ""ls_intensity_normal"": ""light"", ""ls_time_limit"": 0.5, ""max_iterations"": 200, ""population_size"": 24, ""remove_ratio"": 0.1, ""time_limit"": 1200.0}"
2026-05-16T09:56:17.083369,eil51,E2BSO-TSP,13,426.3333,0.078247,2538.01,3,"{""gamma"": 0.15, ""injection_rate"": 0.12, ""ls_intensity_compress"": ""moderate"", ""ls_intensity_normal"": ""light"", ""ls_time_limit"": 0.5, ""max_iterations"": 200, ""population_size"": 24, ""remove_ratio"": 0.15, ""time_limit"": 300.0}","{""gamma"": 0.15, ""injection_rate"": 0.12, ""ls_intensity_compress"": ""moderate"", ""ls_intensity_normal"": ""light"", ""ls_time_limit"": 0.5, ""max_iterations"": 200, ""population_size"": 24, ""remove_ratio"": 0.15, ""time_limit"": 300.0}"
2026-05-16T09:56:17.501301,eil51,E2BSO-TSP,15,426.0,0.0,2545.845,3,"{""gamma"": 0.15, ""injection_rate"": 0.12, ""ls_intensity_compress"": ""moderate"", ""ls_intensity_normal"": ""light"", ""ls_time_limit"": 0.5, ""max_iterations"": 200, ""population_size"": 24, ""remove_ratio"": 0.15, ""time_limit"": 1200.0}","{""gamma"": 0.15, ""injection_rate"": 0.12, ""ls_intensity_compress"": ""moderate"", ""ls_intensity_normal"": ""light"", ""ls_time_limit"": 0.5, ""max_iterations"": 200, ""population_size"": 24, ""remove_ratio"": 0.15, ""time_limit"": 1200.0}"
2026-05-16T09:56:17.894078,eil51,E2BSO-TSP,14,426.0,0.0,2737.2743,3,"{""gamma"": 0.15, ""injection_rate"": 0.12, ""ls_intensity_compress"": ""moderate"", ""ls_intensity_normal"": ""light"", ""ls_time_limit"": 0.5, ""max_iterations"": 200, ""population_size"": 24, ""remove_ratio"": 0.15, ""time_limit"": 600.0}","{""gamma"": 0.15, ""injection_rate"": 0.12, ""ls_intensity_compress"": ""moderate"", ""ls_intensity_normal"": ""light"", ""ls_time_limit"": 0.5, ""max_iterations"": 200, ""population_size"": 24, ""remove_ratio"": 0.15, ""time_limit"": 600.0}"
2026-05-16T09:56:21.835322,eil51,E2BSO-TSP,16,427.0,0.234742,2597.0111,3,"{""gamma"": 0.15, ""injection_rate"": 0.12, ""ls_intensity_compress"": ""moderate"", ""ls_intensity_normal"": ""light"", ""ls_time_limit"": 0.5, ""max_iterations"": 200, ""population_size"": 24, ""remove_ratio"": 0.2, ""time_limit"": 300.0}","{""gamma"": 0.15, ""injection_rate"": 0.12, ""ls_intensity_compress"": ""moderate"", ""ls_intensity_normal"": ""light"", ""ls_time_limit"": 0.5, ""max_iterations"": 200, ""population_size"": 24, ""remove_ratio"": 0.2, ""time_limit"": 300.0}"
2026-05-16T09:56:24.525527,eil51,E2BSO-TSP,17,426.6667,0.156495,2475.5018,3,"{""gamma"": 0.15, ""injection_rate"": 0.12, ""ls_intensity_compress"": ""moderate"", ""ls_intensity_normal"": ""light"", ""ls_time_limit"": 0.5, ""max_iterations"": 200, ""population_size"": 24, ""remove_ratio"": 0.2, ""time_limit"": 600.0}","{""gamma"": 0.15, ""injection_rate"": 0.12, ""ls_intensity_compress"": ""moderate"", ""ls_intensity_normal"": ""light"", ""ls_time_limit"": 0.5, ""max_iterations"": 200, ""population_size"": 24, ""remove_ratio"": 0.2, ""time_limit"": 600.0}"
2026-05-16T09:56:24.812101,eil51,E2BSO-TSP,18,427.0,0.234742,2430.4707,3,"{""gamma"": 0.15, ""injection_rate"": 0.12, ""ls_intensity_compress"": ""moderate"", ""ls_intensity_normal"": ""light"", ""ls_time_limit"": 0.5, ""max_iterations"": 200, ""population_size"": 24, ""remove_ratio"": 0.2, ""time_limit"": 1200.0}","{""gamma"": 0.15, ""injection_rate"": 0.12, ""ls_intensity_compress"": ""moderate"", ""ls_intensity_normal"": ""light"", ""ls_time_limit"": 0.5, ""max_iterations"": 200, ""population_size"": 24, ""remove_ratio"": 0.2, ""time_limit"": 1200.0}"
2026-05-16T09:56:26.471865,eil51,E2BSO-TSP,19,426.6667,0.156495,2850.1358,3,"{""gamma"": 0.15, ""injection_rate"": 0.18, ""ls_intensity_compress"": ""moderate"", ""ls_intensity_normal"": ""light"", ""ls_time_limit"": 0.5, ""max_iterations"": 200, ""population_size"": 24, ""remove_ratio"": 0.1, ""time_limit"": 300.0}","{""gamma"": 0.15, ""injection_rate"": 0.18, ""ls_intensity_compress"": ""moderate"", ""ls_intensity_normal"": ""light"", ""ls_time_limit"": 0.5, ""max_iterations"": 200, ""population_size"": 24, ""remove_ratio"": 0.1, ""time_limit"": 300.0}"
2026-05-16T09:56:29.037326,eil51,E2BSO-TSP,20,426.3333,0.078247,2393.956,3,"{""gamma"": 0.15, ""injection_rate"": 0.18, ""ls_intensity_compress"": ""moderate"", ""ls_intensity_normal"": ""light"", ""ls_time_limit"": 0.5, ""max_iterations"": 200, ""population_size"": 24, ""remove_ratio"": 0.1, ""time_limit"": 600.0}","{""gamma"": 0.15, ""injection_rate"": 0.18, ""ls_intensity_compress"": ""moderate"", ""ls_intensity_normal"": ""light"", ""ls_time_limit"": 0.5, ""max_iterations"": 200, ""population_size"": 24, ""remove_ratio"": 0.1, ""time_limit"": 600.0}"
2026-05-16T09:56:31.712396,eil51,E2BSO-TSP,21,426.6667,0.156495,2389.931,3,"{""gamma"": 0.15, ""injection_rate"": 0.18, ""ls_intensity_compress"": ""moderate"", ""ls_intensity_normal"": ""light"", ""ls_time_limit"": 0.5, ""max_iterations"": 200, ""population_size"": 24, ""remove_ratio"": 0.1, ""time_limit"": 1200.0}","{""gamma"": 0.15, ""injection_rate"": 0.18, ""ls_intensity_compress"": ""moderate"", ""ls_intensity_normal"": ""light"", ""ls_time_limit"": 0.5, ""max_iterations"": 200, ""population_size"": 24, ""remove_ratio"": 0.1, ""time_limit"": 1200.0}"
2026-05-16T09:56:33.209178,eil51,E2BSO-TSP,22,426.6667,0.156495,2792.5063,3,"{""gamma"": 0.15, ""injection_rate"": 0.18, ""ls_intensity_compress"": ""moderate"", ""ls_intensity_normal"": ""light"", ""ls_time_limit"": 0.5, ""max_iterations"": 200, ""population_size"": 24, ""remove_ratio"": 0.15, ""time_limit"": 300.0}","{""gamma"": 0.15, ""injection_rate"": 0.18, ""ls_intensity_compress"": ""moderate"", ""ls_intensity_normal"": ""light"", ""ls_time_limit"": 0.5, ""max_iterations"": 200, ""population_size"": 24, ""remove_ratio"": 0.15, ""time_limit"": 300.0}"
2026-05-16T09:56:33.937820,eil51,E2BSO-TSP,23,427.6667,0.391236,2479.0357,3,"{""gamma"": 0.15, ""injection_rate"": 0.18, ""ls_intensity_compress"": ""moderate"", ""ls_intensity_normal"": ""light"", ""ls_time_limit"": 0.5, ""max_iterations"": 200, ""population_size"": 24, ""remove_ratio"": 0.15, ""time_limit"": 600.0}","{""gamma"": 0.15, ""injection_rate"": 0.18, ""ls_intensity_compress"": ""moderate"", ""ls_intensity_normal"": ""light"", ""ls_time_limit"": 0.5, ""max_iterations"": 200, ""population_size"": 24, ""remove_ratio"": 0.15, ""time_limit"": 600.0}"
2026-05-16T09:56:36.824573,eil51,E2BSO-TSP,24,426.6667,0.156495,2586.5046,3,"{""gamma"": 0.15, ""injection_rate"": 0.18, ""ls_intensity_compress"": ""moderate"", ""ls_intensity_normal"": ""light"", ""ls_time_limit"": 0.5, ""max_iterations"": 200, ""population_size"": 24, ""remove_ratio"": 0.15, ""time_limit"": 1200.0}","{""gamma"": 0.15, ""injection_rate"": 0.18, ""ls_intensity_compress"": ""moderate"", ""ls_intensity_normal"": ""light"", ""ls_time_limit"": 0.5, ""max_iterations"": 200, ""population_size"": 24, ""remove_ratio"": 0.15, ""time_limit"": 1200.0}"
2026-05-16T09:56:40.541166,eil51,E2BSO-TSP,25,426.6667,0.156495,2934.2834,3,"{""gamma"": 0.15, ""injection_rate"": 0.18, ""ls_intensity_compress"": ""moderate"", ""ls_intensity_normal"": ""light"", ""ls_time_limit"": 0.5, ""max_iterations"": 200, ""population_size"": 24, ""remove_ratio"": 0.2, ""time_limit"": 300.0}","{""gamma"": 0.15, ""injection_rate"": 0.18, ""ls_intensity_compress"": ""moderate"", ""ls_intensity_normal"": ""light"", ""ls_time_limit"": 0.5, ""max_iterations"": 200, ""population_size"": 24, ""remove_ratio"": 0.2, ""time_limit"": 300.0}"
2026-05-16T09:56:41.356696,eil51,E2BSO-TSP,26,426.3333,0.078247,2709.5201,3,"{""gamma"": 0.15, ""injection_rate"": 0.18, ""ls_intensity_compress"": ""moderate"", ""ls_intensity_normal"": ""light"", ""ls_time_limit"": 0.5, ""max_iterations"": 200, ""population_size"": 24, ""remove_ratio"": 0.2, ""time_limit"": 600.0}","{""gamma"": 0.15, ""injection_rate"": 0.18, ""ls_intensity_compress"": ""moderate"", ""ls_intensity_normal"": ""light"", ""ls_time_limit"": 0.5, ""max_iterations"": 200, ""population_size"": 24, ""remove_ratio"": 0.2, ""time_limit"": 600.0}"
2026-05-16T09:56:42.218937,eil51,E2BSO-TSP,27,426.6667,0.156495,2755.662,3,"{""gamma"": 0.15, ""injection_rate"": 0.18, ""ls_intensity_compress"": ""moderate"", ""ls_intensity_normal"": ""light"", ""ls_time_limit"": 0.5, ""max_iterations"": 200, ""population_size"": 24, ""remove_ratio"": 0.2, ""time_limit"": 1200.0}","{""gamma"": 0.15, ""injection_rate"": 0.18, ""ls_intensity_compress"": ""moderate"", ""ls_intensity_normal"": ""light"", ""ls_time_limit"": 0.5, ""max_iterations"": 200, ""population_size"": 24, ""remove_ratio"": 0.2, ""time_limit"": 1200.0}"
2026-05-16T09:56:45.164281,eil51,E2BSO-TSP,28,427.0,0.234742,2773.951,3,"{""gamma"": 0.2, ""injection_rate"": 0.08, ""ls_intensity_compress"": ""moderate"", ""ls_intensity_normal"": ""light"", ""ls_time_limit"": 0.5, ""max_iterations"": 200, ""population_size"": 24, ""remove_ratio"": 0.1, ""time_limit"": 300.0}","{""gamma"": 0.2, ""injection_rate"": 0.08, ""ls_intensity_compress"": ""moderate"", ""ls_intensity_normal"": ""light"", ""ls_time_limit"": 0.5, ""max_iterations"": 200, ""population_size"": 24, ""remove_ratio"": 0.1, ""time_limit"": 300.0}"
2026-05-16T09:56:47.627499,eil51,E2BSO-TSP,29,426.6667,0.156495,2356.6823,3,"{""gamma"": 0.2, ""injection_rate"": 0.08, ""ls_intensity_compress"": ""moderate"", ""ls_intensity_normal"": ""light"", ""ls_time_limit"": 0.5, ""max_iterations"": 200, ""population_size"": 24, ""remove_ratio"": 0.1, ""time_limit"": 600.0}","{""gamma"": 0.2, ""injection_rate"": 0.08, ""ls_intensity_compress"": ""moderate"", ""ls_intensity_normal"": ""light"", ""ls_time_limit"": 0.5, ""max_iterations"": 200, ""population_size"": 24, ""remove_ratio"": 0.1, ""time_limit"": 600.0}"
2026-05-16T09:56:48.537938,eil51,E2BSO-TSP,30,427.0,0.234742,2388.2731,3,"{""gamma"": 0.2, ""injection_rate"": 0.08, ""ls_intensity_compress"": ""moderate"", ""ls_intensity_normal"": ""light"", ""ls_time_limit"": 0.5, ""max_iterations"": 200, ""population_size"": 24, ""remove_ratio"": 0.1, ""time_limit"": 1200.0}","{""gamma"": 0.2, ""injection_rate"": 0.08, ""ls_intensity_compress"": ""moderate"", ""ls_intensity_normal"": ""light"", ""ls_time_limit"": 0.5, ""max_iterations"": 200, ""population_size"": 24, ""remove_ratio"": 0.1, ""time_limit"": 1200.0}"
2026-05-16T09:56:49.506784,eil51,E2BSO-TSP,31,427.0,0.234742,2418.902,3,"{""gamma"": 0.2, ""injection_rate"": 0.08, ""ls_intensity_compress"": ""moderate"", ""ls_intensity_normal"": ""light"", ""ls_time_limit"": 0.5, ""max_iterations"": 200, ""population_size"": 24, ""remove_ratio"": 0.15, ""time_limit"": 300.0}","{""gamma"": 0.2, ""injection_rate"": 0.08, ""ls_intensity_compress"": ""moderate"", ""ls_intensity_normal"": ""light"", ""ls_time_limit"": 0.5, ""max_iterations"": 200, ""population_size"": 24, ""remove_ratio"": 0.15, ""time_limit"": 300.0}"
2026-05-16T09:56:52.487745,eil51,E2BSO-TSP,32,427.3333,0.312989,2432.1025,3,"{""gamma"": 0.2, ""injection_rate"": 0.08, ""ls_intensity_compress"": ""moderate"", ""ls_intensity_normal"": ""light"", ""ls_time_limit"": 0.5, ""max_iterations"": 200, ""population_size"": 24, ""remove_ratio"": 0.15, ""time_limit"": 600.0}","{""gamma"": 0.2, ""injection_rate"": 0.08, ""ls_intensity_compress"": ""moderate"", ""ls_intensity_normal"": ""light"", ""ls_time_limit"": 0.5, ""max_iterations"": 200, ""population_size"": 24, ""remove_ratio"": 0.15, ""time_limit"": 600.0}"
2026-05-16T09:56:54.698261,eil51,E2BSO-TSP,33,426.0,0.0,2350.6639,3,"{""gamma"": 0.2, ""injection_rate"": 0.08, ""ls_intensity_compress"": ""moderate"", ""ls_intensity_normal"": ""light"", ""ls_time_limit"": 0.5, ""max_iterations"": 200, ""population_size"": 24, ""remove_ratio"": 0.15, ""time_limit"": 1200.0}","{""gamma"": 0.2, ""injection_rate"": 0.08, ""ls_intensity_compress"": ""moderate"", ""ls_intensity_normal"": ""light"", ""ls_time_limit"": 0.5, ""max_iterations"": 200, ""population_size"": 24, ""remove_ratio"": 0.15, ""time_limit"": 1200.0}"
2026-05-16T09:56:55.920834,eil51,E2BSO-TSP,34,427.0,0.234742,2455.6629,3,"{""gamma"": 0.2, ""injection_rate"": 0.08, ""ls_intensity_compress"": ""moderate"", ""ls_intensity_normal"": ""light"", ""ls_time_limit"": 0.5, ""max_iterations"": 200, ""population_size"": 24, ""remove_ratio"": 0.2, ""time_limit"": 300.0}","{""gamma"": 0.2, ""injection_rate"": 0.08, ""ls_intensity_compress"": ""moderate"", ""ls_intensity_normal"": ""light"", ""ls_time_limit"": 0.5, ""max_iterations"": 200, ""population_size"": 24, ""remove_ratio"": 0.2, ""time_limit"": 300.0}"
2026-05-16T09:56:57.768727,eil51,E2BSO-TSP,35,427.3333,0.312989,2748.3568,3,"{""gamma"": 0.2, ""injection_rate"": 0.08, ""ls_intensity_compress"": ""moderate"", ""ls_intensity_normal"": ""light"", ""ls_time_limit"": 0.5, ""max_iterations"": 200, ""population_size"": 24, ""remove_ratio"": 0.2, ""time_limit"": 600.0}","{""gamma"": 0.2, ""injection_rate"": 0.08, ""ls_intensity_compress"": ""moderate"", ""ls_intensity_normal"": ""light"", ""ls_time_limit"": 0.5, ""max_iterations"": 200, ""population_size"": 24, ""remove_ratio"": 0.2, ""time_limit"": 600.0}"
2026-05-16T09:57:01.101017,eil51,E2BSO-TSP,36,426.3333,0.078247,2864.5819,3,"{""gamma"": 0.2, ""injection_rate"": 0.08, ""ls_intensity_compress"": ""moderate"", ""ls_intensity_normal"": ""light"", ""ls_time_limit"": 0.5, ""max_iterations"": 200, ""population_size"": 24, ""remove_ratio"": 0.2, ""time_limit"": 1200.0}","{""gamma"": 0.2, ""injection_rate"": 0.08, ""ls_intensity_compress"": ""moderate"", ""ls_intensity_normal"": ""light"", ""ls_time_limit"": 0.5, ""max_iterations"": 200, ""population_size"": 24, ""remove_ratio"": 0.2, ""time_limit"": 1200.0}"
2026-05-16T09:57:01.966549,eil51,E2BSO-TSP,37,427.0,0.234742,2418.5111,3,"{""gamma"": 0.2, ""injection_rate"": 0.12, ""ls_intensity_compress"": ""moderate"", ""ls_intensity_normal"": ""light"", ""ls_time_limit"": 0.5, ""max_iterations"": 200, ""population_size"": 24, ""remove_ratio"": 0.1, ""time_limit"": 300.0}","{""gamma"": 0.2, ""injection_rate"": 0.12, ""ls_intensity_compress"": ""moderate"", ""ls_intensity_normal"": ""light"", ""ls_time_limit"": 0.5, ""max_iterations"": 200, ""population_size"": 24, ""remove_ratio"": 0.1, ""time_limit"": 300.0}"
2026-05-16T09:57:03.179011,eil51,E2BSO-TSP,38,427.3333,0.312989,2412.6196,3,"{""gamma"": 0.2, ""injection_rate"": 0.12, ""ls_intensity_compress"": ""moderate"", ""ls_intensity_normal"": ""light"", ""ls_time_limit"": 0.5, ""max_iterations"": 200, ""population_size"": 24, ""remove_ratio"": 0.1, ""time_limit"": 600.0}","{""gamma"": 0.2, ""injection_rate"": 0.12, ""ls_intensity_compress"": ""moderate"", ""ls_intensity_normal"": ""light"", ""ls_time_limit"": 0.5, ""max_iterations"": 200, ""population_size"": 24, ""remove_ratio"": 0.1, ""time_limit"": 600.0}"
2026-05-16T09:57:05.127007,eil51,E2BSO-TSP,39,426.6667,0.156495,2446.3465,3,"{""gamma"": 0.2, ""injection_rate"": 0.12, ""ls_intensity_compress"": ""moderate"", ""ls_intensity_normal"": ""light"", ""ls_time_limit"": 0.5, ""max_iterations"": 200, ""population_size"": 24, ""remove_ratio"": 0.1, ""time_limit"": 1200.0}","{""gamma"": 0.2, ""injection_rate"": 0.12, ""ls_intensity_compress"": ""moderate"", ""ls_intensity_normal"": ""light"", ""ls_time_limit"": 0.5, ""max_iterations"": 200, ""population_size"": 24, ""remove_ratio"": 0.1, ""time_limit"": 1200.0}"
2026-05-16T09:57:09.274688,eil51,E2BSO-TSP,41,426.0,0.0,2430.4371,3,"{""gamma"": 0.2, ""injection_rate"": 0.12, ""ls_intensity_compress"": ""moderate"", ""ls_intensity_normal"": ""light"", ""ls_time_limit"": 0.5, ""max_iterations"": 200, ""population_size"": 24, ""remove_ratio"": 0.15, ""time_limit"": 600.0}","{""gamma"": 0.2, ""injection_rate"": 0.12, ""ls_intensity_compress"": ""moderate"", ""ls_intensity_normal"": ""light"", ""ls_time_limit"": 0.5, ""max_iterations"": 200, ""population_size"": 24, ""remove_ratio"": 0.15, ""time_limit"": 600.0}"
2026-05-16T09:57:09.657183,eil51,E2BSO-TSP,40,426.6667,0.156495,2846.4065,3,"{""gamma"": 0.2, ""injection_rate"": 0.12, ""ls_intensity_compress"": ""moderate"", ""ls_intensity_normal"": ""light"", ""ls_time_limit"": 0.5, ""max_iterations"": 200, ""population_size"": 24, ""remove_ratio"": 0.15, ""time_limit"": 300.0}","{""gamma"": 0.2, ""injection_rate"": 0.12, ""ls_intensity_compress"": ""moderate"", ""ls_intensity_normal"": ""light"", ""ls_time_limit"": 0.5, ""max_iterations"": 200, ""population_size"": 24, ""remove_ratio"": 0.15, ""time_limit"": 300.0}"
2026-05-16T09:57:10.420974,eil51,E2BSO-TSP,42,427.6667,0.391236,2409.8724,3,"{""gamma"": 0.2, ""injection_rate"": 0.12, ""ls_intensity_compress"": ""moderate"", ""ls_intensity_normal"": ""light"", ""ls_time_limit"": 0.5, ""max_iterations"": 200, ""population_size"": 24, ""remove_ratio"": 0.15, ""time_limit"": 1200.0}","{""gamma"": 0.2, ""injection_rate"": 0.12, ""ls_intensity_compress"": ""moderate"", ""ls_intensity_normal"": ""light"", ""ls_time_limit"": 0.5, ""max_iterations"": 200, ""population_size"": 24, ""remove_ratio"": 0.15, ""time_limit"": 1200.0}"
2026-05-16T09:57:12.647691,eil51,E2BSO-TSP,43,426.6667,0.156495,2501.8351,3,"{""gamma"": 0.2, ""injection_rate"": 0.12, ""ls_intensity_compress"": ""moderate"", ""ls_intensity_normal"": ""light"", ""ls_time_limit"": 0.5, ""max_iterations"": 200, ""population_size"": 24, ""remove_ratio"": 0.2, ""time_limit"": 300.0}","{""gamma"": 0.2, ""injection_rate"": 0.12, ""ls_intensity_compress"": ""moderate"", ""ls_intensity_normal"": ""light"", ""ls_time_limit"": 0.5, ""max_iterations"": 200, ""population_size"": 24, ""remove_ratio"": 0.2, ""time_limit"": 300.0}"
2026-05-16T09:57:16.997351,eil51,E2BSO-TSP,45,426.3333,0.078247,2441.0302,3,"{""gamma"": 0.2, ""injection_rate"": 0.12, ""ls_intensity_compress"": ""moderate"", ""ls_intensity_normal"": ""light"", ""ls_time_limit"": 0.5, ""max_iterations"": 200, ""population_size"": 24, ""remove_ratio"": 0.2, ""time_limit"": 1200.0}","{""gamma"": 0.2, ""injection_rate"": 0.12, ""ls_intensity_compress"": ""moderate"", ""ls_intensity_normal"": ""light"", ""ls_time_limit"": 0.5, ""max_iterations"": 200, ""population_size"": 24, ""remove_ratio"": 0.2, ""time_limit"": 1200.0}"
2026-05-16T09:57:17.953358,eil51,E2BSO-TSP,46,427.0,0.234742,2505.7014,3,"{""gamma"": 0.2, ""injection_rate"": 0.18, ""ls_intensity_compress"": ""moderate"", ""ls_intensity_normal"": ""light"", ""ls_time_limit"": 0.5, ""max_iterations"": 200, ""population_size"": 24, ""remove_ratio"": 0.1, ""time_limit"": 300.0}","{""gamma"": 0.2, ""injection_rate"": 0.18, ""ls_intensity_compress"": ""moderate"", ""ls_intensity_normal"": ""light"", ""ls_time_limit"": 0.5, ""max_iterations"": 200, ""population_size"": 24, ""remove_ratio"": 0.1, ""time_limit"": 300.0}"
2026-05-16T09:57:18.848833,eil51,E2BSO-TSP,44,426.6667,0.156495,3186.5901,3,"{""gamma"": 0.2, ""injection_rate"": 0.12, ""ls_intensity_compress"": ""moderate"", ""ls_intensity_normal"": ""light"", ""ls_time_limit"": 0.5, ""max_iterations"": 200, ""population_size"": 24, ""remove_ratio"": 0.2, ""time_limit"": 600.0}","{""gamma"": 0.2, ""injection_rate"": 0.12, ""ls_intensity_compress"": ""moderate"", ""ls_intensity_normal"": ""light"", ""ls_time_limit"": 0.5, ""max_iterations"": 200, ""population_size"": 24, ""remove_ratio"": 0.2, ""time_limit"": 600.0}"
2026-05-16T09:57:20.077538,eil51,E2BSO-TSP,47,427.3333,0.312989,2469.5601,3,"{""gamma"": 0.2, ""injection_rate"": 0.18, ""ls_intensity_compress"": ""moderate"", ""ls_intensity_normal"": ""light"", ""ls_time_limit"": 0.5, ""max_iterations"": 200, ""population_size"": 24, ""remove_ratio"": 0.1, ""time_limit"": 600.0}","{""gamma"": 0.2, ""injection_rate"": 0.18, ""ls_intensity_compress"": ""moderate"", ""ls_intensity_normal"": ""light"", ""ls_time_limit"": 0.5, ""max_iterations"": 200, ""population_size"": 24, ""remove_ratio"": 0.1, ""time_limit"": 600.0}"
2026-05-16T09:57:24.465825,eil51,E2BSO-TSP,48,427.0,0.234742,2482.7451,3,"{""gamma"": 0.2, ""injection_rate"": 0.18, ""ls_intensity_compress"": ""moderate"", ""ls_intensity_normal"": ""light"", ""ls_time_limit"": 0.5, ""max_iterations"": 200, ""population_size"": 24, ""remove_ratio"": 0.1, ""time_limit"": 1200.0}","{""gamma"": 0.2, ""injection_rate"": 0.18, ""ls_intensity_compress"": ""moderate"", ""ls_intensity_normal"": ""light"", ""ls_time_limit"": 0.5, ""max_iterations"": 200, ""population_size"": 24, ""remove_ratio"": 0.1, ""time_limit"": 1200.0}"
2026-05-16T09:57:25.948364,eil51,E2BSO-TSP,49,426.6667,0.156495,2659.8712,3,"{""gamma"": 0.2, ""injection_rate"": 0.18, ""ls_intensity_compress"": ""moderate"", ""ls_intensity_normal"": ""light"", ""ls_time_limit"": 0.5, ""max_iterations"": 200, ""population_size"": 24, ""remove_ratio"": 0.15, ""time_limit"": 300.0}","{""gamma"": 0.2, ""injection_rate"": 0.18, ""ls_intensity_compress"": ""moderate"", ""ls_intensity_normal"": ""light"", ""ls_time_limit"": 0.5, ""max_iterations"": 200, ""population_size"": 24, ""remove_ratio"": 0.15, ""time_limit"": 300.0}"
2026-05-16T09:57:26.588198,eil51,E2BSO-TSP,50,427.0,0.234742,2570.5302,3,"{""gamma"": 0.2, ""injection_rate"": 0.18, ""ls_intensity_compress"": ""moderate"", ""ls_intensity_normal"": ""light"", ""ls_time_limit"": 0.5, ""max_iterations"": 200, ""population_size"": 24, ""remove_ratio"": 0.15, ""time_limit"": 600.0}","{""gamma"": 0.2, ""injection_rate"": 0.18, ""ls_intensity_compress"": ""moderate"", ""ls_intensity_normal"": ""light"", ""ls_time_limit"": 0.5, ""max_iterations"": 200, ""population_size"": 24, ""remove_ratio"": 0.15, ""time_limit"": 600.0}"
2026-05-16T09:57:29.450045,eil51,E2BSO-TSP-CPSO,1,428.3333,0.547731,3117.4989,3,"{""c1"": 1.0, ""c2"": 1.0, ""gamma"": 0.15, ""inertia"": 0.5, ""injection_rate"": 0.08, ""ls_intensity_compress"": ""moderate"", ""ls_intensity_normal"": ""light"", ""ls_time_limit"": 0.5, ""max_iterations"": 200, ""population_size"": 24, ""remove_ratio"": 0.1, ""time_limit"": 300.0}","{""c1"": 1.0, ""c2"": 1.0, ""gamma"": 0.15, ""inertia"": 0.5, ""injection_rate"": 0.08, ""ls_intensity_compress"": ""moderate"", ""ls_intensity_normal"": ""light"", ""ls_time_limit"": 0.5, ""max_iterations"": 200, ""population_size"": 24, ""remove_ratio"": 0.1, ""time_limit"": 300.0}"
2026-05-16T09:57:33.896121,eil51,E2BSO-TSP-CPSO,2,428.0,0.469484,3138.7115,3,"{""c1"": 1.0, ""c2"": 1.0, ""gamma"": 0.15, ""inertia"": 0.5, ""injection_rate"": 0.08, ""ls_intensity_compress"": ""moderate"", ""ls_intensity_normal"": ""light"", ""ls_time_limit"": 0.5, ""max_iterations"": 200, ""population_size"": 24, ""remove_ratio"": 0.1, ""time_limit"": 600.0}","{""c1"": 1.0, ""c2"": 1.0, ""gamma"": 0.15, ""inertia"": 0.5, ""injection_rate"": 0.08, ""ls_intensity_compress"": ""moderate"", ""ls_intensity_normal"": ""light"", ""ls_time_limit"": 0.5, ""max_iterations"": 200, ""population_size"": 24, ""remove_ratio"": 0.1, ""time_limit"": 600.0}"
2026-05-16T09:57:35.422992,eil51,E2BSO-TSP-CPSO,3,427.6667,0.391236,3151.9184,3,"{""c1"": 1.0, ""c2"": 1.0, ""gamma"": 0.15, ""inertia"": 0.5, ""injection_rate"": 0.08, ""ls_intensity_compress"": ""moderate"", ""ls_intensity_normal"": ""light"", ""ls_time_limit"": 0.5, ""max_iterations"": 200, ""population_size"": 24, ""remove_ratio"": 0.1, ""time_limit"": 1200.0}","{""c1"": 1.0, ""c2"": 1.0, ""gamma"": 0.15, ""inertia"": 0.5, ""injection_rate"": 0.08, ""ls_intensity_compress"": ""moderate"", ""ls_intensity_normal"": ""light"", ""ls_time_limit"": 0.5, ""max_iterations"": 200, ""population_size"": 24, ""remove_ratio"": 0.1, ""time_limit"": 1200.0}"
2026-05-16T09:57:36.284566,eil51,E2BSO-TSP-CPSO,4,427.3333,0.312989,3226.0902,3,"{""c1"": 1.0, ""c2"": 1.0, ""gamma"": 0.15, ""inertia"": 0.7, ""injection_rate"": 0.08, ""ls_intensity_compress"": ""moderate"", ""ls_intensity_normal"": ""light"", ""ls_time_limit"": 0.5, ""max_iterations"": 200, ""population_size"": 24, ""remove_ratio"": 0.1, ""time_limit"": 300.0}","{""c1"": 1.0, ""c2"": 1.0, ""gamma"": 0.15, ""inertia"": 0.7, ""injection_rate"": 0.08, ""ls_intensity_compress"": ""moderate"", ""ls_intensity_normal"": ""light"", ""ls_time_limit"": 0.5, ""max_iterations"": 200, ""population_size"": 24, ""remove_ratio"": 0.1, ""time_limit"": 300.0}"
2026-05-16T09:57:39.200551,eil51,E2BSO-TSP-CPSO,5,427.3333,0.312989,3244.5034,3,"{""c1"": 1.0, ""c2"": 1.0, ""gamma"": 0.15, ""inertia"": 0.7, ""injection_rate"": 0.08, ""ls_intensity_compress"": ""moderate"", ""ls_intensity_normal"": ""light"", ""ls_time_limit"": 0.5, ""max_iterations"": 200, ""population_size"": 24, ""remove_ratio"": 0.1, ""time_limit"": 600.0}","{""c1"": 1.0, ""c2"": 1.0, ""gamma"": 0.15, ""inertia"": 0.7, ""injection_rate"": 0.08, ""ls_intensity_compress"": ""moderate"", ""ls_intensity_normal"": ""light"", ""ls_time_limit"": 0.5, ""max_iterations"": 200, ""population_size"": 24, ""remove_ratio"": 0.1, ""time_limit"": 600.0}"
2026-05-16T09:57:43.610470,eil51,E2BSO-TSP-CPSO,6,428.3333,0.547731,3232.7259,3,"{""c1"": 1.0, ""c2"": 1.0, ""gamma"": 0.15, ""inertia"": 0.7, ""injection_rate"": 0.08, ""ls_intensity_compress"": ""moderate"", ""ls_intensity_normal"": ""light"", ""ls_time_limit"": 0.5, ""max_iterations"": 200, ""population_size"": 24, ""remove_ratio"": 0.1, ""time_limit"": 1200.0}","{""c1"": 1.0, ""c2"": 1.0, ""gamma"": 0.15, ""inertia"": 0.7, ""injection_rate"": 0.08, ""ls_intensity_compress"": ""moderate"", ""ls_intensity_normal"": ""light"", ""ls_time_limit"": 0.5, ""max_iterations"": 200, ""population_size"": 24, ""remove_ratio"": 0.1, ""time_limit"": 1200.0}"
2026-05-16T09:57:45.229648,eil51,E2BSO-TSP-CPSO,7,427.0,0.234742,3262.9039,3,"{""c1"": 1.0, ""c2"": 1.0, ""gamma"": 0.15, ""inertia"": 0.9, ""injection_rate"": 0.08, ""ls_intensity_compress"": ""moderate"", ""ls_intensity_normal"": ""light"", ""ls_time_limit"": 0.5, ""max_iterations"": 200, ""population_size"": 24, ""remove_ratio"": 0.1, ""time_limit"": 300.0}","{""c1"": 1.0, ""c2"": 1.0, ""gamma"": 0.15, ""inertia"": 0.9, ""injection_rate"": 0.08, ""ls_intensity_compress"": ""moderate"", ""ls_intensity_normal"": ""light"", ""ls_time_limit"": 0.5, ""max_iterations"": 200, ""population_size"": 24, ""remove_ratio"": 0.1, ""time_limit"": 300.0}"
2026-05-16T09:57:46.109797,eil51,E2BSO-TSP-CPSO,8,426.6667,0.156495,3267.9425,3,"{""c1"": 1.0, ""c2"": 1.0, ""gamma"": 0.15, ""inertia"": 0.9, ""injection_rate"": 0.08, ""ls_intensity_compress"": ""moderate"", ""ls_intensity_normal"": ""light"", ""ls_time_limit"": 0.5, ""max_iterations"": 200, ""population_size"": 24, ""remove_ratio"": 0.1, ""time_limit"": 600.0}","{""c1"": 1.0, ""c2"": 1.0, ""gamma"": 0.15, ""inertia"": 0.9, ""injection_rate"": 0.08, ""ls_intensity_compress"": ""moderate"", ""ls_intensity_normal"": ""light"", ""ls_time_limit"": 0.5, ""max_iterations"": 200, ""population_size"": 24, ""remove_ratio"": 0.1, ""time_limit"": 600.0}"
2026-05-16T09:57:48.957434,eil51,E2BSO-TSP-CPSO,9,427.0,0.234742,3246.1745,3,"{""c1"": 1.0, ""c2"": 1.0, ""gamma"": 0.15, ""inertia"": 0.9, ""injection_rate"": 0.08, ""ls_intensity_compress"": ""moderate"", ""ls_intensity_normal"": ""light"", ""ls_time_limit"": 0.5, ""max_iterations"": 200, ""population_size"": 24, ""remove_ratio"": 0.1, ""time_limit"": 1200.0}","{""c1"": 1.0, ""c2"": 1.0, ""gamma"": 0.15, ""inertia"": 0.9, ""injection_rate"": 0.08, ""ls_intensity_compress"": ""moderate"", ""ls_intensity_normal"": ""light"", ""ls_time_limit"": 0.5, ""max_iterations"": 200, ""population_size"": 24, ""remove_ratio"": 0.1, ""time_limit"": 1200.0}"
2026-05-16T09:57:53.208426,eil51,E2BSO-TSP-CPSO,10,427.6667,0.391236,3195.0705,3,"{""c1"": 1.0, ""c2"": 1.5, ""gamma"": 0.15, ""inertia"": 0.5, ""injection_rate"": 0.08, ""ls_intensity_compress"": ""moderate"", ""ls_intensity_normal"": ""light"", ""ls_time_limit"": 0.5, ""max_iterations"": 200, ""population_size"": 24, ""remove_ratio"": 0.1, ""time_limit"": 300.0}","{""c1"": 1.0, ""c2"": 1.5, ""gamma"": 0.15, ""inertia"": 0.5, ""injection_rate"": 0.08, ""ls_intensity_compress"": ""moderate"", ""ls_intensity_normal"": ""light"", ""ls_time_limit"": 0.5, ""max_iterations"": 200, ""population_size"": 24, ""remove_ratio"": 0.1, ""time_limit"": 300.0}"
2026-05-16T09:57:54.395720,eil51,E2BSO-TSP-CPSO,11,428.0,0.469484,3050.2468,3,"{""c1"": 1.0, ""c2"": 1.5, ""gamma"": 0.15, ""inertia"": 0.5, ""injection_rate"": 0.08, ""ls_intensity_compress"": ""moderate"", ""ls_intensity_normal"": ""light"", ""ls_time_limit"": 0.5, ""max_iterations"": 200, ""population_size"": 24, ""remove_ratio"": 0.1, ""time_limit"": 600.0}","{""c1"": 1.0, ""c2"": 1.5, ""gamma"": 0.15, ""inertia"": 0.5, ""injection_rate"": 0.08, ""ls_intensity_compress"": ""moderate"", ""ls_intensity_normal"": ""light"", ""ls_time_limit"": 0.5, ""max_iterations"": 200, ""population_size"": 24, ""remove_ratio"": 0.1, ""time_limit"": 600.0}"
2026-05-16T09:57:55.603251,eil51,E2BSO-TSP-CPSO,12,427.6667,0.391236,3157.2252,3,"{""c1"": 1.0, ""c2"": 1.5, ""gamma"": 0.15, ""inertia"": 0.5, ""injection_rate"": 0.08, ""ls_intensity_compress"": ""moderate"", ""ls_intensity_normal"": ""light"", ""ls_time_limit"": 0.5, ""max_iterations"": 200, ""population_size"": 24, ""remove_ratio"": 0.1, ""time_limit"": 1200.0}","{""c1"": 1.0, ""c2"": 1.5, ""gamma"": 0.15, ""inertia"": 0.5, ""injection_rate"": 0.08, ""ls_intensity_compress"": ""moderate"", ""ls_intensity_normal"": ""light"", ""ls_time_limit"": 0.5, ""max_iterations"": 200, ""population_size"": 24, ""remove_ratio"": 0.1, ""time_limit"": 1200.0}"
2026-05-16T09:57:58.844396,eil51,E2BSO-TSP-CPSO,13,427.0,0.234742,3232.2628,3,"{""c1"": 1.0, ""c2"": 1.5, ""gamma"": 0.15, ""inertia"": 0.7, ""injection_rate"": 0.08, ""ls_intensity_compress"": ""moderate"", ""ls_intensity_normal"": ""light"", ""ls_time_limit"": 0.5, ""max_iterations"": 200, ""population_size"": 24, ""remove_ratio"": 0.1, ""time_limit"": 300.0}","{""c1"": 1.0, ""c2"": 1.5, ""gamma"": 0.15, ""inertia"": 0.7, ""injection_rate"": 0.08, ""ls_intensity_compress"": ""moderate"", ""ls_intensity_normal"": ""light"", ""ls_time_limit"": 0.5, ""max_iterations"": 200, ""population_size"": 24, ""remove_ratio"": 0.1, ""time_limit"": 300.0}"
2026-05-16T09:58:03.756832,eil51,E2BSO-TSP-CPSO,15,426.3333,0.078247,3112.194,3,"{""c1"": 1.0, ""c2"": 1.5, ""gamma"": 0.15, ""inertia"": 0.7, ""injection_rate"": 0.08, ""ls_intensity_compress"": ""moderate"", ""ls_intensity_normal"": ""light"", ""ls_time_limit"": 0.5, ""max_iterations"": 200, ""population_size"": 24, ""remove_ratio"": 0.1, ""time_limit"": 1200.0}","{""c1"": 1.0, ""c2"": 1.5, ""gamma"": 0.15, ""inertia"": 0.7, ""injection_rate"": 0.08, ""ls_intensity_compress"": ""moderate"", ""ls_intensity_normal"": ""light"", ""ls_time_limit"": 0.5, ""max_iterations"": 200, ""population_size"": 24, ""remove_ratio"": 0.1, ""time_limit"": 1200.0}"
2026-05-16T09:58:04.744385,eil51,E2BSO-TSP-CPSO,14,428.0,0.469484,3840.9248,3,"{""c1"": 1.0, ""c2"": 1.5, ""gamma"": 0.15, ""inertia"": 0.7, ""injection_rate"": 0.08, ""ls_intensity_compress"": ""moderate"", ""ls_intensity_normal"": ""light"", ""ls_time_limit"": 0.5, ""max_iterations"": 200, ""population_size"": 24, ""remove_ratio"": 0.1, ""time_limit"": 600.0}","{""c1"": 1.0, ""c2"": 1.5, ""gamma"": 0.15, ""inertia"": 0.7, ""injection_rate"": 0.08, ""ls_intensity_compress"": ""moderate"", ""ls_intensity_normal"": ""light"", ""ls_time_limit"": 0.5, ""max_iterations"": 200, ""population_size"": 24, ""remove_ratio"": 0.1, ""time_limit"": 600.0}"
2026-05-16T09:58:04.970709,eil51,E2BSO-TSP-CPSO,16,428.0,0.469484,3117.2993,3,"{""c1"": 1.0, ""c2"": 1.5, ""gamma"": 0.15, ""inertia"": 0.9, ""injection_rate"": 0.08, ""ls_intensity_compress"": ""moderate"", ""ls_intensity_normal"": ""light"", ""ls_time_limit"": 0.5, ""max_iterations"": 200, ""population_size"": 24, ""remove_ratio"": 0.1, ""time_limit"": 300.0}","{""c1"": 1.0, ""c2"": 1.5, ""gamma"": 0.15, ""inertia"": 0.9, ""injection_rate"": 0.08, ""ls_intensity_compress"": ""moderate"", ""ls_intensity_normal"": ""light"", ""ls_time_limit"": 0.5, ""max_iterations"": 200, ""population_size"": 24, ""remove_ratio"": 0.1, ""time_limit"": 300.0}"
2026-05-16T09:58:10.224048,eil51,E2BSO-TSP-CPSO,17,428.0,0.469484,3788.4151,3,"{""c1"": 1.0, ""c2"": 1.5, ""gamma"": 0.15, ""inertia"": 0.9, ""injection_rate"": 0.08, ""ls_intensity_compress"": ""moderate"", ""ls_intensity_normal"": ""light"", ""ls_time_limit"": 0.5, ""max_iterations"": 200, ""population_size"": 24, ""remove_ratio"": 0.1, ""time_limit"": 600.0}","{""c1"": 1.0, ""c2"": 1.5, ""gamma"": 0.15, ""inertia"": 0.9, ""injection_rate"": 0.08, ""ls_intensity_compress"": ""moderate"", ""ls_intensity_normal"": ""light"", ""ls_time_limit"": 0.5, ""max_iterations"": 200, ""population_size"": 24, ""remove_ratio"": 0.1, ""time_limit"": 600.0}"
2026-05-16T09:58:13.078624,eil51,E2BSO-TSP-CPSO,18,428.0,0.469484,3102.0335,3,"{""c1"": 1.0, ""c2"": 1.5, ""gamma"": 0.15, ""inertia"": 0.9, ""injection_rate"": 0.08, ""ls_intensity_compress"": ""moderate"", ""ls_intensity_normal"": ""light"", ""ls_time_limit"": 0.5, ""max_iterations"": 200, ""population_size"": 24, ""remove_ratio"": 0.1, ""time_limit"": 1200.0}","{""c1"": 1.0, ""c2"": 1.5, ""gamma"": 0.15, ""inertia"": 0.9, ""injection_rate"": 0.08, ""ls_intensity_compress"": ""moderate"", ""ls_intensity_normal"": ""light"", ""ls_time_limit"": 0.5, ""max_iterations"": 200, ""population_size"": 24, ""remove_ratio"": 0.1, ""time_limit"": 1200.0}"
2026-05-16T09:58:13.899353,eil51,E2BSO-TSP-CPSO,19,427.0,0.234742,3042.3263,3,"{""c1"": 1.0, ""c2"": 2.0, ""gamma"": 0.15, ""inertia"": 0.5, ""injection_rate"": 0.08, ""ls_intensity_compress"": ""moderate"", ""ls_intensity_normal"": ""light"", ""ls_time_limit"": 0.5, ""max_iterations"": 200, ""population_size"": 24, ""remove_ratio"": 0.1, ""time_limit"": 300.0}","{""c1"": 1.0, ""c2"": 2.0, ""gamma"": 0.15, ""inertia"": 0.5, ""injection_rate"": 0.08, ""ls_intensity_compress"": ""moderate"", ""ls_intensity_normal"": ""light"", ""ls_time_limit"": 0.5, ""max_iterations"": 200, ""population_size"": 24, ""remove_ratio"": 0.1, ""time_limit"": 300.0}"
2026-05-16T09:58:14.306551,eil51,E2BSO-TSP-CPSO,20,427.0,0.234742,3102.6217,3,"{""c1"": 1.0, ""c2"": 2.0, ""gamma"": 0.15, ""inertia"": 0.5, ""injection_rate"": 0.08, ""ls_intensity_compress"": ""moderate"", ""ls_intensity_normal"": ""light"", ""ls_time_limit"": 0.5, ""max_iterations"": 200, ""population_size"": 24, ""remove_ratio"": 0.1, ""time_limit"": 600.0}","{""c1"": 1.0, ""c2"": 2.0, ""gamma"": 0.15, ""inertia"": 0.5, ""injection_rate"": 0.08, ""ls_intensity_compress"": ""moderate"", ""ls_intensity_normal"": ""light"", ""ls_time_limit"": 0.5, ""max_iterations"": 200, ""population_size"": 24, ""remove_ratio"": 0.1, ""time_limit"": 600.0}"
2026-05-16T09:58:19.374448,eil51,E2BSO-TSP-CPSO,21,428.3333,0.547731,3041.0929,3,"{""c1"": 1.0, ""c2"": 2.0, ""gamma"": 0.15, ""inertia"": 0.5, ""injection_rate"": 0.08, ""ls_intensity_compress"": ""moderate"", ""ls_intensity_normal"": ""light"", ""ls_time_limit"": 0.5, ""max_iterations"": 200, ""population_size"": 24, ""remove_ratio"": 0.1, ""time_limit"": 1200.0}","{""c1"": 1.0, ""c2"": 2.0, ""gamma"": 0.15, ""inertia"": 0.5, ""injection_rate"": 0.08, ""ls_intensity_compress"": ""moderate"", ""ls_intensity_normal"": ""light"", ""ls_time_limit"": 0.5, ""max_iterations"": 200, ""population_size"": 24, ""remove_ratio"": 0.1, ""time_limit"": 1200.0}"
2026-05-16T09:58:22.369732,eil51,E2BSO-TSP-CPSO,22,428.0,0.469484,3090.7152,3,"{""c1"": 1.0, ""c2"": 2.0, ""gamma"": 0.15, ""inertia"": 0.7, ""injection_rate"": 0.08, ""ls_intensity_compress"": ""moderate"", ""ls_intensity_normal"": ""light"", ""ls_time_limit"": 0.5, ""max_iterations"": 200, ""population_size"": 24, ""remove_ratio"": 0.1, ""time_limit"": 300.0}","{""c1"": 1.0, ""c2"": 2.0, ""gamma"": 0.15, ""inertia"": 0.7, ""injection_rate"": 0.08, ""ls_intensity_compress"": ""moderate"", ""ls_intensity_normal"": ""light"", ""ls_time_limit"": 0.5, ""max_iterations"": 200, ""population_size"": 24, ""remove_ratio"": 0.1, ""time_limit"": 300.0}"
2026-05-16T09:58:23.318950,eil51,E2BSO-TSP-CPSO,23,427.0,0.234742,3134.7631,3,"{""c1"": 1.0, ""c2"": 2.0, ""gamma"": 0.15, ""inertia"": 0.7, ""injection_rate"": 0.08, ""ls_intensity_compress"": ""moderate"", ""ls_intensity_normal"": ""light"", ""ls_time_limit"": 0.5, ""max_iterations"": 200, ""population_size"": 24, ""remove_ratio"": 0.1, ""time_limit"": 600.0}","{""c1"": 1.0, ""c2"": 2.0, ""gamma"": 0.15, ""inertia"": 0.7, ""injection_rate"": 0.08, ""ls_intensity_compress"": ""moderate"", ""ls_intensity_normal"": ""light"", ""ls_time_limit"": 0.5, ""max_iterations"": 200, ""population_size"": 24, ""remove_ratio"": 0.1, ""time_limit"": 600.0}"
2026-05-16T09:58:23.822645,eil51,E2BSO-TSP-CPSO,24,427.6667,0.391236,3153.9916,3,"{""c1"": 1.0, ""c2"": 2.0, ""gamma"": 0.15, ""inertia"": 0.7, ""injection_rate"": 0.08, ""ls_intensity_compress"": ""moderate"", ""ls_intensity_normal"": ""light"", ""ls_time_limit"": 0.5, ""max_iterations"": 200, ""population_size"": 24, ""remove_ratio"": 0.1, ""time_limit"": 1200.0}","{""c1"": 1.0, ""c2"": 2.0, ""gamma"": 0.15, ""inertia"": 0.7, ""injection_rate"": 0.08, ""ls_intensity_compress"": ""moderate"", ""ls_intensity_normal"": ""light"", ""ls_time_limit"": 0.5, ""max_iterations"": 200, ""population_size"": 24, ""remove_ratio"": 0.1, ""time_limit"": 1200.0}"
2026-05-16T09:58:28.920656,eil51,E2BSO-TSP-CPSO,25,426.6667,0.156495,3170.4885,3,"{""c1"": 1.0, ""c2"": 2.0, ""gamma"": 0.15, ""inertia"": 0.9, ""injection_rate"": 0.08, ""ls_intensity_compress"": ""moderate"", ""ls_intensity_normal"": ""light"", ""ls_time_limit"": 0.5, ""max_iterations"": 200, ""population_size"": 24, ""remove_ratio"": 0.1, ""time_limit"": 300.0}","{""c1"": 1.0, ""c2"": 2.0, ""gamma"": 0.15, ""inertia"": 0.9, ""injection_rate"": 0.08, ""ls_intensity_compress"": ""moderate"", ""ls_intensity_normal"": ""light"", ""ls_time_limit"": 0.5, ""max_iterations"": 200, ""population_size"": 24, ""remove_ratio"": 0.1, ""time_limit"": 300.0}"
2026-05-16T09:58:31.908493,eil51,E2BSO-TSP-CPSO,26,428.0,0.469484,3169.3897,3,"{""c1"": 1.0, ""c2"": 2.0, ""gamma"": 0.15, ""inertia"": 0.9, ""injection_rate"": 0.08, ""ls_intensity_compress"": ""moderate"", ""ls_intensity_normal"": ""light"", ""ls_time_limit"": 0.5, ""max_iterations"": 200, ""population_size"": 24, ""remove_ratio"": 0.1, ""time_limit"": 600.0}","{""c1"": 1.0, ""c2"": 2.0, ""gamma"": 0.15, ""inertia"": 0.9, ""injection_rate"": 0.08, ""ls_intensity_compress"": ""moderate"", ""ls_intensity_normal"": ""light"", ""ls_time_limit"": 0.5, ""max_iterations"": 200, ""population_size"": 24, ""remove_ratio"": 0.1, ""time_limit"": 600.0}"
2026-05-16T09:58:32.919358,eil51,E2BSO-TSP-CPSO,27,426.6667,0.156495,3193.6811,3,"{""c1"": 1.0, ""c2"": 2.0, ""gamma"": 0.15, ""inertia"": 0.9, ""injection_rate"": 0.08, ""ls_intensity_compress"": ""moderate"", ""ls_intensity_normal"": ""light"", ""ls_time_limit"": 0.5, ""max_iterations"": 200, ""population_size"": 24, ""remove_ratio"": 0.1, ""time_limit"": 1200.0}","{""c1"": 1.0, ""c2"": 2.0, ""gamma"": 0.15, ""inertia"": 0.9, ""injection_rate"": 0.08, ""ls_intensity_compress"": ""moderate"", ""ls_intensity_normal"": ""light"", ""ls_time_limit"": 0.5, ""max_iterations"": 200, ""population_size"": 24, ""remove_ratio"": 0.1, ""time_limit"": 1200.0}"
2026-05-16T09:58:33.574024,eil51,E2BSO-TSP-CPSO,28,428.3333,0.547731,3242.4351,3,"{""c1"": 1.5, ""c2"": 1.0, ""gamma"": 0.15, ""inertia"": 0.5, ""injection_rate"": 0.08, ""ls_intensity_compress"": ""moderate"", ""ls_intensity_normal"": ""light"", ""ls_time_limit"": 0.5, ""max_iterations"": 200, ""population_size"": 24, ""remove_ratio"": 0.1, ""time_limit"": 300.0}","{""c1"": 1.5, ""c2"": 1.0, ""gamma"": 0.15, ""inertia"": 0.5, ""injection_rate"": 0.08, ""ls_intensity_compress"": ""moderate"", ""ls_intensity_normal"": ""light"", ""ls_time_limit"": 0.5, ""max_iterations"": 200, ""population_size"": 24, ""remove_ratio"": 0.1, ""time_limit"": 300.0}"
2026-05-16T09:58:38.603470,eil51,E2BSO-TSP-CPSO,29,427.0,0.234742,3222.6249,3,"{""c1"": 1.5, ""c2"": 1.0, ""gamma"": 0.15, ""inertia"": 0.5, ""injection_rate"": 0.08, ""ls_intensity_compress"": ""moderate"", ""ls_intensity_normal"": ""light"", ""ls_time_limit"": 0.5, ""max_iterations"": 200, ""population_size"": 24, ""remove_ratio"": 0.1, ""time_limit"": 600.0}","{""c1"": 1.5, ""c2"": 1.0, ""gamma"": 0.15, ""inertia"": 0.5, ""injection_rate"": 0.08, ""ls_intensity_compress"": ""moderate"", ""ls_intensity_normal"": ""light"", ""ls_time_limit"": 0.5, ""max_iterations"": 200, ""population_size"": 24, ""remove_ratio"": 0.1, ""time_limit"": 600.0}"
2026-05-16T09:58:41.342495,eil51,E2BSO-TSP-CPSO,30,427.6667,0.391236,3129.6784,3,"{""c1"": 1.5, ""c2"": 1.0, ""gamma"": 0.15, ""inertia"": 0.5, ""injection_rate"": 0.08, ""ls_intensity_compress"": ""moderate"", ""ls_intensity_normal"": ""light"", ""ls_time_limit"": 0.5, ""max_iterations"": 200, ""population_size"": 24, ""remove_ratio"": 0.1, ""time_limit"": 1200.0}","{""c1"": 1.5, ""c2"": 1.0, ""gamma"": 0.15, ""inertia"": 0.5, ""injection_rate"": 0.08, ""ls_intensity_compress"": ""moderate"", ""ls_intensity_normal"": ""light"", ""ls_time_limit"": 0.5, ""max_iterations"": 200, ""population_size"": 24, ""remove_ratio"": 0.1, ""time_limit"": 1200.0}"
2026-05-16T09:58:42.323047,eil51,E2BSO-TSP-CPSO,31,426.0,0.0,3127.1588,3,"{""c1"": 1.5, ""c2"": 1.0, ""gamma"": 0.15, ""inertia"": 0.7, ""injection_rate"": 0.08, ""ls_intensity_compress"": ""moderate"", ""ls_intensity_normal"": ""light"", ""ls_time_limit"": 0.5, ""max_iterations"": 200, ""population_size"": 24, ""remove_ratio"": 0.1, ""time_limit"": 300.0}","{""c1"": 1.5, ""c2"": 1.0, ""gamma"": 0.15, ""inertia"": 0.7, ""injection_rate"": 0.08, ""ls_intensity_compress"": ""moderate"", ""ls_intensity_normal"": ""light"", ""ls_time_limit"": 0.5, ""max_iterations"": 200, ""population_size"": 24, ""remove_ratio"": 0.1, ""time_limit"": 300.0}"
2026-05-16T09:58:42.959410,eil51,E2BSO-TSP-CPSO,32,428.0,0.469484,3119.7452,3,"{""c1"": 1.5, ""c2"": 1.0, ""gamma"": 0.15, ""inertia"": 0.7, ""injection_rate"": 0.08, ""ls_intensity_compress"": ""moderate"", ""ls_intensity_normal"": ""light"", ""ls_time_limit"": 0.5, ""max_iterations"": 200, ""population_size"": 24, ""remove_ratio"": 0.1, ""time_limit"": 600.0}","{""c1"": 1.5, ""c2"": 1.0, ""gamma"": 0.15, ""inertia"": 0.7, ""injection_rate"": 0.08, ""ls_intensity_compress"": ""moderate"", ""ls_intensity_normal"": ""light"", ""ls_time_limit"": 0.5, ""max_iterations"": 200, ""population_size"": 24, ""remove_ratio"": 0.1, ""time_limit"": 600.0}"
2026-05-16T09:58:48.308823,eil51,E2BSO-TSP-CPSO,33,428.0,0.469484,3226.0811,3,"{""c1"": 1.5, ""c2"": 1.0, ""gamma"": 0.15, ""inertia"": 0.7, ""injection_rate"": 0.08, ""ls_intensity_compress"": ""moderate"", ""ls_intensity_normal"": ""light"", ""ls_time_limit"": 0.5, ""max_iterations"": 200, ""population_size"": 24, ""remove_ratio"": 0.1, ""time_limit"": 1200.0}","{""c1"": 1.5, ""c2"": 1.0, ""gamma"": 0.15, ""inertia"": 0.7, ""injection_rate"": 0.08, ""ls_intensity_compress"": ""moderate"", ""ls_intensity_normal"": ""light"", ""ls_time_limit"": 0.5, ""max_iterations"": 200, ""population_size"": 24, ""remove_ratio"": 0.1, ""time_limit"": 1200.0}"
2026-05-16T09:58:51.213181,eil51,E2BSO-TSP-CPSO,34,426.6667,0.156495,3282.8586,3,"{""c1"": 1.5, ""c2"": 1.0, ""gamma"": 0.15, ""inertia"": 0.9, ""injection_rate"": 0.08, ""ls_intensity_compress"": ""moderate"", ""ls_intensity_normal"": ""light"", ""ls_time_limit"": 0.5, ""max_iterations"": 200, ""population_size"": 24, ""remove_ratio"": 0.1, ""time_limit"": 300.0}","{""c1"": 1.5, ""c2"": 1.0, ""gamma"": 0.15, ""inertia"": 0.9, ""injection_rate"": 0.08, ""ls_intensity_compress"": ""moderate"", ""ls_intensity_normal"": ""light"", ""ls_time_limit"": 0.5, ""max_iterations"": 200, ""population_size"": 24, ""remove_ratio"": 0.1, ""time_limit"": 300.0}"
2026-05-16T09:58:52.279433,eil51,E2BSO-TSP-CPSO,35,428.0,0.469484,3313.2238,3,"{""c1"": 1.5, ""c2"": 1.0, ""gamma"": 0.15, ""inertia"": 0.9, ""injection_rate"": 0.08, ""ls_intensity_compress"": ""moderate"", ""ls_intensity_normal"": ""light"", ""ls_time_limit"": 0.5, ""max_iterations"": 200, ""population_size"": 24, ""remove_ratio"": 0.1, ""time_limit"": 600.0}","{""c1"": 1.5, ""c2"": 1.0, ""gamma"": 0.15, ""inertia"": 0.9, ""injection_rate"": 0.08, ""ls_intensity_compress"": ""moderate"", ""ls_intensity_normal"": ""light"", ""ls_time_limit"": 0.5, ""max_iterations"": 200, ""population_size"": 24, ""remove_ratio"": 0.1, ""time_limit"": 600.0}"
2026-05-16T09:58:52.630760,eil51,E2BSO-TSP-CPSO,36,427.6667,0.391236,3215.5787,3,"{""c1"": 1.5, ""c2"": 1.0, ""gamma"": 0.15, ""inertia"": 0.9, ""injection_rate"": 0.08, ""ls_intensity_compress"": ""moderate"", ""ls_intensity_normal"": ""light"", ""ls_time_limit"": 0.5, ""max_iterations"": 200, ""population_size"": 24, ""remove_ratio"": 0.1, ""time_limit"": 1200.0}","{""c1"": 1.5, ""c2"": 1.0, ""gamma"": 0.15, ""inertia"": 0.9, ""injection_rate"": 0.08, ""ls_intensity_compress"": ""moderate"", ""ls_intensity_normal"": ""light"", ""ls_time_limit"": 0.5, ""max_iterations"": 200, ""population_size"": 24, ""remove_ratio"": 0.1, ""time_limit"": 1200.0}"
2026-05-16T09:58:57.639566,eil51,E2BSO-TSP-CPSO,37,427.6667,0.391236,3099.1166,3,"{""c1"": 1.5, ""c2"": 1.5, ""gamma"": 0.15, ""inertia"": 0.5, ""injection_rate"": 0.08, ""ls_intensity_compress"": ""moderate"", ""ls_intensity_normal"": ""light"", ""ls_time_limit"": 0.5, ""max_iterations"": 200, ""population_size"": 24, ""remove_ratio"": 0.1, ""time_limit"": 300.0}","{""c1"": 1.5, ""c2"": 1.5, ""gamma"": 0.15, ""inertia"": 0.5, ""injection_rate"": 0.08, ""ls_intensity_compress"": ""moderate"", ""ls_intensity_normal"": ""light"", ""ls_time_limit"": 0.5, ""max_iterations"": 200, ""population_size"": 24, ""remove_ratio"": 0.1, ""time_limit"": 300.0}"
2026-05-16T09:59:01.045885,eil51,E2BSO-TSP-CPSO,38,427.6667,0.391236,3272.5467,3,"{""c1"": 1.5, ""c2"": 1.5, ""gamma"": 0.15, ""inertia"": 0.5, ""injection_rate"": 0.08, ""ls_intensity_compress"": ""moderate"", ""ls_intensity_normal"": ""light"", ""ls_time_limit"": 0.5, ""max_iterations"": 200, ""population_size"": 24, ""remove_ratio"": 0.1, ""time_limit"": 600.0}","{""c1"": 1.5, ""c2"": 1.5, ""gamma"": 0.15, ""inertia"": 0.5, ""injection_rate"": 0.08, ""ls_intensity_compress"": ""moderate"", ""ls_intensity_normal"": ""light"", ""ls_time_limit"": 0.5, ""max_iterations"": 200, ""population_size"": 24, ""remove_ratio"": 0.1, ""time_limit"": 600.0}"
2026-05-16T09:59:01.940010,eil51,E2BSO-TSP-CPSO,39,427.3333,0.312989,3214.8092,3,"{""c1"": 1.5, ""c2"": 1.5, ""gamma"": 0.15, ""inertia"": 0.5, ""injection_rate"": 0.08, ""ls_intensity_compress"": ""moderate"", ""ls_intensity_normal"": ""light"", ""ls_time_limit"": 0.5, ""max_iterations"": 200, ""population_size"": 24, ""remove_ratio"": 0.1, ""time_limit"": 1200.0}","{""c1"": 1.5, ""c2"": 1.5, ""gamma"": 0.15, ""inertia"": 0.5, ""injection_rate"": 0.08, ""ls_intensity_compress"": ""moderate"", ""ls_intensity_normal"": ""light"", ""ls_time_limit"": 0.5, ""max_iterations"": 200, ""population_size"": 24, ""remove_ratio"": 0.1, ""time_limit"": 1200.0}"
2026-05-16T09:59:04.474598,eil51,E2BSO-TSP-CPSO,40,428.0,0.469484,3942.0188,3,"{""c1"": 1.5, ""c2"": 1.5, ""gamma"": 0.15, ""inertia"": 0.7, ""injection_rate"": 0.08, ""ls_intensity_compress"": ""moderate"", ""ls_intensity_normal"": ""light"", ""ls_time_limit"": 0.5, ""max_iterations"": 200, ""population_size"": 24, ""remove_ratio"": 0.1, ""time_limit"": 300.0}","{""c1"": 1.5, ""c2"": 1.5, ""gamma"": 0.15, ""inertia"": 0.7, ""injection_rate"": 0.08, ""ls_intensity_compress"": ""moderate"", ""ls_intensity_normal"": ""light"", ""ls_time_limit"": 0.5, ""max_iterations"": 200, ""population_size"": 24, ""remove_ratio"": 0.1, ""time_limit"": 300.0}"
2026-05-16T09:59:07.528193,eil51,E2BSO-TSP-CPSO,41,427.6667,0.391236,3250.9828,3,"{""c1"": 1.5, ""c2"": 1.5, ""gamma"": 0.15, ""inertia"": 0.7, ""injection_rate"": 0.08, ""ls_intensity_compress"": ""moderate"", ""ls_intensity_normal"": ""light"", ""ls_time_limit"": 0.5, ""max_iterations"": 200, ""population_size"": 24, ""remove_ratio"": 0.1, ""time_limit"": 600.0}","{""c1"": 1.5, ""c2"": 1.5, ""gamma"": 0.15, ""inertia"": 0.7, ""injection_rate"": 0.08, ""ls_intensity_compress"": ""moderate"", ""ls_intensity_normal"": ""light"", ""ls_time_limit"": 0.5, ""max_iterations"": 200, ""population_size"": 24, ""remove_ratio"": 0.1, ""time_limit"": 600.0}"
2026-05-16T09:59:10.645234,eil51,E2BSO-TSP-CPSO,42,427.3333,0.312989,3191.4753,3,"{""c1"": 1.5, ""c2"": 1.5, ""gamma"": 0.15, ""inertia"": 0.7, ""injection_rate"": 0.08, ""ls_intensity_compress"": ""moderate"", ""ls_intensity_normal"": ""light"", ""ls_time_limit"": 0.5, ""max_iterations"": 200, ""population_size"": 24, ""remove_ratio"": 0.1, ""time_limit"": 1200.0}","{""c1"": 1.5, ""c2"": 1.5, ""gamma"": 0.15, ""inertia"": 0.7, ""injection_rate"": 0.08, ""ls_intensity_compress"": ""moderate"", ""ls_intensity_normal"": ""light"", ""ls_time_limit"": 0.5, ""max_iterations"": 200, ""population_size"": 24, ""remove_ratio"": 0.1, ""time_limit"": 1200.0}"
2026-05-16T09:59:11.544824,eil51,E2BSO-TSP-CPSO,43,428.3333,0.547731,3194.536,3,"{""c1"": 1.5, ""c2"": 1.5, ""gamma"": 0.15, ""inertia"": 0.9, ""injection_rate"": 0.08, ""ls_intensity_compress"": ""moderate"", ""ls_intensity_normal"": ""light"", ""ls_time_limit"": 0.5, ""max_iterations"": 200, ""population_size"": 24, ""remove_ratio"": 0.1, ""time_limit"": 300.0}","{""c1"": 1.5, ""c2"": 1.5, ""gamma"": 0.15, ""inertia"": 0.9, ""injection_rate"": 0.08, ""ls_intensity_compress"": ""moderate"", ""ls_intensity_normal"": ""light"", ""ls_time_limit"": 0.5, ""max_iterations"": 200, ""population_size"": 24, ""remove_ratio"": 0.1, ""time_limit"": 300.0}"
2026-05-16T09:59:13.912524,eil51,E2BSO-TSP-CPSO,44,428.0,0.469484,3140.2789,3,"{""c1"": 1.5, ""c2"": 1.5, ""gamma"": 0.15, ""inertia"": 0.9, ""injection_rate"": 0.08, ""ls_intensity_compress"": ""moderate"", ""ls_intensity_normal"": ""light"", ""ls_time_limit"": 0.5, ""max_iterations"": 200, ""population_size"": 24, ""remove_ratio"": 0.1, ""time_limit"": 600.0}","{""c1"": 1.5, ""c2"": 1.5, ""gamma"": 0.15, ""inertia"": 0.9, ""injection_rate"": 0.08, ""ls_intensity_compress"": ""moderate"", ""ls_intensity_normal"": ""light"", ""ls_time_limit"": 0.5, ""max_iterations"": 200, ""population_size"": 24, ""remove_ratio"": 0.1, ""time_limit"": 600.0}"
2026-05-16T09:59:17.049263,eil51,E2BSO-TSP-CPSO,45,428.0,0.469484,3166.8269,3,"{""c1"": 1.5, ""c2"": 1.5, ""gamma"": 0.15, ""inertia"": 0.9, ""injection_rate"": 0.08, ""ls_intensity_compress"": ""moderate"", ""ls_intensity_normal"": ""light"", ""ls_time_limit"": 0.5, ""max_iterations"": 200, ""population_size"": 24, ""remove_ratio"": 0.1, ""time_limit"": 1200.0}","{""c1"": 1.5, ""c2"": 1.5, ""gamma"": 0.15, ""inertia"": 0.9, ""injection_rate"": 0.08, ""ls_intensity_compress"": ""moderate"", ""ls_intensity_normal"": ""light"", ""ls_time_limit"": 0.5, ""max_iterations"": 200, ""population_size"": 24, ""remove_ratio"": 0.1, ""time_limit"": 1200.0}"
2026-05-16T09:59:20.092247,eil51,E2BSO-TSP-CPSO,46,426.6667,0.156495,3142.8384,3,"{""c1"": 1.5, ""c2"": 2.0, ""gamma"": 0.15, ""inertia"": 0.5, ""injection_rate"": 0.08, ""ls_intensity_compress"": ""moderate"", ""ls_intensity_normal"": ""light"", ""ls_time_limit"": 0.5, ""max_iterations"": 200, ""population_size"": 24, ""remove_ratio"": 0.1, ""time_limit"": 300.0}","{""c1"": 1.5, ""c2"": 2.0, ""gamma"": 0.15, ""inertia"": 0.5, ""injection_rate"": 0.08, ""ls_intensity_compress"": ""moderate"", ""ls_intensity_normal"": ""light"", ""ls_time_limit"": 0.5, ""max_iterations"": 200, ""population_size"": 24, ""remove_ratio"": 0.1, ""time_limit"": 300.0}"
2026-05-16T09:59:20.735822,eil51,E2BSO-TSP-CPSO,47,427.3333,0.312989,3058.4103,3,"{""c1"": 1.5, ""c2"": 2.0, ""gamma"": 0.15, ""inertia"": 0.5, ""injection_rate"": 0.08, ""ls_intensity_compress"": ""moderate"", ""ls_intensity_normal"": ""light"", ""ls_time_limit"": 0.5, ""max_iterations"": 200, ""population_size"": 24, ""remove_ratio"": 0.1, ""time_limit"": 600.0}","{""c1"": 1.5, ""c2"": 2.0, ""gamma"": 0.15, ""inertia"": 0.5, ""injection_rate"": 0.08, ""ls_intensity_compress"": ""moderate"", ""ls_intensity_normal"": ""light"", ""ls_time_limit"": 0.5, ""max_iterations"": 200, ""population_size"": 24, ""remove_ratio"": 0.1, ""time_limit"": 600.0}"
2026-05-16T09:59:23.141389,eil51,E2BSO-TSP-CPSO,48,427.0,0.234742,3069.9748,3,"{""c1"": 1.5, ""c2"": 2.0, ""gamma"": 0.15, ""inertia"": 0.5, ""injection_rate"": 0.08, ""ls_intensity_compress"": ""moderate"", ""ls_intensity_normal"": ""light"", ""ls_time_limit"": 0.5, ""max_iterations"": 200, ""population_size"": 24, ""remove_ratio"": 0.1, ""time_limit"": 1200.0}","{""c1"": 1.5, ""c2"": 2.0, ""gamma"": 0.15, ""inertia"": 0.5, ""injection_rate"": 0.08, ""ls_intensity_compress"": ""moderate"", ""ls_intensity_normal"": ""light"", ""ls_time_limit"": 0.5, ""max_iterations"": 200, ""population_size"": 24, ""remove_ratio"": 0.1, ""time_limit"": 1200.0}"
2026-05-16T09:59:28.713145,eil51,E2BSO-TSP-CPSO,49,427.3333,0.312989,3881.5015,3,"{""c1"": 1.5, ""c2"": 2.0, ""gamma"": 0.15, ""inertia"": 0.7, ""injection_rate"": 0.08, ""ls_intensity_compress"": ""moderate"", ""ls_intensity_normal"": ""light"", ""ls_time_limit"": 0.5, ""max_iterations"": 200, ""population_size"": 24, ""remove_ratio"": 0.1, ""time_limit"": 300.0}","{""c1"": 1.5, ""c2"": 2.0, ""gamma"": 0.15, ""inertia"": 0.7, ""injection_rate"": 0.08, ""ls_intensity_compress"": ""moderate"", ""ls_intensity_normal"": ""light"", ""ls_time_limit"": 0.5, ""max_iterations"": 200, ""population_size"": 24, ""remove_ratio"": 0.1, ""time_limit"": 300.0}"
2026-05-16T09:59:29.657476,eil51,E2BSO-TSP-CPSO,50,428.6667,0.625978,3181.0341,3,"{""c1"": 1.5, ""c2"": 2.0, ""gamma"": 0.15, ""inertia"": 0.7, ""injection_rate"": 0.08, ""ls_intensity_compress"": ""moderate"", ""ls_intensity_normal"": ""light"", ""ls_time_limit"": 0.5, ""max_iterations"": 200, ""population_size"": 24, ""remove_ratio"": 0.1, ""time_limit"": 600.0}","{""c1"": 1.5, ""c2"": 2.0, ""gamma"": 0.15, ""inertia"": 0.7, ""injection_rate"": 0.08, ""ls_intensity_compress"": ""moderate"", ""ls_intensity_normal"": ""light"", ""ls_time_limit"": 0.5, ""max_iterations"": 200, ""population_size"": 24, ""remove_ratio"": 0.1, ""time_limit"": 600.0}"
2026-05-16T10:00:55.247135,eil51,R2DMA-TSP,1,426.3333,0.078247,31498.7287,3,"{""ls_time_limit"": 0.5, ""max_iterations"": 200, ""population_size"": 24, ""pulse_injection_rate"": 0.05, ""remove_ratio"": 0.1, ""theta_base"": 0.15, ""time_limit"": 300.0}","{""ls_time_limit"": 0.5, ""max_iterations"": 200, ""population_size"": 24, ""pulse_injection_rate"": 0.05, ""remove_ratio"": 0.1, ""theta_base"": 0.15, ""time_limit"": 300.0}"
2026-05-16T10:00:57.603385,eil51,R2DMA-TSP,2,426.6667,0.156495,31482.8731,3,"{""ls_time_limit"": 0.5, ""max_iterations"": 200, ""population_size"": 24, ""pulse_injection_rate"": 0.05, ""remove_ratio"": 0.1, ""theta_base"": 0.15, ""time_limit"": 600.0}","{""ls_time_limit"": 0.5, ""max_iterations"": 200, ""population_size"": 24, ""pulse_injection_rate"": 0.05, ""remove_ratio"": 0.1, ""theta_base"": 0.15, ""time_limit"": 600.0}"
2026-05-16T10:01:02.693223,eil51,R2DMA-TSP,4,426.6667,0.156495,31006.5947,3,"{""ls_time_limit"": 0.5, ""max_iterations"": 200, ""population_size"": 24, ""pulse_injection_rate"": 0.1, ""remove_ratio"": 0.1, ""theta_base"": 0.15, ""time_limit"": 300.0}","{""ls_time_limit"": 0.5, ""max_iterations"": 200, ""population_size"": 24, ""pulse_injection_rate"": 0.1, ""remove_ratio"": 0.1, ""theta_base"": 0.15, ""time_limit"": 300.0}"
2026-05-16T10:01:03.079044,eil51,R2DMA-TSP,3,426.0,0.0,31444.8086,3,"{""ls_time_limit"": 0.5, ""max_iterations"": 200, ""population_size"": 24, ""pulse_injection_rate"": 0.05, ""remove_ratio"": 0.1, ""theta_base"": 0.15, ""time_limit"": 1200.0}","{""ls_time_limit"": 0.5, ""max_iterations"": 200, ""population_size"": 24, ""pulse_injection_rate"": 0.05, ""remove_ratio"": 0.1, ""theta_base"": 0.15, ""time_limit"": 1200.0}"
2026-05-16T10:02:23.451491,eil51,R2DMA-TSP,5,427.0,0.234742,29394.2524,3,"{""ls_time_limit"": 0.5, ""max_iterations"": 200, ""population_size"": 24, ""pulse_injection_rate"": 0.1, ""remove_ratio"": 0.1, ""theta_base"": 0.15, ""time_limit"": 600.0}","{""ls_time_limit"": 0.5, ""max_iterations"": 200, ""population_size"": 24, ""pulse_injection_rate"": 0.1, ""remove_ratio"": 0.1, ""theta_base"": 0.15, ""time_limit"": 600.0}"
2026-05-16T10:02:25.117235,eil51,R2DMA-TSP,6,426.3333,0.078247,29161.1493,3,"{""ls_time_limit"": 0.5, ""max_iterations"": 200, ""population_size"": 24, ""pulse_injection_rate"": 0.1, ""remove_ratio"": 0.1, ""theta_base"": 0.15, ""time_limit"": 1200.0}","{""ls_time_limit"": 0.5, ""max_iterations"": 200, ""population_size"": 24, ""pulse_injection_rate"": 0.1, ""remove_ratio"": 0.1, ""theta_base"": 0.15, ""time_limit"": 1200.0}"
2026-05-16T10:02:29.524897,eil51,R2DMA-TSP,7,426.6667,0.156495,28936.3058,3,"{""ls_time_limit"": 0.5, ""max_iterations"": 200, ""population_size"": 24, ""pulse_injection_rate"": 0.15, ""remove_ratio"": 0.1, ""theta_base"": 0.15, ""time_limit"": 300.0}","{""ls_time_limit"": 0.5, ""max_iterations"": 200, ""population_size"": 24, ""pulse_injection_rate"": 0.15, ""remove_ratio"": 0.1, ""theta_base"": 0.15, ""time_limit"": 300.0}"
2026-05-16T10:02:31.584978,eil51,R2DMA-TSP,8,426.0,0.0,29496.9462,3,"{""ls_time_limit"": 0.5, ""max_iterations"": 200, ""population_size"": 24, ""pulse_injection_rate"": 0.15, ""remove_ratio"": 0.1, ""theta_base"": 0.15, ""time_limit"": 600.0}","{""ls_time_limit"": 0.5, ""max_iterations"": 200, ""population_size"": 24, ""pulse_injection_rate"": 0.15, ""remove_ratio"": 0.1, ""theta_base"": 0.15, ""time_limit"": 600.0}"
2026-05-16T10:03:54.652737,eil51,R2DMA-TSP,10,426.3333,0.078247,29839.965,3,"{""ls_time_limit"": 0.5, ""max_iterations"": 200, ""population_size"": 24, ""pulse_injection_rate"": 0.05, ""remove_ratio"": 0.15, ""theta_base"": 0.15, ""time_limit"": 300.0}","{""ls_time_limit"": 0.5, ""max_iterations"": 200, ""population_size"": 24, ""pulse_injection_rate"": 0.05, ""remove_ratio"": 0.15, ""theta_base"": 0.15, ""time_limit"": 300.0}"
2026-05-16T10:03:54.676218,eil51,R2DMA-TSP,9,426.6667,0.156495,30400.1337,3,"{""ls_time_limit"": 0.5, ""max_iterations"": 200, ""population_size"": 24, ""pulse_injection_rate"": 0.15, ""remove_ratio"": 0.1, ""theta_base"": 0.15, ""time_limit"": 1200.0}","{""ls_time_limit"": 0.5, ""max_iterations"": 200, ""population_size"": 24, ""pulse_injection_rate"": 0.15, ""remove_ratio"": 0.1, ""theta_base"": 0.15, ""time_limit"": 1200.0}"
2026-05-16T10:03:59.505003,eil51,R2DMA-TSP,11,426.3333,0.078247,29899.8558,3,"{""ls_time_limit"": 0.5, ""max_iterations"": 200, ""population_size"": 24, ""pulse_injection_rate"": 0.05, ""remove_ratio"": 0.15, ""theta_base"": 0.15, ""time_limit"": 600.0}","{""ls_time_limit"": 0.5, ""max_iterations"": 200, ""population_size"": 24, ""pulse_injection_rate"": 0.05, ""remove_ratio"": 0.15, ""theta_base"": 0.15, ""time_limit"": 600.0}"
2026-05-16T10:04:02.222291,eil51,R2DMA-TSP,12,426.3333,0.078247,30205.0017,3,"{""ls_time_limit"": 0.5, ""max_iterations"": 200, ""population_size"": 24, ""pulse_injection_rate"": 0.05, ""remove_ratio"": 0.15, ""theta_base"": 0.15, ""time_limit"": 1200.0}","{""ls_time_limit"": 0.5, ""max_iterations"": 200, ""population_size"": 24, ""pulse_injection_rate"": 0.05, ""remove_ratio"": 0.15, ""theta_base"": 0.15, ""time_limit"": 1200.0}"
2026-05-16T10:05:26.502228,eil51,R2DMA-TSP,13,426.3333,0.078247,30606.2538,3,"{""ls_time_limit"": 0.5, ""max_iterations"": 200, ""population_size"": 24, ""pulse_injection_rate"": 0.1, ""remove_ratio"": 0.15, ""theta_base"": 0.15, ""time_limit"": 300.0}","{""ls_time_limit"": 0.5, ""max_iterations"": 200, ""population_size"": 24, ""pulse_injection_rate"": 0.1, ""remove_ratio"": 0.15, ""theta_base"": 0.15, ""time_limit"": 300.0}"
2026-05-16T10:05:27.413166,eil51,R2DMA-TSP,14,426.3333,0.078247,30902.8519,3,"{""ls_time_limit"": 0.5, ""max_iterations"": 200, ""population_size"": 24, ""pulse_injection_rate"": 0.1, ""remove_ratio"": 0.15, ""theta_base"": 0.15, ""time_limit"": 600.0}","{""ls_time_limit"": 0.5, ""max_iterations"": 200, ""population_size"": 24, ""pulse_injection_rate"": 0.1, ""remove_ratio"": 0.15, ""theta_base"": 0.15, ""time_limit"": 600.0}"
2026-05-16T10:05:29.897326,eil51,R2DMA-TSP,15,426.3333,0.078247,30126.1634,3,"{""ls_time_limit"": 0.5, ""max_iterations"": 200, ""population_size"": 24, ""pulse_injection_rate"": 0.1, ""remove_ratio"": 0.15, ""theta_base"": 0.15, ""time_limit"": 1200.0}","{""ls_time_limit"": 0.5, ""max_iterations"": 200, ""population_size"": 24, ""pulse_injection_rate"": 0.1, ""remove_ratio"": 0.15, ""theta_base"": 0.15, ""time_limit"": 1200.0}"
2026-05-16T10:05:33.353661,eil51,R2DMA-TSP,16,426.3333,0.078247,30371.7946,3,"{""ls_time_limit"": 0.5, ""max_iterations"": 200, ""population_size"": 24, ""pulse_injection_rate"": 0.15, ""remove_ratio"": 0.15, ""theta_base"": 0.15, ""time_limit"": 300.0}","{""ls_time_limit"": 0.5, ""max_iterations"": 200, ""population_size"": 24, ""pulse_injection_rate"": 0.15, ""remove_ratio"": 0.15, ""theta_base"": 0.15, ""time_limit"": 300.0}"
2026-05-16T10:06:56.411204,eil51,R2DMA-TSP,17,427.3333,0.312989,29965.2366,3,"{""ls_time_limit"": 0.5, ""max_iterations"": 200, ""population_size"": 24, ""pulse_injection_rate"": 0.15, ""remove_ratio"": 0.15, ""theta_base"": 0.15, ""time_limit"": 600.0}","{""ls_time_limit"": 0.5, ""max_iterations"": 200, ""population_size"": 24, ""pulse_injection_rate"": 0.15, ""remove_ratio"": 0.15, ""theta_base"": 0.15, ""time_limit"": 600.0}"
2026-05-16T10:06:58.358927,eil51,R2DMA-TSP,18,426.6667,0.156495,30309.0185,3,"{""ls_time_limit"": 0.5, ""max_iterations"": 200, ""population_size"": 24, ""pulse_injection_rate"": 0.15, ""remove_ratio"": 0.15, ""theta_base"": 0.15, ""time_limit"": 1200.0}","{""ls_time_limit"": 0.5, ""max_iterations"": 200, ""population_size"": 24, ""pulse_injection_rate"": 0.15, ""remove_ratio"": 0.15, ""theta_base"": 0.15, ""time_limit"": 1200.0}"
2026-05-16T10:06:59.424246,eil51,R2DMA-TSP,19,426.3333,0.078247,29836.3386,3,"{""ls_time_limit"": 0.5, ""max_iterations"": 200, ""population_size"": 24, ""pulse_injection_rate"": 0.05, ""remove_ratio"": 0.2, ""theta_base"": 0.15, ""time_limit"": 300.0}","{""ls_time_limit"": 0.5, ""max_iterations"": 200, ""population_size"": 24, ""pulse_injection_rate"": 0.05, ""remove_ratio"": 0.2, ""theta_base"": 0.15, ""time_limit"": 300.0}"
2026-05-16T10:07:04.303974,eil51,R2DMA-TSP,20,426.3333,0.078247,30310.3369,3,"{""ls_time_limit"": 0.5, ""max_iterations"": 200, ""population_size"": 24, ""pulse_injection_rate"": 0.05, ""remove_ratio"": 0.2, ""theta_base"": 0.15, ""time_limit"": 600.0}","{""ls_time_limit"": 0.5, ""max_iterations"": 200, ""population_size"": 24, ""pulse_injection_rate"": 0.05, ""remove_ratio"": 0.2, ""theta_base"": 0.15, ""time_limit"": 600.0}"
2026-05-16T10:08:25.670060,eil51,R2DMA-TSP,21,426.0,0.0,29748.1048,3,"{""ls_time_limit"": 0.5, ""max_iterations"": 200, ""population_size"": 24, ""pulse_injection_rate"": 0.05, ""remove_ratio"": 0.2, ""theta_base"": 0.15, ""time_limit"": 1200.0}","{""ls_time_limit"": 0.5, ""max_iterations"": 200, ""population_size"": 24, ""pulse_injection_rate"": 0.05, ""remove_ratio"": 0.2, ""theta_base"": 0.15, ""time_limit"": 1200.0}"
2026-05-16T10:08:28.777991,eil51,R2DMA-TSP,22,426.6667,0.156495,30128.7451,3,"{""ls_time_limit"": 0.5, ""max_iterations"": 200, ""population_size"": 24, ""pulse_injection_rate"": 0.1, ""remove_ratio"": 0.2, ""theta_base"": 0.15, ""time_limit"": 300.0}","{""ls_time_limit"": 0.5, ""max_iterations"": 200, ""population_size"": 24, ""pulse_injection_rate"": 0.1, ""remove_ratio"": 0.2, ""theta_base"": 0.15, ""time_limit"": 300.0}"
2026-05-16T10:08:28.784710,eil51,R2DMA-TSP,23,426.3333,0.078247,29780.9264,3,"{""ls_time_limit"": 0.5, ""max_iterations"": 200, ""population_size"": 24, ""pulse_injection_rate"": 0.1, ""remove_ratio"": 0.2, ""theta_base"": 0.15, ""time_limit"": 600.0}","{""ls_time_limit"": 0.5, ""max_iterations"": 200, ""population_size"": 24, ""pulse_injection_rate"": 0.1, ""remove_ratio"": 0.2, ""theta_base"": 0.15, ""time_limit"": 600.0}"
2026-05-16T10:08:34.848866,eil51,R2DMA-TSP,24,426.3333,0.078247,30175.7753,3,"{""ls_time_limit"": 0.5, ""max_iterations"": 200, ""population_size"": 24, ""pulse_injection_rate"": 0.1, ""remove_ratio"": 0.2, ""theta_base"": 0.15, ""time_limit"": 1200.0}","{""ls_time_limit"": 0.5, ""max_iterations"": 200, ""population_size"": 24, ""pulse_injection_rate"": 0.1, ""remove_ratio"": 0.2, ""theta_base"": 0.15, ""time_limit"": 1200.0}"
2026-05-16T10:09:56.656530,eil51,R2DMA-TSP,25,426.3333,0.078247,30323.3244,3,"{""ls_time_limit"": 0.5, ""max_iterations"": 200, ""population_size"": 24, ""pulse_injection_rate"": 0.15, ""remove_ratio"": 0.2, ""theta_base"": 0.15, ""time_limit"": 300.0}","{""ls_time_limit"": 0.5, ""max_iterations"": 200, ""population_size"": 24, ""pulse_injection_rate"": 0.15, ""remove_ratio"": 0.2, ""theta_base"": 0.15, ""time_limit"": 300.0}"
2026-05-16T10:09:57.773554,eil51,R2DMA-TSP,27,426.6667,0.156495,29650.056,3,"{""ls_time_limit"": 0.5, ""max_iterations"": 200, ""population_size"": 24, ""pulse_injection_rate"": 0.15, ""remove_ratio"": 0.2, ""theta_base"": 0.15, ""time_limit"": 1200.0}","{""ls_time_limit"": 0.5, ""max_iterations"": 200, ""population_size"": 24, ""pulse_injection_rate"": 0.15, ""remove_ratio"": 0.2, ""theta_base"": 0.15, ""time_limit"": 1200.0}"
2026-05-16T10:09:59.878877,eil51,R2DMA-TSP,26,426.3333,0.078247,30363.3607,3,"{""ls_time_limit"": 0.5, ""max_iterations"": 200, ""population_size"": 24, ""pulse_injection_rate"": 0.15, ""remove_ratio"": 0.2, ""theta_base"": 0.15, ""time_limit"": 600.0}","{""ls_time_limit"": 0.5, ""max_iterations"": 200, ""population_size"": 24, ""pulse_injection_rate"": 0.15, ""remove_ratio"": 0.2, ""theta_base"": 0.15, ""time_limit"": 600.0}"
2026-05-16T10:10:05.871638,eil51,R2DMA-TSP,28,426.0,0.0,30336.3117,3,"{""ls_time_limit"": 0.5, ""max_iterations"": 200, ""population_size"": 24, ""pulse_injection_rate"": 0.05, ""remove_ratio"": 0.1, ""theta_base"": 0.25, ""time_limit"": 300.0}","{""ls_time_limit"": 0.5, ""max_iterations"": 200, ""population_size"": 24, ""pulse_injection_rate"": 0.05, ""remove_ratio"": 0.1, ""theta_base"": 0.25, ""time_limit"": 300.0}"
2026-05-16T10:11:26.994823,eil51,R2DMA-TSP,29,426.3333,0.078247,30108.6639,3,"{""ls_time_limit"": 0.5, ""max_iterations"": 200, ""population_size"": 24, ""pulse_injection_rate"": 0.05, ""remove_ratio"": 0.1, ""theta_base"": 0.25, ""time_limit"": 600.0}","{""ls_time_limit"": 0.5, ""max_iterations"": 200, ""population_size"": 24, ""pulse_injection_rate"": 0.05, ""remove_ratio"": 0.1, ""theta_base"": 0.25, ""time_limit"": 600.0}"
2026-05-16T10:11:27.167174,eil51,R2DMA-TSP,30,426.6667,0.156495,29791.9135,3,"{""ls_time_limit"": 0.5, ""max_iterations"": 200, ""population_size"": 24, ""pulse_injection_rate"": 0.05, ""remove_ratio"": 0.1, ""theta_base"": 0.25, ""time_limit"": 1200.0}","{""ls_time_limit"": 0.5, ""max_iterations"": 200, ""population_size"": 24, ""pulse_injection_rate"": 0.05, ""remove_ratio"": 0.1, ""theta_base"": 0.25, ""time_limit"": 1200.0}"
2026-05-16T10:11:30.699414,eil51,R2DMA-TSP,31,426.0,0.0,30266.4874,3,"{""ls_time_limit"": 0.5, ""max_iterations"": 200, ""population_size"": 24, ""pulse_injection_rate"": 0.1, ""remove_ratio"": 0.1, ""theta_base"": 0.25, ""time_limit"": 300.0}","{""ls_time_limit"": 0.5, ""max_iterations"": 200, ""population_size"": 24, ""pulse_injection_rate"": 0.1, ""remove_ratio"": 0.1, ""theta_base"": 0.25, ""time_limit"": 300.0}"
2026-05-16T10:11:36.085540,eil51,R2DMA-TSP,32,426.3333,0.078247,30067.1566,3,"{""ls_time_limit"": 0.5, ""max_iterations"": 200, ""population_size"": 24, ""pulse_injection_rate"": 0.1, ""remove_ratio"": 0.1, ""theta_base"": 0.25, ""time_limit"": 600.0}","{""ls_time_limit"": 0.5, ""max_iterations"": 200, ""population_size"": 24, ""pulse_injection_rate"": 0.1, ""remove_ratio"": 0.1, ""theta_base"": 0.25, ""time_limit"": 600.0}"
2026-05-16T10:12:54.898520,eil51,R2DMA-TSP,34,426.3333,0.078247,29237.5554,3,"{""ls_time_limit"": 0.5, ""max_iterations"": 200, ""population_size"": 24, ""pulse_injection_rate"": 0.15, ""remove_ratio"": 0.1, ""theta_base"": 0.25, ""time_limit"": 300.0}","{""ls_time_limit"": 0.5, ""max_iterations"": 200, ""population_size"": 24, ""pulse_injection_rate"": 0.15, ""remove_ratio"": 0.1, ""theta_base"": 0.25, ""time_limit"": 300.0}"
2026-05-16T10:12:55.975295,eil51,R2DMA-TSP,33,426.6667,0.156495,29654.3406,3,"{""ls_time_limit"": 0.5, ""max_iterations"": 200, ""population_size"": 24, ""pulse_injection_rate"": 0.1, ""remove_ratio"": 0.1, ""theta_base"": 0.25, ""time_limit"": 1200.0}","{""ls_time_limit"": 0.5, ""max_iterations"": 200, ""population_size"": 24, ""pulse_injection_rate"": 0.1, ""remove_ratio"": 0.1, ""theta_base"": 0.25, ""time_limit"": 1200.0}"
2026-05-16T10:13:00.619812,eil51,R2DMA-TSP,35,426.6667,0.156495,29967.8261,3,"{""ls_time_limit"": 0.5, ""max_iterations"": 200, ""population_size"": 24, ""pulse_injection_rate"": 0.15, ""remove_ratio"": 0.1, ""theta_base"": 0.25, ""time_limit"": 600.0}","{""ls_time_limit"": 0.5, ""max_iterations"": 200, ""population_size"": 24, ""pulse_injection_rate"": 0.15, ""remove_ratio"": 0.1, ""theta_base"": 0.25, ""time_limit"": 600.0}"
2026-05-16T10:13:04.867854,eil51,R2DMA-TSP,36,426.0,0.0,29588.0066,3,"{""ls_time_limit"": 0.5, ""max_iterations"": 200, ""population_size"": 24, ""pulse_injection_rate"": 0.15, ""remove_ratio"": 0.1, ""theta_base"": 0.25, ""time_limit"": 1200.0}","{""ls_time_limit"": 0.5, ""max_iterations"": 200, ""population_size"": 24, ""pulse_injection_rate"": 0.15, ""remove_ratio"": 0.1, ""theta_base"": 0.25, ""time_limit"": 1200.0}"
2026-05-16T10:14:26.262960,eil51,R2DMA-TSP,37,426.6667,0.156495,30448.4361,3,"{""ls_time_limit"": 0.5, ""max_iterations"": 200, ""population_size"": 24, ""pulse_injection_rate"": 0.05, ""remove_ratio"": 0.15, ""theta_base"": 0.25, ""time_limit"": 300.0}","{""ls_time_limit"": 0.5, ""max_iterations"": 200, ""population_size"": 24, ""pulse_injection_rate"": 0.05, ""remove_ratio"": 0.15, ""theta_base"": 0.25, ""time_limit"": 300.0}"
2026-05-16T10:14:27.610881,eil51,R2DMA-TSP,38,426.0,0.0,30536.1442,3,"{""ls_time_limit"": 0.5, ""max_iterations"": 200, ""population_size"": 24, ""pulse_injection_rate"": 0.05, ""remove_ratio"": 0.15, ""theta_base"": 0.25, ""time_limit"": 600.0}","{""ls_time_limit"": 0.5, ""max_iterations"": 200, ""population_size"": 24, ""pulse_injection_rate"": 0.05, ""remove_ratio"": 0.15, ""theta_base"": 0.25, ""time_limit"": 600.0}"
2026-05-16T10:14:35.136436,eil51,R2DMA-TSP,39,426.0,0.0,31497.424,3,"{""ls_time_limit"": 0.5, ""max_iterations"": 200, ""population_size"": 24, ""pulse_injection_rate"": 0.05, ""remove_ratio"": 0.15, ""theta_base"": 0.25, ""time_limit"": 1200.0}","{""ls_time_limit"": 0.5, ""max_iterations"": 200, ""population_size"": 24, ""pulse_injection_rate"": 0.05, ""remove_ratio"": 0.15, ""theta_base"": 0.25, ""time_limit"": 1200.0}"
2026-05-16T10:14:38.220235,eil51,R2DMA-TSP,40,426.6667,0.156495,31110.5726,3,"{""ls_time_limit"": 0.5, ""max_iterations"": 200, ""population_size"": 24, ""pulse_injection_rate"": 0.1, ""remove_ratio"": 0.15, ""theta_base"": 0.25, ""time_limit"": 300.0}","{""ls_time_limit"": 0.5, ""max_iterations"": 200, ""population_size"": 24, ""pulse_injection_rate"": 0.1, ""remove_ratio"": 0.15, ""theta_base"": 0.25, ""time_limit"": 300.0}"
2026-05-16T10:16:07.464686,eil51,R2DMA-TSP,41,426.3333,0.078247,33726.0462,3,"{""ls_time_limit"": 0.5, ""max_iterations"": 200, ""population_size"": 24, ""pulse_injection_rate"": 0.1, ""remove_ratio"": 0.15, ""theta_base"": 0.25, ""time_limit"": 600.0}","{""ls_time_limit"": 0.5, ""max_iterations"": 200, ""population_size"": 24, ""pulse_injection_rate"": 0.1, ""remove_ratio"": 0.15, ""theta_base"": 0.25, ""time_limit"": 600.0}"
2026-05-16T10:16:09.706798,eil51,R2DMA-TSP,42,426.0,0.0,34019.7507,3,"{""ls_time_limit"": 0.5, ""max_iterations"": 200, ""population_size"": 24, ""pulse_injection_rate"": 0.1, ""remove_ratio"": 0.15, ""theta_base"": 0.25, ""time_limit"": 1200.0}","{""ls_time_limit"": 0.5, ""max_iterations"": 200, ""population_size"": 24, ""pulse_injection_rate"": 0.1, ""remove_ratio"": 0.15, ""theta_base"": 0.25, ""time_limit"": 1200.0}"
2026-05-16T10:16:21.138018,eil51,R2DMA-TSP,43,426.0,0.0,35327.4376,3,"{""ls_time_limit"": 0.5, ""max_iterations"": 200, ""population_size"": 24, ""pulse_injection_rate"": 0.15, ""remove_ratio"": 0.15, ""theta_base"": 0.25, ""time_limit"": 300.0}","{""ls_time_limit"": 0.5, ""max_iterations"": 200, ""population_size"": 24, ""pulse_injection_rate"": 0.15, ""remove_ratio"": 0.15, ""theta_base"": 0.25, ""time_limit"": 300.0}"
2026-05-16T10:16:24.040893,eil51,R2DMA-TSP,44,426.3333,0.078247,35266.5963,3,"{""ls_time_limit"": 0.5, ""max_iterations"": 200, ""population_size"": 24, ""pulse_injection_rate"": 0.15, ""remove_ratio"": 0.15, ""theta_base"": 0.25, ""time_limit"": 600.0}","{""ls_time_limit"": 0.5, ""max_iterations"": 200, ""population_size"": 24, ""pulse_injection_rate"": 0.15, ""remove_ratio"": 0.15, ""theta_base"": 0.25, ""time_limit"": 600.0}"
2026-05-16T10:17:57.037361,eil51,R2DMA-TSP,45,426.6667,0.156495,36508.9546,3,"{""ls_time_limit"": 0.5, ""max_iterations"": 200, ""population_size"": 24, ""pulse_injection_rate"": 0.15, ""remove_ratio"": 0.15, ""theta_base"": 0.25, ""time_limit"": 1200.0}","{""ls_time_limit"": 0.5, ""max_iterations"": 200, ""population_size"": 24, ""pulse_injection_rate"": 0.15, ""remove_ratio"": 0.15, ""theta_base"": 0.25, ""time_limit"": 1200.0}"
2026-05-16T10:17:59.331493,eil51,R2DMA-TSP,46,426.3333,0.078247,36522.0318,3,"{""ls_time_limit"": 0.5, ""max_iterations"": 200, ""population_size"": 24, ""pulse_injection_rate"": 0.05, ""remove_ratio"": 0.2, ""theta_base"": 0.25, ""time_limit"": 300.0}","{""ls_time_limit"": 0.5, ""max_iterations"": 200, ""population_size"": 24, ""pulse_injection_rate"": 0.05, ""remove_ratio"": 0.2, ""theta_base"": 0.25, ""time_limit"": 300.0}"
2026-05-16T10:18:12.824188,eil51,R2DMA-TSP,47,426.0,0.0,37221.4028,3,"{""ls_time_limit"": 0.5, ""max_iterations"": 200, ""population_size"": 24, ""pulse_injection_rate"": 0.05, ""remove_ratio"": 0.2, ""theta_base"": 0.25, ""time_limit"": 600.0}","{""ls_time_limit"": 0.5, ""max_iterations"": 200, ""population_size"": 24, ""pulse_injection_rate"": 0.05, ""remove_ratio"": 0.2, ""theta_base"": 0.25, ""time_limit"": 600.0}"
2026-05-16T10:18:15.585583,eil51,R2DMA-TSP,48,426.3333,0.078247,37172.8963,3,"{""ls_time_limit"": 0.5, ""max_iterations"": 200, ""population_size"": 24, ""pulse_injection_rate"": 0.05, ""remove_ratio"": 0.2, ""theta_base"": 0.25, ""time_limit"": 1200.0}","{""ls_time_limit"": 0.5, ""max_iterations"": 200, ""population_size"": 24, ""pulse_injection_rate"": 0.05, ""remove_ratio"": 0.2, ""theta_base"": 0.25, ""time_limit"": 1200.0}"
2026-05-16T10:18:51.419283,eil51,P-AOEA-TSP,1,426.0,0.0,12858.7943,3,"{""crossover_rate"": 0.75, ""genome_population_size"": 8, ""ls_time_limit"": 0.5, ""max_iterations"": 200, ""mutation_rate"": 0.1, ""population_size"": 24, ""time_limit"": 300.0}","{""crossover_rate"": 0.75, ""genome_population_size"": 8, ""ls_time_limit"": 0.5, ""max_iterations"": 200, ""mutation_rate"": 0.1, ""population_size"": 24, ""time_limit"": 300.0}"
2026-05-16T10:19:16.061267,eil51,P-AOEA-TSP,2,426.0,0.0,20149.0067,3,"{""crossover_rate"": 0.75, ""genome_population_size"": 8, ""ls_time_limit"": 0.5, ""max_iterations"": 200, ""mutation_rate"": 0.1, ""population_size"": 24, ""time_limit"": 600.0}","{""crossover_rate"": 0.75, ""genome_population_size"": 8, ""ls_time_limit"": 0.5, ""max_iterations"": 200, ""mutation_rate"": 0.1, ""population_size"": 24, ""time_limit"": 600.0}"
2026-05-16T10:19:45.579201,eil51,P-AOEA-TSP,3,426.3333,0.078247,18038.3007,3,"{""crossover_rate"": 0.75, ""genome_population_size"": 8, ""ls_time_limit"": 0.5, ""max_iterations"": 200, ""mutation_rate"": 0.1, ""population_size"": 24, ""time_limit"": 1200.0}","{""crossover_rate"": 0.75, ""genome_population_size"": 8, ""ls_time_limit"": 0.5, ""max_iterations"": 200, ""mutation_rate"": 0.1, ""population_size"": 24, ""time_limit"": 1200.0}"
2026-05-16T10:19:52.662365,eil51,R2DMA-TSP,49,426.3333,0.078247,38534.8962,3,"{""ls_time_limit"": 0.5, ""max_iterations"": 200, ""population_size"": 24, ""pulse_injection_rate"": 0.1, ""remove_ratio"": 0.2, ""theta_base"": 0.25, ""time_limit"": 300.0}","{""ls_time_limit"": 0.5, ""max_iterations"": 200, ""population_size"": 24, ""pulse_injection_rate"": 0.1, ""remove_ratio"": 0.2, ""theta_base"": 0.25, ""time_limit"": 300.0}"
2026-05-16T10:19:55.460349,eil51,R2DMA-TSP,50,426.6667,0.156495,38696.5298,3,"{""ls_time_limit"": 0.5, ""max_iterations"": 200, ""population_size"": 24, ""pulse_injection_rate"": 0.1, ""remove_ratio"": 0.2, ""theta_base"": 0.25, ""time_limit"": 600.0}","{""ls_time_limit"": 0.5, ""max_iterations"": 200, ""population_size"": 24, ""pulse_injection_rate"": 0.1, ""remove_ratio"": 0.2, ""theta_base"": 0.25, ""time_limit"": 600.0}"
2026-05-16T10:20:05.755168,eil51,P-AOEA-TSP,4,426.0,0.0,16548.5461,3,"{""crossover_rate"": 0.75, ""genome_population_size"": 8, ""ls_time_limit"": 0.5, ""max_iterations"": 200, ""mutation_rate"": 0.18, ""population_size"": 24, ""time_limit"": 300.0}","{""crossover_rate"": 0.75, ""genome_population_size"": 8, ""ls_time_limit"": 0.5, ""max_iterations"": 200, ""mutation_rate"": 0.18, ""population_size"": 24, ""time_limit"": 300.0}"
2026-05-16T10:20:32.055888,eil51,P-AOEA-TSP,5,426.3333,0.078247,15476.4348,3,"{""crossover_rate"": 0.75, ""genome_population_size"": 8, ""ls_time_limit"": 0.5, ""max_iterations"": 200, ""mutation_rate"": 0.18, ""population_size"": 24, ""time_limit"": 600.0}","{""crossover_rate"": 0.75, ""genome_population_size"": 8, ""ls_time_limit"": 0.5, ""max_iterations"": 200, ""mutation_rate"": 0.18, ""population_size"": 24, ""time_limit"": 600.0}"
2026-05-16T10:20:52.550388,eil51,P-AOEA-TSP,7,426.3333,0.078247,19000.3601,3,"{""crossover_rate"": 0.75, ""genome_population_size"": 8, ""ls_time_limit"": 0.5, ""max_iterations"": 200, ""mutation_rate"": 0.26, ""population_size"": 24, ""time_limit"": 300.0}","{""crossover_rate"": 0.75, ""genome_population_size"": 8, ""ls_time_limit"": 0.5, ""max_iterations"": 200, ""mutation_rate"": 0.26, ""population_size"": 24, ""time_limit"": 300.0}"
2026-05-16T10:21:05.392738,eil51,P-AOEA-TSP,6,426.0,0.0,24225.0516,3,"{""crossover_rate"": 0.75, ""genome_population_size"": 8, ""ls_time_limit"": 0.5, ""max_iterations"": 200, ""mutation_rate"": 0.18, ""population_size"": 24, ""time_limit"": 1200.0}","{""crossover_rate"": 0.75, ""genome_population_size"": 8, ""ls_time_limit"": 0.5, ""max_iterations"": 200, ""mutation_rate"": 0.18, ""population_size"": 24, ""time_limit"": 1200.0}"
2026-05-16T10:21:07.054937,eil51,P-AOEA-TSP,8,426.0,0.0,20425.5805,3,"{""crossover_rate"": 0.75, ""genome_population_size"": 8, ""ls_time_limit"": 0.5, ""max_iterations"": 200, ""mutation_rate"": 0.26, ""population_size"": 24, ""time_limit"": 600.0}","{""crossover_rate"": 0.75, ""genome_population_size"": 8, ""ls_time_limit"": 0.5, ""max_iterations"": 200, ""mutation_rate"": 0.26, ""population_size"": 24, ""time_limit"": 600.0}"
2026-05-16T10:21:14.218532,eil51,P-AOEA-TSP,9,426.0,0.0,14035.1273,3,"{""crossover_rate"": 0.75, ""genome_population_size"": 8, ""ls_time_limit"": 0.5, ""max_iterations"": 200, ""mutation_rate"": 0.26, ""population_size"": 24, ""time_limit"": 1200.0}","{""crossover_rate"": 0.75, ""genome_population_size"": 8, ""ls_time_limit"": 0.5, ""max_iterations"": 200, ""mutation_rate"": 0.26, ""population_size"": 24, ""time_limit"": 1200.0}"
2026-05-16T10:21:51.236675,eil51,P-AOEA-TSP,10,426.0,0.0,19545.7682,3,"{""crossover_rate"": 0.85, ""genome_population_size"": 8, ""ls_time_limit"": 0.5, ""max_iterations"": 200, ""mutation_rate"": 0.1, ""population_size"": 24, ""time_limit"": 300.0}","{""crossover_rate"": 0.85, ""genome_population_size"": 8, ""ls_time_limit"": 0.5, ""max_iterations"": 200, ""mutation_rate"": 0.1, ""population_size"": 24, ""time_limit"": 300.0}"
2026-05-16T10:21:59.687525,eil51,P-AOEA-TSP,11,426.3333,0.078247,18090.5393,3,"{""crossover_rate"": 0.85, ""genome_population_size"": 8, ""ls_time_limit"": 0.5, ""max_iterations"": 200, ""mutation_rate"": 0.1, ""population_size"": 24, ""time_limit"": 600.0}","{""crossover_rate"": 0.85, ""genome_population_size"": 8, ""ls_time_limit"": 0.5, ""max_iterations"": 200, ""mutation_rate"": 0.1, ""population_size"": 24, ""time_limit"": 600.0}"
2026-05-16T10:22:02.775688,eil51,P-AOEA-TSP,13,426.0,0.0,16179.2986,3,"{""crossover_rate"": 0.85, ""genome_population_size"": 8, ""ls_time_limit"": 0.5, ""max_iterations"": 200, ""mutation_rate"": 0.18, ""population_size"": 24, ""time_limit"": 300.0}","{""crossover_rate"": 0.85, ""genome_population_size"": 8, ""ls_time_limit"": 0.5, ""max_iterations"": 200, ""mutation_rate"": 0.18, ""population_size"": 24, ""time_limit"": 300.0}"
2026-05-16T10:22:10.062729,eil51,P-AOEA-TSP,12,426.0,0.0,20974.4263,3,"{""crossover_rate"": 0.85, ""genome_population_size"": 8, ""ls_time_limit"": 0.5, ""max_iterations"": 200, ""mutation_rate"": 0.1, ""population_size"": 24, ""time_limit"": 1200.0}","{""crossover_rate"": 0.85, ""genome_population_size"": 8, ""ls_time_limit"": 0.5, ""max_iterations"": 200, ""mutation_rate"": 0.1, ""population_size"": 24, ""time_limit"": 1200.0}"
2026-05-16T10:22:48.652202,eil51,P-AOEA-TSP,15,426.0,0.0,16310.9233,3,"{""crossover_rate"": 0.85, ""genome_population_size"": 8, ""ls_time_limit"": 0.5, ""max_iterations"": 200, ""mutation_rate"": 0.18, ""population_size"": 24, ""time_limit"": 1200.0}","{""crossover_rate"": 0.85, ""genome_population_size"": 8, ""ls_time_limit"": 0.5, ""max_iterations"": 200, ""mutation_rate"": 0.18, ""population_size"": 24, ""time_limit"": 1200.0}"
2026-05-16T10:22:49.380752,eil51,P-AOEA-TSP,14,426.0,0.0,19369.4294,3,"{""crossover_rate"": 0.85, ""genome_population_size"": 8, ""ls_time_limit"": 0.5, ""max_iterations"": 200, ""mutation_rate"": 0.18, ""population_size"": 24, ""time_limit"": 600.0}","{""crossover_rate"": 0.85, ""genome_population_size"": 8, ""ls_time_limit"": 0.5, ""max_iterations"": 200, ""mutation_rate"": 0.18, ""population_size"": 24, ""time_limit"": 600.0}"
2026-05-16T10:23:02.320624,eil51,P-AOEA-TSP,17,426.3333,0.078247,17407.8866,3,"{""crossover_rate"": 0.85, ""genome_population_size"": 8, ""ls_time_limit"": 0.5, ""max_iterations"": 200, ""mutation_rate"": 0.26, ""population_size"": 24, ""time_limit"": 600.0}","{""crossover_rate"": 0.85, ""genome_population_size"": 8, ""ls_time_limit"": 0.5, ""max_iterations"": 200, ""mutation_rate"": 0.26, ""population_size"": 24, ""time_limit"": 600.0}"
2026-05-16T10:23:14.854974,eil51,P-AOEA-TSP,16,426.3333,0.078247,24003.6497,3,"{""crossover_rate"": 0.85, ""genome_population_size"": 8, ""ls_time_limit"": 0.5, ""max_iterations"": 200, ""mutation_rate"": 0.26, ""population_size"": 24, ""time_limit"": 300.0}","{""crossover_rate"": 0.85, ""genome_population_size"": 8, ""ls_time_limit"": 0.5, ""max_iterations"": 200, ""mutation_rate"": 0.26, ""population_size"": 24, ""time_limit"": 300.0}"
2026-05-16T10:23:41.829833,eil51,P-AOEA-TSP,18,426.0,0.0,17711.3962,3,"{""crossover_rate"": 0.85, ""genome_population_size"": 8, ""ls_time_limit"": 0.5, ""max_iterations"": 200, ""mutation_rate"": 0.26, ""population_size"": 24, ""time_limit"": 1200.0}","{""crossover_rate"": 0.85, ""genome_population_size"": 8, ""ls_time_limit"": 0.5, ""max_iterations"": 200, ""mutation_rate"": 0.26, ""population_size"": 24, ""time_limit"": 1200.0}"
2026-05-16T10:23:52.410863,eil51,P-AOEA-TSP,19,426.0,0.0,20993.7503,3,"{""crossover_rate"": 0.95, ""genome_population_size"": 8, ""ls_time_limit"": 0.5, ""max_iterations"": 200, ""mutation_rate"": 0.1, ""population_size"": 24, ""time_limit"": 300.0}","{""crossover_rate"": 0.95, ""genome_population_size"": 8, ""ls_time_limit"": 0.5, ""max_iterations"": 200, ""mutation_rate"": 0.1, ""population_size"": 24, ""time_limit"": 300.0}"
2026-05-16T10:23:59.051406,eil51,P-AOEA-TSP,20,426.3333,0.078247,18897.7282,3,"{""crossover_rate"": 0.95, ""genome_population_size"": 8, ""ls_time_limit"": 0.5, ""max_iterations"": 200, ""mutation_rate"": 0.1, ""population_size"": 24, ""time_limit"": 600.0}","{""crossover_rate"": 0.95, ""genome_population_size"": 8, ""ls_time_limit"": 0.5, ""max_iterations"": 200, ""mutation_rate"": 0.1, ""population_size"": 24, ""time_limit"": 600.0}"
2026-05-16T10:24:00.015902,eil51,P-AOEA-TSP,21,426.3333,0.078247,15042.8851,3,"{""crossover_rate"": 0.95, ""genome_population_size"": 8, ""ls_time_limit"": 0.5, ""max_iterations"": 200, ""mutation_rate"": 0.1, ""population_size"": 24, ""time_limit"": 1200.0}","{""crossover_rate"": 0.95, ""genome_population_size"": 8, ""ls_time_limit"": 0.5, ""max_iterations"": 200, ""mutation_rate"": 0.1, ""population_size"": 24, ""time_limit"": 1200.0}"
2026-05-16T10:24:38.541003,eil51,P-AOEA-TSP,22,426.3333,0.078247,18898.2481,3,"{""crossover_rate"": 0.95, ""genome_population_size"": 8, ""ls_time_limit"": 0.5, ""max_iterations"": 200, ""mutation_rate"": 0.18, ""population_size"": 24, ""time_limit"": 300.0}","{""crossover_rate"": 0.95, ""genome_population_size"": 8, ""ls_time_limit"": 0.5, ""max_iterations"": 200, ""mutation_rate"": 0.18, ""population_size"": 24, ""time_limit"": 300.0}"
2026-05-16T10:25:07.246037,eil51,P-AOEA-TSP,24,426.0,0.0,22725.6023,3,"{""crossover_rate"": 0.95, ""genome_population_size"": 8, ""ls_time_limit"": 0.5, ""max_iterations"": 200, ""mutation_rate"": 0.18, ""population_size"": 24, ""time_limit"": 1200.0}","{""crossover_rate"": 0.95, ""genome_population_size"": 8, ""ls_time_limit"": 0.5, ""max_iterations"": 200, ""mutation_rate"": 0.18, ""population_size"": 24, ""time_limit"": 1200.0}"
2026-05-16T10:25:09.827580,eil51,P-AOEA-TSP,25,426.0,0.0,23238.1068,3,"{""crossover_rate"": 0.95, ""genome_population_size"": 8, ""ls_time_limit"": 0.5, ""max_iterations"": 200, ""mutation_rate"": 0.26, ""population_size"": 24, ""time_limit"": 300.0}","{""crossover_rate"": 0.95, ""genome_population_size"": 8, ""ls_time_limit"": 0.5, ""max_iterations"": 200, ""mutation_rate"": 0.26, ""population_size"": 24, ""time_limit"": 300.0}"
2026-05-16T10:25:11.598641,eil51,P-AOEA-TSP,23,426.0,0.0,26389.6395,3,"{""crossover_rate"": 0.95, ""genome_population_size"": 8, ""ls_time_limit"": 0.5, ""max_iterations"": 200, ""mutation_rate"": 0.18, ""population_size"": 24, ""time_limit"": 600.0}","{""crossover_rate"": 0.95, ""genome_population_size"": 8, ""ls_time_limit"": 0.5, ""max_iterations"": 200, ""mutation_rate"": 0.18, ""population_size"": 24, ""time_limit"": 600.0}"
2026-05-16T10:25:41.584783,eil51,P-AOEA-TSP,26,426.0,0.0,21002.1338,3,"{""crossover_rate"": 0.95, ""genome_population_size"": 8, ""ls_time_limit"": 0.5, ""max_iterations"": 200, ""mutation_rate"": 0.26, ""population_size"": 24, ""time_limit"": 600.0}","{""crossover_rate"": 0.95, ""genome_population_size"": 8, ""ls_time_limit"": 0.5, ""max_iterations"": 200, ""mutation_rate"": 0.26, ""population_size"": 24, ""time_limit"": 600.0}"
2026-05-16T10:26:11.087071,eil51,P-AOEA-TSP,27,426.0,0.0,21258.3281,3,"{""crossover_rate"": 0.95, ""genome_population_size"": 8, ""ls_time_limit"": 0.5, ""max_iterations"": 200, ""mutation_rate"": 0.26, ""population_size"": 24, ""time_limit"": 1200.0}","{""crossover_rate"": 0.95, ""genome_population_size"": 8, ""ls_time_limit"": 0.5, ""max_iterations"": 200, ""mutation_rate"": 0.26, ""population_size"": 24, ""time_limit"": 1200.0}"
2026-05-16T10:26:16.008257,eil51,P-AOEA-TSP,29,426.0,0.0,21455.4365,3,"{""crossover_rate"": 0.75, ""genome_population_size"": 12, ""ls_time_limit"": 0.5, ""max_iterations"": 200, ""mutation_rate"": 0.1, ""population_size"": 24, ""time_limit"": 600.0}","{""crossover_rate"": 0.75, ""genome_population_size"": 12, ""ls_time_limit"": 0.5, ""max_iterations"": 200, ""mutation_rate"": 0.1, ""population_size"": 24, ""time_limit"": 600.0}"
2026-05-16T10:26:18.112130,eil51,P-AOEA-TSP,28,426.3333,0.078247,22755.41,3,"{""crossover_rate"": 0.75, ""genome_population_size"": 12, ""ls_time_limit"": 0.5, ""max_iterations"": 200, ""mutation_rate"": 0.1, ""population_size"": 24, ""time_limit"": 300.0}","{""crossover_rate"": 0.75, ""genome_population_size"": 12, ""ls_time_limit"": 0.5, ""max_iterations"": 200, ""mutation_rate"": 0.1, ""population_size"": 24, ""time_limit"": 300.0}"
2026-05-16T10:26:36.560518,eil51,P-AOEA-TSP,30,426.3333,0.078247,18311.8062,3,"{""crossover_rate"": 0.75, ""genome_population_size"": 12, ""ls_time_limit"": 0.5, ""max_iterations"": 200, ""mutation_rate"": 0.1, ""population_size"": 24, ""time_limit"": 1200.0}","{""crossover_rate"": 0.75, ""genome_population_size"": 12, ""ls_time_limit"": 0.5, ""max_iterations"": 200, ""mutation_rate"": 0.1, ""population_size"": 24, ""time_limit"": 1200.0}"
2026-05-16T10:27:05.273400,eil51,P-AOEA-TSP,32,426.3333,0.078247,16415.109,3,"{""crossover_rate"": 0.75, ""genome_population_size"": 12, ""ls_time_limit"": 0.5, ""max_iterations"": 200, ""mutation_rate"": 0.18, ""population_size"": 24, ""time_limit"": 600.0}","{""crossover_rate"": 0.75, ""genome_population_size"": 12, ""ls_time_limit"": 0.5, ""max_iterations"": 200, ""mutation_rate"": 0.18, ""population_size"": 24, ""time_limit"": 600.0}"
2026-05-16T10:27:05.487221,eil51,P-AOEA-TSP,31,426.3333,0.078247,18126.7887,3,"{""crossover_rate"": 0.75, ""genome_population_size"": 12, ""ls_time_limit"": 0.5, ""max_iterations"": 200, ""mutation_rate"": 0.18, ""population_size"": 24, ""time_limit"": 300.0}","{""crossover_rate"": 0.75, ""genome_population_size"": 12, ""ls_time_limit"": 0.5, ""max_iterations"": 200, ""mutation_rate"": 0.18, ""population_size"": 24, ""time_limit"": 300.0}"
2026-05-16T10:27:19.316287,eil51,P-AOEA-TSP,33,426.6667,0.156495,20378.8274,3,"{""crossover_rate"": 0.75, ""genome_population_size"": 12, ""ls_time_limit"": 0.5, ""max_iterations"": 200, ""mutation_rate"": 0.18, ""population_size"": 24, ""time_limit"": 1200.0}","{""crossover_rate"": 0.75, ""genome_population_size"": 12, ""ls_time_limit"": 0.5, ""max_iterations"": 200, ""mutation_rate"": 0.18, ""population_size"": 24, ""time_limit"": 1200.0}"
2026-05-16T10:27:41.495395,eil51,P-AOEA-TSP,34,426.0,0.0,21632.9187,3,"{""crossover_rate"": 0.75, ""genome_population_size"": 12, ""ls_time_limit"": 0.5, ""max_iterations"": 200, ""mutation_rate"": 0.26, ""population_size"": 24, ""time_limit"": 300.0}","{""crossover_rate"": 0.75, ""genome_population_size"": 12, ""ls_time_limit"": 0.5, ""max_iterations"": 200, ""mutation_rate"": 0.26, ""population_size"": 24, ""time_limit"": 300.0}"
2026-05-16T10:27:55.795854,eil51,P-AOEA-TSP,35,426.0,0.0,16824.6503,3,"{""crossover_rate"": 0.75, ""genome_population_size"": 12, ""ls_time_limit"": 0.5, ""max_iterations"": 200, ""mutation_rate"": 0.26, ""population_size"": 24, ""time_limit"": 600.0}","{""crossover_rate"": 0.75, ""genome_population_size"": 12, ""ls_time_limit"": 0.5, ""max_iterations"": 200, ""mutation_rate"": 0.26, ""population_size"": 24, ""time_limit"": 600.0}"
2026-05-16T10:28:12.938883,eil51,P-AOEA-TSP,36,426.0,0.0,22471.5057,3,"{""crossover_rate"": 0.75, ""genome_population_size"": 12, ""ls_time_limit"": 0.5, ""max_iterations"": 200, ""mutation_rate"": 0.26, ""population_size"": 24, ""time_limit"": 1200.0}","{""crossover_rate"": 0.75, ""genome_population_size"": 12, ""ls_time_limit"": 0.5, ""max_iterations"": 200, ""mutation_rate"": 0.26, ""population_size"": 24, ""time_limit"": 1200.0}"
2026-05-16T10:28:28.007539,eil51,P-AOEA-TSP,37,426.0,0.0,22882.8614,3,"{""crossover_rate"": 0.85, ""genome_population_size"": 12, ""ls_time_limit"": 0.5, ""max_iterations"": 200, ""mutation_rate"": 0.1, ""population_size"": 24, ""time_limit"": 300.0}","{""crossover_rate"": 0.85, ""genome_population_size"": 12, ""ls_time_limit"": 0.5, ""max_iterations"": 200, ""mutation_rate"": 0.1, ""population_size"": 24, ""time_limit"": 300.0}"
2026-05-16T10:28:48.953332,eil51,P-AOEA-TSP,38,426.0,0.0,22451.9565,3,"{""crossover_rate"": 0.85, ""genome_population_size"": 12, ""ls_time_limit"": 0.5, ""max_iterations"": 200, ""mutation_rate"": 0.1, ""population_size"": 24, ""time_limit"": 600.0}","{""crossover_rate"": 0.85, ""genome_population_size"": 12, ""ls_time_limit"": 0.5, ""max_iterations"": 200, ""mutation_rate"": 0.1, ""population_size"": 24, ""time_limit"": 600.0}"
2026-05-16T10:28:59.177441,eil51,P-AOEA-TSP,39,426.0,0.0,21116.6511,3,"{""crossover_rate"": 0.85, ""genome_population_size"": 12, ""ls_time_limit"": 0.5, ""max_iterations"": 200, ""mutation_rate"": 0.1, ""population_size"": 24, ""time_limit"": 1200.0}","{""crossover_rate"": 0.85, ""genome_population_size"": 12, ""ls_time_limit"": 0.5, ""max_iterations"": 200, ""mutation_rate"": 0.1, ""population_size"": 24, ""time_limit"": 1200.0}"
2026-05-16T10:29:11.737548,eil51,P-AOEA-TSP,40,426.0,0.0,19590.1657,3,"{""crossover_rate"": 0.85, ""genome_population_size"": 12, ""ls_time_limit"": 0.5, ""max_iterations"": 200, ""mutation_rate"": 0.18, ""population_size"": 24, ""time_limit"": 300.0}","{""crossover_rate"": 0.85, ""genome_population_size"": 12, ""ls_time_limit"": 0.5, ""max_iterations"": 200, ""mutation_rate"": 0.18, ""population_size"": 24, ""time_limit"": 300.0}"
2026-05-16T10:29:21.874860,eil51,P-AOEA-TSP,41,426.0,0.0,17940.8704,3,"{""crossover_rate"": 0.85, ""genome_population_size"": 12, ""ls_time_limit"": 0.5, ""max_iterations"": 200, ""mutation_rate"": 0.18, ""population_size"": 24, ""time_limit"": 600.0}","{""crossover_rate"": 0.85, ""genome_population_size"": 12, ""ls_time_limit"": 0.5, ""max_iterations"": 200, ""mutation_rate"": 0.18, ""population_size"": 24, ""time_limit"": 600.0}"
2026-05-16T10:29:47.104657,eil51,P-AOEA-TSP,42,426.3333,0.078247,19367.4694,3,"{""crossover_rate"": 0.85, ""genome_population_size"": 12, ""ls_time_limit"": 0.5, ""max_iterations"": 200, ""mutation_rate"": 0.18, ""population_size"": 24, ""time_limit"": 1200.0}","{""crossover_rate"": 0.85, ""genome_population_size"": 12, ""ls_time_limit"": 0.5, ""max_iterations"": 200, ""mutation_rate"": 0.18, ""population_size"": 24, ""time_limit"": 1200.0}"
2026-05-16T10:29:56.361158,eil51,P-AOEA-TSP,43,426.0,0.0,19046.1552,3,"{""crossover_rate"": 0.85, ""genome_population_size"": 12, ""ls_time_limit"": 0.5, ""max_iterations"": 200, ""mutation_rate"": 0.26, ""population_size"": 24, ""time_limit"": 300.0}","{""crossover_rate"": 0.85, ""genome_population_size"": 12, ""ls_time_limit"": 0.5, ""max_iterations"": 200, ""mutation_rate"": 0.26, ""population_size"": 24, ""time_limit"": 300.0}"
2026-05-16T10:29:58.841236,eil51,P-AOEA-TSP,44,426.0,0.0,15690.5472,3,"{""crossover_rate"": 0.85, ""genome_population_size"": 12, ""ls_time_limit"": 0.5, ""max_iterations"": 200, ""mutation_rate"": 0.26, ""population_size"": 24, ""time_limit"": 600.0}","{""crossover_rate"": 0.85, ""genome_population_size"": 12, ""ls_time_limit"": 0.5, ""max_iterations"": 200, ""mutation_rate"": 0.26, ""population_size"": 24, ""time_limit"": 600.0}"
2026-05-16T10:30:19.294051,eil51,P-AOEA-TSP,45,426.0,0.0,19130.5533,3,"{""crossover_rate"": 0.85, ""genome_population_size"": 12, ""ls_time_limit"": 0.5, ""max_iterations"": 200, ""mutation_rate"": 0.26, ""population_size"": 24, ""time_limit"": 1200.0}","{""crossover_rate"": 0.85, ""genome_population_size"": 12, ""ls_time_limit"": 0.5, ""max_iterations"": 200, ""mutation_rate"": 0.26, ""population_size"": 24, ""time_limit"": 1200.0}"
2026-05-16T10:30:43.257019,eil51,P-AOEA-TSP,48,426.0,0.0,14787.1984,3,"{""crossover_rate"": 0.95, ""genome_population_size"": 12, ""ls_time_limit"": 0.5, ""max_iterations"": 200, ""mutation_rate"": 0.1, ""population_size"": 24, ""time_limit"": 1200.0}","{""crossover_rate"": 0.95, ""genome_population_size"": 12, ""ls_time_limit"": 0.5, ""max_iterations"": 200, ""mutation_rate"": 0.1, ""population_size"": 24, ""time_limit"": 1200.0}"
2026-05-16T10:30:45.087932,eil51,P-AOEA-TSP,46,426.0,0.0,19320.927,3,"{""crossover_rate"": 0.95, ""genome_population_size"": 12, ""ls_time_limit"": 0.5, ""max_iterations"": 200, ""mutation_rate"": 0.1, ""population_size"": 24, ""time_limit"": 300.0}","{""crossover_rate"": 0.95, ""genome_population_size"": 12, ""ls_time_limit"": 0.5, ""max_iterations"": 200, ""mutation_rate"": 0.1, ""population_size"": 24, ""time_limit"": 300.0}"
2026-05-16T10:31:00.728506,eil51,P-AOEA-TSP,47,426.0,0.0,21442.8981,3,"{""crossover_rate"": 0.95, ""genome_population_size"": 12, ""ls_time_limit"": 0.5, ""max_iterations"": 200, ""mutation_rate"": 0.1, ""population_size"": 24, ""time_limit"": 600.0}","{""crossover_rate"": 0.95, ""genome_population_size"": 12, ""ls_time_limit"": 0.5, ""max_iterations"": 200, ""mutation_rate"": 0.1, ""population_size"": 24, ""time_limit"": 600.0}"
2026-05-16T10:31:05.769572,eil51,CGO-TSP,1,427.0,0.234742,6886.7434,3,"{""chaos_rate"": 3.8, ""ls_time_limit"": 0.5, ""max_iterations"": 200, ""population_size"": 24, ""seed_length_ratio"": 0.15, ""time_limit"": 300.0}","{""chaos_rate"": 3.8, ""ls_time_limit"": 0.5, ""max_iterations"": 200, ""population_size"": 24, ""seed_length_ratio"": 0.15, ""time_limit"": 300.0}"
2026-05-16T10:31:20.780463,eil51,CGO-TSP,2,427.0,0.234742,6669.2483,3,"{""chaos_rate"": 3.8, ""ls_time_limit"": 0.5, ""max_iterations"": 200, ""population_size"": 24, ""seed_length_ratio"": 0.15, ""time_limit"": 600.0}","{""chaos_rate"": 3.8, ""ls_time_limit"": 0.5, ""max_iterations"": 200, ""population_size"": 24, ""seed_length_ratio"": 0.15, ""time_limit"": 600.0}"
2026-05-16T10:31:25.256338,eil51,CGO-TSP,3,427.3333,0.312989,6486.2728,3,"{""chaos_rate"": 3.8, ""ls_time_limit"": 0.5, ""max_iterations"": 200, ""population_size"": 24, ""seed_length_ratio"": 0.15, ""time_limit"": 1200.0}","{""chaos_rate"": 3.8, ""ls_time_limit"": 0.5, ""max_iterations"": 200, ""population_size"": 24, ""seed_length_ratio"": 0.15, ""time_limit"": 1200.0}"
2026-05-16T10:31:25.932496,eil51,P-AOEA-TSP,49,426.0,0.0,22200.8808,3,"{""crossover_rate"": 0.95, ""genome_population_size"": 12, ""ls_time_limit"": 0.5, ""max_iterations"": 200, ""mutation_rate"": 0.18, ""population_size"": 24, ""time_limit"": 300.0}","{""crossover_rate"": 0.95, ""genome_population_size"": 12, ""ls_time_limit"": 0.5, ""max_iterations"": 200, ""mutation_rate"": 0.18, ""population_size"": 24, ""time_limit"": 300.0}"
2026-05-16T10:31:40.608408,eil51,CGO-TSP,4,427.0,0.234742,6592.6851,3,"{""chaos_rate"": 3.8, ""ls_time_limit"": 0.5, ""max_iterations"": 200, ""population_size"": 24, ""seed_length_ratio"": 0.25, ""time_limit"": 300.0}","{""chaos_rate"": 3.8, ""ls_time_limit"": 0.5, ""max_iterations"": 200, ""population_size"": 24, ""seed_length_ratio"": 0.25, ""time_limit"": 300.0}"
2026-05-16T10:31:46.424716,eil51,CGO-TSP,5,427.0,0.234742,7046.1305,3,"{""chaos_rate"": 3.8, ""ls_time_limit"": 0.5, ""max_iterations"": 200, ""population_size"": 24, ""seed_length_ratio"": 0.25, ""time_limit"": 600.0}","{""chaos_rate"": 3.8, ""ls_time_limit"": 0.5, ""max_iterations"": 200, ""population_size"": 24, ""seed_length_ratio"": 0.25, ""time_limit"": 600.0}"
2026-05-16T10:31:47.194386,eil51,CGO-TSP,6,426.6667,0.156495,7079.7685,3,"{""chaos_rate"": 3.8, ""ls_time_limit"": 0.5, ""max_iterations"": 200, ""population_size"": 24, ""seed_length_ratio"": 0.25, ""time_limit"": 1200.0}","{""chaos_rate"": 3.8, ""ls_time_limit"": 0.5, ""max_iterations"": 200, ""population_size"": 24, ""seed_length_ratio"": 0.25, ""time_limit"": 1200.0}"
2026-05-16T10:31:48.460919,eil51,P-AOEA-TSP,50,426.0,0.0,21721.5202,3,"{""crossover_rate"": 0.95, ""genome_population_size"": 12, ""ls_time_limit"": 0.5, ""max_iterations"": 200, ""mutation_rate"": 0.18, ""population_size"": 24, ""time_limit"": 600.0}","{""crossover_rate"": 0.95, ""genome_population_size"": 12, ""ls_time_limit"": 0.5, ""max_iterations"": 200, ""mutation_rate"": 0.18, ""population_size"": 24, ""time_limit"": 600.0}"
2026-05-16T10:32:00.308733,eil51,CGO-TSP,7,426.6667,0.156495,6552.1151,3,"{""chaos_rate"": 3.8, ""ls_time_limit"": 0.5, ""max_iterations"": 200, ""population_size"": 24, ""seed_length_ratio"": 0.35, ""time_limit"": 300.0}","{""chaos_rate"": 3.8, ""ls_time_limit"": 0.5, ""max_iterations"": 200, ""population_size"": 24, ""seed_length_ratio"": 0.35, ""time_limit"": 300.0}"
2026-05-16T10:32:06.684232,eil51,CGO-TSP,8,426.3333,0.078247,6738.4087,3,"{""chaos_rate"": 3.8, ""ls_time_limit"": 0.5, ""max_iterations"": 200, ""population_size"": 24, ""seed_length_ratio"": 0.35, ""time_limit"": 600.0}","{""chaos_rate"": 3.8, ""ls_time_limit"": 0.5, ""max_iterations"": 200, ""population_size"": 24, ""seed_length_ratio"": 0.35, ""time_limit"": 600.0}"
2026-05-16T10:32:07.490428,eil51,CGO-TSP,9,427.0,0.234742,6747.4926,3,"{""chaos_rate"": 3.8, ""ls_time_limit"": 0.5, ""max_iterations"": 200, ""population_size"": 24, ""seed_length_ratio"": 0.35, ""time_limit"": 1200.0}","{""chaos_rate"": 3.8, ""ls_time_limit"": 0.5, ""max_iterations"": 200, ""population_size"": 24, ""seed_length_ratio"": 0.35, ""time_limit"": 1200.0}"
2026-05-16T10:32:09.261363,eil51,CGO-TSP,10,426.3333,0.078247,6917.7474,3,"{""chaos_rate"": 3.9, ""ls_time_limit"": 0.5, ""max_iterations"": 200, ""population_size"": 24, ""seed_length_ratio"": 0.15, ""time_limit"": 300.0}","{""chaos_rate"": 3.9, ""ls_time_limit"": 0.5, ""max_iterations"": 200, ""population_size"": 24, ""seed_length_ratio"": 0.15, ""time_limit"": 300.0}"
2026-05-16T10:32:20.994691,eil51,CGO-TSP,11,426.6667,0.156495,6877.7966,3,"{""chaos_rate"": 3.9, ""ls_time_limit"": 0.5, ""max_iterations"": 200, ""population_size"": 24, ""seed_length_ratio"": 0.15, ""time_limit"": 600.0}","{""chaos_rate"": 3.9, ""ls_time_limit"": 0.5, ""max_iterations"": 200, ""population_size"": 24, ""seed_length_ratio"": 0.15, ""time_limit"": 600.0}"
2026-05-16T10:32:26.985383,eil51,CGO-TSP,12,427.0,0.234742,6756.815,3,"{""chaos_rate"": 3.9, ""ls_time_limit"": 0.5, ""max_iterations"": 200, ""population_size"": 24, ""seed_length_ratio"": 0.15, ""time_limit"": 1200.0}","{""chaos_rate"": 3.9, ""ls_time_limit"": 0.5, ""max_iterations"": 200, ""population_size"": 24, ""seed_length_ratio"": 0.15, ""time_limit"": 1200.0}"
2026-05-16T10:32:27.839148,eil51,CGO-TSP,13,426.3333,0.078247,6774.4319,3,"{""chaos_rate"": 3.9, ""ls_time_limit"": 0.5, ""max_iterations"": 200, ""population_size"": 24, ""seed_length_ratio"": 0.25, ""time_limit"": 300.0}","{""chaos_rate"": 3.9, ""ls_time_limit"": 0.5, ""max_iterations"": 200, ""population_size"": 24, ""seed_length_ratio"": 0.25, ""time_limit"": 300.0}"
2026-05-16T10:32:28.722808,eil51,CGO-TSP,14,426.3333,0.078247,6476.4429,3,"{""chaos_rate"": 3.9, ""ls_time_limit"": 0.5, ""max_iterations"": 200, ""population_size"": 24, ""seed_length_ratio"": 0.25, ""time_limit"": 600.0}","{""chaos_rate"": 3.9, ""ls_time_limit"": 0.5, ""max_iterations"": 200, ""population_size"": 24, ""seed_length_ratio"": 0.25, ""time_limit"": 600.0}"
2026-05-16T10:32:41.186171,eil51,CGO-TSP,15,427.0,0.234742,6713.4319,3,"{""chaos_rate"": 3.9, ""ls_time_limit"": 0.5, ""max_iterations"": 200, ""population_size"": 24, ""seed_length_ratio"": 0.25, ""time_limit"": 1200.0}","{""chaos_rate"": 3.9, ""ls_time_limit"": 0.5, ""max_iterations"": 200, ""population_size"": 24, ""seed_length_ratio"": 0.25, ""time_limit"": 1200.0}"
2026-05-16T10:32:46.601728,eil51,CGO-TSP,16,426.0,0.0,6525.6091,3,"{""chaos_rate"": 3.9, ""ls_time_limit"": 0.5, ""max_iterations"": 200, ""population_size"": 24, ""seed_length_ratio"": 0.35, ""time_limit"": 300.0}","{""chaos_rate"": 3.9, ""ls_time_limit"": 0.5, ""max_iterations"": 200, ""population_size"": 24, ""seed_length_ratio"": 0.35, ""time_limit"": 300.0}"
2026-05-16T10:32:48.031864,eil51,CGO-TSP,18,426.6667,0.156495,6421.9993,3,"{""chaos_rate"": 3.9, ""ls_time_limit"": 0.5, ""max_iterations"": 200, ""population_size"": 24, ""seed_length_ratio"": 0.35, ""time_limit"": 1200.0}","{""chaos_rate"": 3.9, ""ls_time_limit"": 0.5, ""max_iterations"": 200, ""population_size"": 24, ""seed_length_ratio"": 0.35, ""time_limit"": 1200.0}"
2026-05-16T10:32:48.141164,eil51,CGO-TSP,17,426.6667,0.156495,6756.9698,3,"{""chaos_rate"": 3.9, ""ls_time_limit"": 0.5, ""max_iterations"": 200, ""population_size"": 24, ""seed_length_ratio"": 0.35, ""time_limit"": 600.0}","{""chaos_rate"": 3.9, ""ls_time_limit"": 0.5, ""max_iterations"": 200, ""population_size"": 24, ""seed_length_ratio"": 0.35, ""time_limit"": 600.0}"
2026-05-16T10:33:00.490186,eil51,CGO-TSP,19,426.6667,0.156495,6423.3035,3,"{""chaos_rate"": 3.99, ""ls_time_limit"": 0.5, ""max_iterations"": 200, ""population_size"": 24, ""seed_length_ratio"": 0.15, ""time_limit"": 300.0}","{""chaos_rate"": 3.99, ""ls_time_limit"": 0.5, ""max_iterations"": 200, ""population_size"": 24, ""seed_length_ratio"": 0.15, ""time_limit"": 300.0}"
2026-05-16T10:33:05.648395,eil51,CGO-TSP,20,426.0,0.0,6337.4327,3,"{""chaos_rate"": 3.99, ""ls_time_limit"": 0.5, ""max_iterations"": 200, ""population_size"": 24, ""seed_length_ratio"": 0.15, ""time_limit"": 600.0}","{""chaos_rate"": 3.99, ""ls_time_limit"": 0.5, ""max_iterations"": 200, ""population_size"": 24, ""seed_length_ratio"": 0.15, ""time_limit"": 600.0}"
2026-05-16T10:33:07.358418,eil51,CGO-TSP,21,426.0,0.0,6434.4969,3,"{""chaos_rate"": 3.99, ""ls_time_limit"": 0.5, ""max_iterations"": 200, ""population_size"": 24, ""seed_length_ratio"": 0.15, ""time_limit"": 1200.0}","{""chaos_rate"": 3.99, ""ls_time_limit"": 0.5, ""max_iterations"": 200, ""population_size"": 24, ""seed_length_ratio"": 0.15, ""time_limit"": 1200.0}"
2026-05-16T10:33:07.554953,eil51,CGO-TSP,22,426.6667,0.156495,6463.1482,3,"{""chaos_rate"": 3.99, ""ls_time_limit"": 0.5, ""max_iterations"": 200, ""population_size"": 24, ""seed_length_ratio"": 0.25, ""time_limit"": 300.0}","{""chaos_rate"": 3.99, ""ls_time_limit"": 0.5, ""max_iterations"": 200, ""population_size"": 24, ""seed_length_ratio"": 0.25, ""time_limit"": 300.0}"
2026-05-16T10:33:20.426295,eil51,CGO-TSP,23,427.0,0.234742,6633.8839,3,"{""chaos_rate"": 3.99, ""ls_time_limit"": 0.5, ""max_iterations"": 200, ""population_size"": 24, ""seed_length_ratio"": 0.25, ""time_limit"": 600.0}","{""chaos_rate"": 3.99, ""ls_time_limit"": 0.5, ""max_iterations"": 200, ""population_size"": 24, ""seed_length_ratio"": 0.25, ""time_limit"": 600.0}"
2026-05-16T10:33:25.711241,eil51,CGO-TSP,24,427.3333,0.312989,6677.2755,3,"{""chaos_rate"": 3.99, ""ls_time_limit"": 0.5, ""max_iterations"": 200, ""population_size"": 24, ""seed_length_ratio"": 0.25, ""time_limit"": 1200.0}","{""chaos_rate"": 3.99, ""ls_time_limit"": 0.5, ""max_iterations"": 200, ""population_size"": 24, ""seed_length_ratio"": 0.25, ""time_limit"": 1200.0}"
2026-05-16T10:33:27.311733,eil51,CGO-TSP,25,427.0,0.234742,6643.838,3,"{""chaos_rate"": 3.99, ""ls_time_limit"": 0.5, ""max_iterations"": 200, ""population_size"": 24, ""seed_length_ratio"": 0.35, ""time_limit"": 300.0}","{""chaos_rate"": 3.99, ""ls_time_limit"": 0.5, ""max_iterations"": 200, ""population_size"": 24, ""seed_length_ratio"": 0.35, ""time_limit"": 300.0}"
2026-05-16T10:33:27.365098,eil51,CGO-TSP,26,426.6667,0.156495,6595.0301,3,"{""chaos_rate"": 3.99, ""ls_time_limit"": 0.5, ""max_iterations"": 200, ""population_size"": 24, ""seed_length_ratio"": 0.35, ""time_limit"": 600.0}","{""chaos_rate"": 3.99, ""ls_time_limit"": 0.5, ""max_iterations"": 200, ""population_size"": 24, ""seed_length_ratio"": 0.35, ""time_limit"": 600.0}"
2026-05-16T10:33:40.107997,eil51,CGO-TSP,27,427.3333,0.312989,6548.3695,3,"{""chaos_rate"": 3.99, ""ls_time_limit"": 0.5, ""max_iterations"": 200, ""population_size"": 24, ""seed_length_ratio"": 0.35, ""time_limit"": 1200.0}","{""chaos_rate"": 3.99, ""ls_time_limit"": 0.5, ""max_iterations"": 200, ""population_size"": 24, ""seed_length_ratio"": 0.35, ""time_limit"": 1200.0}"
2026-05-16T10:33:56.835815,eil51,CGO-TSP,28,426.6667,0.156495,10366.329,3,"{""chaos_rate"": 3.8, ""ls_time_limit"": 0.5, ""max_iterations"": 320, ""population_size"": 24, ""seed_length_ratio"": 0.15, ""time_limit"": 300.0}","{""chaos_rate"": 3.8, ""ls_time_limit"": 0.5, ""max_iterations"": 320, ""population_size"": 24, ""seed_length_ratio"": 0.15, ""time_limit"": 300.0}"
2026-05-16T10:33:58.159028,eil51,CGO-TSP,29,426.3333,0.078247,10274.564,3,"{""chaos_rate"": 3.8, ""ls_time_limit"": 0.5, ""max_iterations"": 320, ""population_size"": 24, ""seed_length_ratio"": 0.15, ""time_limit"": 600.0}","{""chaos_rate"": 3.8, ""ls_time_limit"": 0.5, ""max_iterations"": 320, ""population_size"": 24, ""seed_length_ratio"": 0.15, ""time_limit"": 600.0}"
2026-05-16T10:33:58.305340,eil51,CGO-TSP,30,426.6667,0.156495,10301.8943,3,"{""chaos_rate"": 3.8, ""ls_time_limit"": 0.5, ""max_iterations"": 320, ""population_size"": 24, ""seed_length_ratio"": 0.15, ""time_limit"": 1200.0}","{""chaos_rate"": 3.8, ""ls_time_limit"": 0.5, ""max_iterations"": 320, ""population_size"": 24, ""seed_length_ratio"": 0.15, ""time_limit"": 1200.0}"
2026-05-16T10:34:10.607958,eil51,CGO-TSP,31,426.6667,0.156495,10157.325,3,"{""chaos_rate"": 3.8, ""ls_time_limit"": 0.5, ""max_iterations"": 320, ""population_size"": 24, ""seed_length_ratio"": 0.25, ""time_limit"": 300.0}","{""chaos_rate"": 3.8, ""ls_time_limit"": 0.5, ""max_iterations"": 320, ""population_size"": 24, ""seed_length_ratio"": 0.25, ""time_limit"": 300.0}"
2026-05-16T10:34:27.081933,eil51,CGO-TSP,32,426.6667,0.156495,10069.9191,3,"{""chaos_rate"": 3.8, ""ls_time_limit"": 0.5, ""max_iterations"": 320, ""population_size"": 24, ""seed_length_ratio"": 0.25, ""time_limit"": 600.0}","{""chaos_rate"": 3.8, ""ls_time_limit"": 0.5, ""max_iterations"": 320, ""population_size"": 24, ""seed_length_ratio"": 0.25, ""time_limit"": 600.0}"
2026-05-16T10:34:28.123871,eil51,CGO-TSP,33,427.0,0.234742,9978.142,3,"{""chaos_rate"": 3.8, ""ls_time_limit"": 0.5, ""max_iterations"": 320, ""population_size"": 24, ""seed_length_ratio"": 0.25, ""time_limit"": 1200.0}","{""chaos_rate"": 3.8, ""ls_time_limit"": 0.5, ""max_iterations"": 320, ""population_size"": 24, ""seed_length_ratio"": 0.25, ""time_limit"": 1200.0}"
2026-05-16T10:34:28.373154,eil51,CGO-TSP,34,426.6667,0.156495,10007.3173,3,"{""chaos_rate"": 3.8, ""ls_time_limit"": 0.5, ""max_iterations"": 320, ""population_size"": 24, ""seed_length_ratio"": 0.35, ""time_limit"": 300.0}","{""chaos_rate"": 3.8, ""ls_time_limit"": 0.5, ""max_iterations"": 320, ""population_size"": 24, ""seed_length_ratio"": 0.35, ""time_limit"": 300.0}"
2026-05-16T10:34:40.793616,eil51,CGO-TSP,35,426.6667,0.156495,10054.179,3,"{""chaos_rate"": 3.8, ""ls_time_limit"": 0.5, ""max_iterations"": 320, ""population_size"": 24, ""seed_length_ratio"": 0.35, ""time_limit"": 600.0}","{""chaos_rate"": 3.8, ""ls_time_limit"": 0.5, ""max_iterations"": 320, ""population_size"": 24, ""seed_length_ratio"": 0.35, ""time_limit"": 600.0}"
2026-05-16T10:34:57.462843,eil51,CGO-TSP,36,426.6667,0.156495,10119.1647,3,"{""chaos_rate"": 3.8, ""ls_time_limit"": 0.5, ""max_iterations"": 320, ""population_size"": 24, ""seed_length_ratio"": 0.35, ""time_limit"": 1200.0}","{""chaos_rate"": 3.8, ""ls_time_limit"": 0.5, ""max_iterations"": 320, ""population_size"": 24, ""seed_length_ratio"": 0.35, ""time_limit"": 1200.0}"
2026-05-16T10:34:58.601435,eil51,CGO-TSP,37,427.0,0.234742,10125.6598,3,"{""chaos_rate"": 3.9, ""ls_time_limit"": 0.5, ""max_iterations"": 320, ""population_size"": 24, ""seed_length_ratio"": 0.15, ""time_limit"": 300.0}","{""chaos_rate"": 3.9, ""ls_time_limit"": 0.5, ""max_iterations"": 320, ""population_size"": 24, ""seed_length_ratio"": 0.15, ""time_limit"": 300.0}"
2026-05-16T10:34:58.841954,eil51,CGO-TSP,38,426.6667,0.156495,10150.3622,3,"{""chaos_rate"": 3.9, ""ls_time_limit"": 0.5, ""max_iterations"": 320, ""population_size"": 24, ""seed_length_ratio"": 0.15, ""time_limit"": 600.0}","{""chaos_rate"": 3.9, ""ls_time_limit"": 0.5, ""max_iterations"": 320, ""population_size"": 24, ""seed_length_ratio"": 0.15, ""time_limit"": 600.0}"
2026-05-16T10:35:11.337325,eil51,CGO-TSP,39,426.3333,0.078247,10168.6458,3,"{""chaos_rate"": 3.9, ""ls_time_limit"": 0.5, ""max_iterations"": 320, ""population_size"": 24, ""seed_length_ratio"": 0.15, ""time_limit"": 1200.0}","{""chaos_rate"": 3.9, ""ls_time_limit"": 0.5, ""max_iterations"": 320, ""population_size"": 24, ""seed_length_ratio"": 0.15, ""time_limit"": 1200.0}"
2026-05-16T10:35:28.133049,eil51,CGO-TSP,40,427.0,0.234742,10214.028,3,"{""chaos_rate"": 3.9, ""ls_time_limit"": 0.5, ""max_iterations"": 320, ""population_size"": 24, ""seed_length_ratio"": 0.25, ""time_limit"": 300.0}","{""chaos_rate"": 3.9, ""ls_time_limit"": 0.5, ""max_iterations"": 320, ""population_size"": 24, ""seed_length_ratio"": 0.25, ""time_limit"": 300.0}"
2026-05-16T10:35:28.964169,eil51,CGO-TSP,41,427.0,0.234742,10105.9102,3,"{""chaos_rate"": 3.9, ""ls_time_limit"": 0.5, ""max_iterations"": 320, ""population_size"": 24, ""seed_length_ratio"": 0.25, ""time_limit"": 600.0}","{""chaos_rate"": 3.9, ""ls_time_limit"": 0.5, ""max_iterations"": 320, ""population_size"": 24, ""seed_length_ratio"": 0.25, ""time_limit"": 600.0}"
2026-05-16T10:35:29.213174,eil51,CGO-TSP,42,426.3333,0.078247,10109.5834,3,"{""chaos_rate"": 3.9, ""ls_time_limit"": 0.5, ""max_iterations"": 320, ""population_size"": 24, ""seed_length_ratio"": 0.25, ""time_limit"": 1200.0}","{""chaos_rate"": 3.9, ""ls_time_limit"": 0.5, ""max_iterations"": 320, ""population_size"": 24, ""seed_length_ratio"": 0.25, ""time_limit"": 1200.0}"
2026-05-16T10:35:41.420697,eil51,CGO-TSP,43,426.6667,0.156495,10020.5053,3,"{""chaos_rate"": 3.9, ""ls_time_limit"": 0.5, ""max_iterations"": 320, ""population_size"": 24, ""seed_length_ratio"": 0.35, ""time_limit"": 300.0}","{""chaos_rate"": 3.9, ""ls_time_limit"": 0.5, ""max_iterations"": 320, ""population_size"": 24, ""seed_length_ratio"": 0.35, ""time_limit"": 300.0}"
2026-05-16T10:35:58.292383,eil51,CGO-TSP,44,426.6667,0.156495,10046.387,3,"{""chaos_rate"": 3.9, ""ls_time_limit"": 0.5, ""max_iterations"": 320, ""population_size"": 24, ""seed_length_ratio"": 0.35, ""time_limit"": 600.0}","{""chaos_rate"": 3.9, ""ls_time_limit"": 0.5, ""max_iterations"": 320, ""population_size"": 24, ""seed_length_ratio"": 0.35, ""time_limit"": 600.0}"
2026-05-16T10:35:59.255187,eil51,CGO-TSP,45,427.0,0.234742,10087.9055,3,"{""chaos_rate"": 3.9, ""ls_time_limit"": 0.5, ""max_iterations"": 320, ""population_size"": 24, ""seed_length_ratio"": 0.35, ""time_limit"": 1200.0}","{""chaos_rate"": 3.9, ""ls_time_limit"": 0.5, ""max_iterations"": 320, ""population_size"": 24, ""seed_length_ratio"": 0.35, ""time_limit"": 1200.0}"
2026-05-16T10:36:00.169445,eil51,CGO-TSP,46,427.0,0.234742,10304.738,3,"{""chaos_rate"": 3.99, ""ls_time_limit"": 0.5, ""max_iterations"": 320, ""population_size"": 24, ""seed_length_ratio"": 0.15, ""time_limit"": 300.0}","{""chaos_rate"": 3.99, ""ls_time_limit"": 0.5, ""max_iterations"": 320, ""population_size"": 24, ""seed_length_ratio"": 0.15, ""time_limit"": 300.0}"
2026-05-16T10:36:11.819232,eil51,CGO-TSP,47,427.0,0.234742,10120.5205,3,"{""chaos_rate"": 3.99, ""ls_time_limit"": 0.5, ""max_iterations"": 320, ""population_size"": 24, ""seed_length_ratio"": 0.15, ""time_limit"": 600.0}","{""chaos_rate"": 3.99, ""ls_time_limit"": 0.5, ""max_iterations"": 320, ""population_size"": 24, ""seed_length_ratio"": 0.15, ""time_limit"": 600.0}"
2026-05-16T10:36:28.975964,eil51,CGO-TSP,48,427.0,0.234742,10220.9061,3,"{""chaos_rate"": 3.99, ""ls_time_limit"": 0.5, ""max_iterations"": 320, ""population_size"": 24, ""seed_length_ratio"": 0.15, ""time_limit"": 1200.0}","{""chaos_rate"": 3.99, ""ls_time_limit"": 0.5, ""max_iterations"": 320, ""population_size"": 24, ""seed_length_ratio"": 0.15, ""time_limit"": 1200.0}"
2026-05-16T10:36:30.410987,eil51,CGO-TSP,49,427.0,0.234742,10379.204,3,"{""chaos_rate"": 3.99, ""ls_time_limit"": 0.5, ""max_iterations"": 320, ""population_size"": 24, ""seed_length_ratio"": 0.25, ""time_limit"": 300.0}","{""chaos_rate"": 3.99, ""ls_time_limit"": 0.5, ""max_iterations"": 320, ""population_size"": 24, ""seed_length_ratio"": 0.25, ""time_limit"": 300.0}"
2026-05-16T10:36:30.900052,eil51,CGO-TSP,50,426.3333,0.078247,10234.5655,3,"{""chaos_rate"": 3.99, ""ls_time_limit"": 0.5, ""max_iterations"": 320, ""population_size"": 24, ""seed_length_ratio"": 0.25, ""time_limit"": 600.0}","{""chaos_rate"": 3.99, ""ls_time_limit"": 0.5, ""max_iterations"": 320, ""population_size"": 24, ""seed_length_ratio"": 0.25, ""time_limit"": 600.0}"
2026-05-16T10:38:05.469119,eil51,RUN-TSP,1,427.0,0.234742,37869.7888,3,"{""beta"": 0.3, ""esq_probability"": 0.1, ""ls_time_limit"": 0.5, ""max_iterations"": 200, ""population_size"": 24, ""time_limit"": 300.0}","{""beta"": 0.3, ""esq_probability"": 0.1, ""ls_time_limit"": 0.5, ""max_iterations"": 200, ""population_size"": 24, ""time_limit"": 300.0}"
2026-05-16T10:38:26.527672,eil51,RUN-TSP,2,426.3333,0.078247,39170.0383,3,"{""beta"": 0.3, ""esq_probability"": 0.1, ""ls_time_limit"": 0.5, ""max_iterations"": 200, ""population_size"": 24, ""time_limit"": 600.0}","{""beta"": 0.3, ""esq_probability"": 0.1, ""ls_time_limit"": 0.5, ""max_iterations"": 200, ""population_size"": 24, ""time_limit"": 600.0}"
2026-05-16T10:38:27.422250,eil51,RUN-TSP,3,427.6667,0.391236,38989.4065,3,"{""beta"": 0.3, ""esq_probability"": 0.1, ""ls_time_limit"": 0.5, ""max_iterations"": 200, ""population_size"": 24, ""time_limit"": 1200.0}","{""beta"": 0.3, ""esq_probability"": 0.1, ""ls_time_limit"": 0.5, ""max_iterations"": 200, ""population_size"": 24, ""time_limit"": 1200.0}"
2026-05-16T10:38:31.298134,eil51,RUN-TSP,4,427.6667,0.391236,40125.1539,3,"{""beta"": 0.3, ""esq_probability"": 0.2, ""ls_time_limit"": 0.5, ""max_iterations"": 200, ""population_size"": 24, ""time_limit"": 300.0}","{""beta"": 0.3, ""esq_probability"": 0.2, ""ls_time_limit"": 0.5, ""max_iterations"": 200, ""population_size"": 24, ""time_limit"": 300.0}"
2026-05-16T10:40:03.805049,eil51,RUN-TSP,5,426.6667,0.156495,39435.3412,3,"{""beta"": 0.3, ""esq_probability"": 0.2, ""ls_time_limit"": 0.5, ""max_iterations"": 200, ""population_size"": 24, ""time_limit"": 600.0}","{""beta"": 0.3, ""esq_probability"": 0.2, ""ls_time_limit"": 0.5, ""max_iterations"": 200, ""population_size"": 24, ""time_limit"": 600.0}"
2026-05-16T10:40:20.521585,eil51,RUN-TSP,7,427.6667,0.391236,37688.102,3,"{""beta"": 0.3, ""esq_probability"": 0.3, ""ls_time_limit"": 0.5, ""max_iterations"": 200, ""population_size"": 24, ""time_limit"": 300.0}","{""beta"": 0.3, ""esq_probability"": 0.3, ""ls_time_limit"": 0.5, ""max_iterations"": 200, ""population_size"": 24, ""time_limit"": 300.0}"
2026-05-16T10:40:21.286863,eil51,RUN-TSP,6,426.6667,0.156495,38243.5007,3,"{""beta"": 0.3, ""esq_probability"": 0.2, ""ls_time_limit"": 0.5, ""max_iterations"": 200, ""population_size"": 24, ""time_limit"": 1200.0}","{""beta"": 0.3, ""esq_probability"": 0.2, ""ls_time_limit"": 0.5, ""max_iterations"": 200, ""population_size"": 24, ""time_limit"": 1200.0}"
2026-05-16T10:40:26.382443,eil51,RUN-TSP,8,427.0,0.234742,38350.8603,3,"{""beta"": 0.3, ""esq_probability"": 0.3, ""ls_time_limit"": 0.5, ""max_iterations"": 200, ""population_size"": 24, ""time_limit"": 600.0}","{""beta"": 0.3, ""esq_probability"": 0.3, ""ls_time_limit"": 0.5, ""max_iterations"": 200, ""population_size"": 24, ""time_limit"": 600.0}"
2026-05-16T10:42:08.999737,eil51,RUN-TSP,9,428.0,0.469484,41723.2608,3,"{""beta"": 0.3, ""esq_probability"": 0.3, ""ls_time_limit"": 0.5, ""max_iterations"": 200, ""population_size"": 24, ""time_limit"": 1200.0}","{""beta"": 0.3, ""esq_probability"": 0.3, ""ls_time_limit"": 0.5, ""max_iterations"": 200, ""population_size"": 24, ""time_limit"": 1200.0}"
2026-05-16T10:43:23.258781,eil51,RUN-TSP,11,426.0,0.0,60649.3652,3,"{""beta"": 0.5, ""esq_probability"": 0.1, ""ls_time_limit"": 0.5, ""max_iterations"": 200, ""population_size"": 24, ""time_limit"": 600.0}","{""beta"": 0.5, ""esq_probability"": 0.1, ""ls_time_limit"": 0.5, ""max_iterations"": 200, ""population_size"": 24, ""time_limit"": 600.0}"
2026-05-16T10:43:25.737108,eil51,RUN-TSP,10,427.3333,0.312989,61726.592,3,"{""beta"": 0.5, ""esq_probability"": 0.1, ""ls_time_limit"": 0.5, ""max_iterations"": 200, ""population_size"": 24, ""time_limit"": 300.0}","{""beta"": 0.5, ""esq_probability"": 0.1, ""ls_time_limit"": 0.5, ""max_iterations"": 200, ""population_size"": 24, ""time_limit"": 300.0}"
2026-05-16T10:43:35.481346,eil51,RUN-TSP,12,426.0,0.0,63024.1332,3,"{""beta"": 0.5, ""esq_probability"": 0.1, ""ls_time_limit"": 0.5, ""max_iterations"": 200, ""population_size"": 24, ""time_limit"": 1200.0}","{""beta"": 0.5, ""esq_probability"": 0.1, ""ls_time_limit"": 0.5, ""max_iterations"": 200, ""population_size"": 24, ""time_limit"": 1200.0}"
2026-05-16T10:45:08.075737,eil51,RUN-TSP,13,427.6667,0.391236,59681.609,3,"{""beta"": 0.5, ""esq_probability"": 0.2, ""ls_time_limit"": 0.5, ""max_iterations"": 200, ""population_size"": 24, ""time_limit"": 300.0}","{""beta"": 0.5, ""esq_probability"": 0.2, ""ls_time_limit"": 0.5, ""max_iterations"": 200, ""population_size"": 24, ""time_limit"": 300.0}"
2026-05-16T10:46:20.552656,eil51,RUN-TSP,15,426.6667,0.156495,58259.3342,3,"{""beta"": 0.5, ""esq_probability"": 0.2, ""ls_time_limit"": 0.5, ""max_iterations"": 200, ""population_size"": 24, ""time_limit"": 1200.0}","{""beta"": 0.5, ""esq_probability"": 0.2, ""ls_time_limit"": 0.5, ""max_iterations"": 200, ""population_size"": 24, ""time_limit"": 1200.0}"
2026-05-16T10:46:22.859361,eil51,RUN-TSP,14,426.3333,0.078247,59859.522,3,"{""beta"": 0.5, ""esq_probability"": 0.2, ""ls_time_limit"": 0.5, ""max_iterations"": 200, ""population_size"": 24, ""time_limit"": 600.0}","{""beta"": 0.5, ""esq_probability"": 0.2, ""ls_time_limit"": 0.5, ""max_iterations"": 200, ""population_size"": 24, ""time_limit"": 600.0}"
2026-05-16T10:46:36.937325,eil51,RUN-TSP,16,427.0,0.234742,60465.2771,3,"{""beta"": 0.5, ""esq_probability"": 0.3, ""ls_time_limit"": 0.5, ""max_iterations"": 200, ""population_size"": 24, ""time_limit"": 300.0}","{""beta"": 0.5, ""esq_probability"": 0.3, ""ls_time_limit"": 0.5, ""max_iterations"": 200, ""population_size"": 24, ""time_limit"": 300.0}"
2026-05-16T10:48:24.545354,eil51,RUN-TSP,17,426.6667,0.156495,65485.6111,3,"{""beta"": 0.5, ""esq_probability"": 0.3, ""ls_time_limit"": 0.5, ""max_iterations"": 200, ""population_size"": 24, ""time_limit"": 600.0}","{""beta"": 0.5, ""esq_probability"": 0.3, ""ls_time_limit"": 0.5, ""max_iterations"": 200, ""population_size"": 24, ""time_limit"": 600.0}"
2026-05-16T10:49:52.447501,eil51,RUN-TSP,18,427.0,0.234742,70625.6327,3,"{""beta"": 0.5, ""esq_probability"": 0.3, ""ls_time_limit"": 0.5, ""max_iterations"": 200, ""population_size"": 24, ""time_limit"": 1200.0}","{""beta"": 0.5, ""esq_probability"": 0.3, ""ls_time_limit"": 0.5, ""max_iterations"": 200, ""population_size"": 24, ""time_limit"": 1200.0}"
2026-05-16T10:50:57.986250,eil51,RUN-TSP,19,427.0,0.234742,91700.9223,3,"{""beta"": 0.7, ""esq_probability"": 0.1, ""ls_time_limit"": 0.5, ""max_iterations"": 200, ""population_size"": 24, ""time_limit"": 300.0}","{""beta"": 0.7, ""esq_probability"": 0.1, ""ls_time_limit"": 0.5, ""max_iterations"": 200, ""population_size"": 24, ""time_limit"": 300.0}"
2026-05-16T10:51:06.744475,eil51,RUN-TSP,20,427.0,0.234742,89928.1879,3,"{""beta"": 0.7, ""esq_probability"": 0.1, ""ls_time_limit"": 0.5, ""max_iterations"": 200, ""population_size"": 24, ""time_limit"": 600.0}","{""beta"": 0.7, ""esq_probability"": 0.1, ""ls_time_limit"": 0.5, ""max_iterations"": 200, ""population_size"": 24, ""time_limit"": 600.0}"
2026-05-16T10:52:26.048042,eil51,RUN-TSP,21,427.3333,0.312989,80478.0087,3,"{""beta"": 0.7, ""esq_probability"": 0.1, ""ls_time_limit"": 0.5, ""max_iterations"": 200, ""population_size"": 24, ""time_limit"": 1200.0}","{""beta"": 0.7, ""esq_probability"": 0.1, ""ls_time_limit"": 0.5, ""max_iterations"": 200, ""population_size"": 24, ""time_limit"": 1200.0}"
2026-05-16T10:53:31.029709,eil51,RUN-TSP,22,426.6667,0.156495,72853.5795,3,"{""beta"": 0.7, ""esq_probability"": 0.2, ""ls_time_limit"": 0.5, ""max_iterations"": 200, ""population_size"": 24, ""time_limit"": 300.0}","{""beta"": 0.7, ""esq_probability"": 0.2, ""ls_time_limit"": 0.5, ""max_iterations"": 200, ""population_size"": 24, ""time_limit"": 300.0}"
2026-05-16T10:54:44.804713,eil51,RUN-TSP,23,426.6667,0.156495,75601.2028,3,"{""beta"": 0.7, ""esq_probability"": 0.2, ""ls_time_limit"": 0.5, ""max_iterations"": 200, ""population_size"": 24, ""time_limit"": 600.0}","{""beta"": 0.7, ""esq_probability"": 0.2, ""ls_time_limit"": 0.5, ""max_iterations"": 200, ""population_size"": 24, ""time_limit"": 600.0}"
2026-05-16T10:54:53.983355,eil51,RUN-TSP,24,426.6667,0.156495,75739.1936,3,"{""beta"": 0.7, ""esq_probability"": 0.2, ""ls_time_limit"": 0.5, ""max_iterations"": 200, ""population_size"": 24, ""time_limit"": 1200.0}","{""beta"": 0.7, ""esq_probability"": 0.2, ""ls_time_limit"": 0.5, ""max_iterations"": 200, ""population_size"": 24, ""time_limit"": 1200.0}"
2026-05-16T10:56:17.642363,eil51,RUN-TSP,25,427.0,0.234742,77193.0728,3,"{""beta"": 0.7, ""esq_probability"": 0.3, ""ls_time_limit"": 0.5, ""max_iterations"": 200, ""population_size"": 24, ""time_limit"": 300.0}","{""beta"": 0.7, ""esq_probability"": 0.3, ""ls_time_limit"": 0.5, ""max_iterations"": 200, ""population_size"": 24, ""time_limit"": 300.0}"
2026-05-16T10:57:19.488368,eil51,RUN-TSP,26,427.0,0.234742,76144.2634,3,"{""beta"": 0.7, ""esq_probability"": 0.3, ""ls_time_limit"": 0.5, ""max_iterations"": 200, ""population_size"": 24, ""time_limit"": 600.0}","{""beta"": 0.7, ""esq_probability"": 0.3, ""ls_time_limit"": 0.5, ""max_iterations"": 200, ""population_size"": 24, ""time_limit"": 600.0}"
2026-05-16T10:57:39.659260,eil51,RUN-TSP,28,426.3333,0.078247,55220.7351,3,"{""beta"": 0.3, ""esq_probability"": 0.1, ""ls_time_limit"": 0.5, ""max_iterations"": 320, ""population_size"": 24, ""time_limit"": 300.0}","{""beta"": 0.3, ""esq_probability"": 0.1, ""ls_time_limit"": 0.5, ""max_iterations"": 320, ""population_size"": 24, ""time_limit"": 300.0}"
2026-05-16T10:58:31.104641,eil51,RUN-TSP,27,428.3333,0.547731,75428.0593,3,"{""beta"": 0.7, ""esq_probability"": 0.3, ""ls_time_limit"": 0.5, ""max_iterations"": 200, ""population_size"": 24, ""time_limit"": 1200.0}","{""beta"": 0.7, ""esq_probability"": 0.3, ""ls_time_limit"": 0.5, ""max_iterations"": 200, ""population_size"": 24, ""time_limit"": 1200.0}"
2026-05-16T10:59:09.815200,eil51,RUN-TSP,29,426.0,0.0,57386.6991,3,"{""beta"": 0.3, ""esq_probability"": 0.1, ""ls_time_limit"": 0.5, ""max_iterations"": 320, ""population_size"": 24, ""time_limit"": 600.0}","{""beta"": 0.3, ""esq_probability"": 0.1, ""ls_time_limit"": 0.5, ""max_iterations"": 320, ""population_size"": 24, ""time_limit"": 600.0}"
2026-05-16T11:00:13.238651,eil51,RUN-TSP,30,426.0,0.0,57879.9388,3,"{""beta"": 0.3, ""esq_probability"": 0.1, ""ls_time_limit"": 0.5, ""max_iterations"": 320, ""population_size"": 24, ""time_limit"": 1200.0}","{""beta"": 0.3, ""esq_probability"": 0.1, ""ls_time_limit"": 0.5, ""max_iterations"": 320, ""population_size"": 24, ""time_limit"": 1200.0}"
2026-05-16T11:00:34.650772,eil51,RUN-TSP,31,426.0,0.0,58323.7691,3,"{""beta"": 0.3, ""esq_probability"": 0.2, ""ls_time_limit"": 0.5, ""max_iterations"": 320, ""population_size"": 24, ""time_limit"": 300.0}","{""beta"": 0.3, ""esq_probability"": 0.2, ""ls_time_limit"": 0.5, ""max_iterations"": 320, ""population_size"": 24, ""time_limit"": 300.0}"
2026-05-16T11:01:18.849071,eil51,RUN-TSP,32,427.3333,0.312989,55905.205,3,"{""beta"": 0.3, ""esq_probability"": 0.2, ""ls_time_limit"": 0.5, ""max_iterations"": 320, ""population_size"": 24, ""time_limit"": 600.0}","{""beta"": 0.3, ""esq_probability"": 0.2, ""ls_time_limit"": 0.5, ""max_iterations"": 320, ""population_size"": 24, ""time_limit"": 600.0}"
2026-05-16T11:02:06.077498,eil51,RUN-TSP,33,426.0,0.0,58747.9203,3,"{""beta"": 0.3, ""esq_probability"": 0.2, ""ls_time_limit"": 0.5, ""max_iterations"": 320, ""population_size"": 24, ""time_limit"": 1200.0}","{""beta"": 0.3, ""esq_probability"": 0.2, ""ls_time_limit"": 0.5, ""max_iterations"": 320, ""population_size"": 24, ""time_limit"": 1200.0}"
2026-05-16T11:03:29.291796,eil51,RUN-TSP,34,427.0,0.234742,65346.0708,3,"{""beta"": 0.3, ""esq_probability"": 0.3, ""ls_time_limit"": 0.5, ""max_iterations"": 320, ""population_size"": 24, ""time_limit"": 300.0}","{""beta"": 0.3, ""esq_probability"": 0.3, ""ls_time_limit"": 0.5, ""max_iterations"": 320, ""population_size"": 24, ""time_limit"": 300.0}"
2026-05-16T11:03:53.712399,eil51,RUN-TSP,35,426.6667,0.156495,66349.3497,3,"{""beta"": 0.3, ""esq_probability"": 0.3, ""ls_time_limit"": 0.5, ""max_iterations"": 320, ""population_size"": 24, ""time_limit"": 600.0}","{""beta"": 0.3, ""esq_probability"": 0.3, ""ls_time_limit"": 0.5, ""max_iterations"": 320, ""population_size"": 24, ""time_limit"": 600.0}"
2026-05-16T11:04:28.599203,eil51,RUN-TSP,36,426.6667,0.156495,63235.191,3,"{""beta"": 0.3, ""esq_probability"": 0.3, ""ls_time_limit"": 0.5, ""max_iterations"": 320, ""population_size"": 24, ""time_limit"": 1200.0}","{""beta"": 0.3, ""esq_probability"": 0.3, ""ls_time_limit"": 0.5, ""max_iterations"": 320, ""population_size"": 24, ""time_limit"": 1200.0}"
2026-05-16T11:06:56.405975,eil51,RUN-TSP,37,426.3333,0.078247,96764.7955,3,"{""beta"": 0.5, ""esq_probability"": 0.1, ""ls_time_limit"": 0.5, ""max_iterations"": 320, ""population_size"": 24, ""time_limit"": 300.0}","{""beta"": 0.5, ""esq_probability"": 0.1, ""ls_time_limit"": 0.5, ""max_iterations"": 320, ""population_size"": 24, ""time_limit"": 300.0}"
2026-05-16T11:08:03.199057,eil51,RUN-TSP,38,426.6667,0.156495,91296.0476,3,"{""beta"": 0.5, ""esq_probability"": 0.1, ""ls_time_limit"": 0.5, ""max_iterations"": 320, ""population_size"": 24, ""time_limit"": 600.0}","{""beta"": 0.5, ""esq_probability"": 0.1, ""ls_time_limit"": 0.5, ""max_iterations"": 320, ""population_size"": 24, ""time_limit"": 600.0}"
2026-05-16T11:08:41.278195,eil51,RUN-TSP,39,426.3333,0.078247,95846.8671,3,"{""beta"": 0.5, ""esq_probability"": 0.1, ""ls_time_limit"": 0.5, ""max_iterations"": 320, ""population_size"": 24, ""time_limit"": 1200.0}","{""beta"": 0.5, ""esq_probability"": 0.1, ""ls_time_limit"": 0.5, ""max_iterations"": 320, ""population_size"": 24, ""time_limit"": 1200.0}"
2026-05-16T11:09:02.388822,eil51,RUN-TSP,40,427.0,0.234742,91256.7918,3,"{""beta"": 0.5, ""esq_probability"": 0.2, ""ls_time_limit"": 0.5, ""max_iterations"": 320, ""population_size"": 24, ""time_limit"": 300.0}","{""beta"": 0.5, ""esq_probability"": 0.2, ""ls_time_limit"": 0.5, ""max_iterations"": 320, ""population_size"": 24, ""time_limit"": 300.0}"
2026-05-16T11:11:34.008661,eil51,RUN-TSP,41,426.0,0.0,92528.1139,3,"{""beta"": 0.5, ""esq_probability"": 0.2, ""ls_time_limit"": 0.5, ""max_iterations"": 320, ""population_size"": 24, ""time_limit"": 600.0}","{""beta"": 0.5, ""esq_probability"": 0.2, ""ls_time_limit"": 0.5, ""max_iterations"": 320, ""population_size"": 24, ""time_limit"": 600.0}"
2026-05-16T11:12:26.080518,eil51,RUN-TSP,42,426.0,0.0,87622.0095,3,"{""beta"": 0.5, ""esq_probability"": 0.2, ""ls_time_limit"": 0.5, ""max_iterations"": 320, ""population_size"": 24, ""time_limit"": 1200.0}","{""beta"": 0.5, ""esq_probability"": 0.2, ""ls_time_limit"": 0.5, ""max_iterations"": 320, ""population_size"": 24, ""time_limit"": 1200.0}"
2026-05-16T11:13:03.050597,eil51,RUN-TSP,43,426.0,0.0,87247.4041,3,"{""beta"": 0.5, ""esq_probability"": 0.3, ""ls_time_limit"": 0.5, ""max_iterations"": 320, ""population_size"": 24, ""time_limit"": 300.0}","{""beta"": 0.5, ""esq_probability"": 0.3, ""ls_time_limit"": 0.5, ""max_iterations"": 320, ""population_size"": 24, ""time_limit"": 300.0}"
2026-05-16T11:13:20.282112,eil51,RUN-TSP,44,427.0,0.234742,85927.0589,3,"{""beta"": 0.5, ""esq_probability"": 0.3, ""ls_time_limit"": 0.5, ""max_iterations"": 320, ""population_size"": 24, ""time_limit"": 600.0}","{""beta"": 0.5, ""esq_probability"": 0.3, ""ls_time_limit"": 0.5, ""max_iterations"": 320, ""population_size"": 24, ""time_limit"": 600.0}"
2026-05-16T11:15:25.228468,eil51,RUN-TSP,45,427.0,0.234742,77067.6687,3,"{""beta"": 0.5, ""esq_probability"": 0.3, ""ls_time_limit"": 0.5, ""max_iterations"": 320, ""population_size"": 24, ""time_limit"": 1200.0}","{""beta"": 0.5, ""esq_probability"": 0.3, ""ls_time_limit"": 0.5, ""max_iterations"": 320, ""population_size"": 24, ""time_limit"": 1200.0}"
2026-05-16T11:17:32.711788,eil51,RUN-TSP,46,426.3333,0.078247,102205.9335,3,"{""beta"": 0.7, ""esq_probability"": 0.1, ""ls_time_limit"": 0.5, ""max_iterations"": 320, ""population_size"": 24, ""time_limit"": 300.0}","{""beta"": 0.7, ""esq_probability"": 0.1, ""ls_time_limit"": 0.5, ""max_iterations"": 320, ""population_size"": 24, ""time_limit"": 300.0}"
2026-05-16T11:18:11.384724,eil51,RUN-TSP,47,427.0,0.234742,102772.5124,3,"{""beta"": 0.7, ""esq_probability"": 0.1, ""ls_time_limit"": 0.5, ""max_iterations"": 320, ""population_size"": 24, ""time_limit"": 600.0}","{""beta"": 0.7, ""esq_probability"": 0.1, ""ls_time_limit"": 0.5, ""max_iterations"": 320, ""population_size"": 24, ""time_limit"": 600.0}"
2026-05-16T11:18:37.501827,eil51,RUN-TSP,48,426.6667,0.156495,105735.1918,3,"{""beta"": 0.7, ""esq_probability"": 0.1, ""ls_time_limit"": 0.5, ""max_iterations"": 320, ""population_size"": 24, ""time_limit"": 1200.0}","{""beta"": 0.7, ""esq_probability"": 0.1, ""ls_time_limit"": 0.5, ""max_iterations"": 320, ""population_size"": 24, ""time_limit"": 1200.0}"
2026-05-16T11:20:01.697247,eil51,RUN-TSP,49,426.6667,0.156495,92151.3386,3,"{""beta"": 0.7, ""esq_probability"": 0.2, ""ls_time_limit"": 0.5, ""max_iterations"": 320, ""population_size"": 24, ""time_limit"": 300.0}","{""beta"": 0.7, ""esq_probability"": 0.2, ""ls_time_limit"": 0.5, ""max_iterations"": 320, ""population_size"": 24, ""time_limit"": 300.0}"
2026-05-16T11:21:37.828790,eil51,RUN-TSP,50,426.6667,0.156495,81701.422,3,"{""beta"": 0.7, ""esq_probability"": 0.2, ""ls_time_limit"": 0.5, ""max_iterations"": 320, ""population_size"": 24, ""time_limit"": 600.0}","{""beta"": 0.7, ""esq_probability"": 0.2, ""ls_time_limit"": 0.5, ""max_iterations"": 320, ""population_size"": 24, ""time_limit"": 600.0}"
