timestamp,config_file,problem,algorithm,combo_idx,mean_duration,params
01:26:56,config_berlin52_20260701_012653.json,berlin52,2-opt,1,7822.4,"{""max_iterations"": 1000, ""first_improvement"": true, ""num_starts"": 10}"
01:26:58,config_berlin52_20260701_012653.json,berlin52,2-opt,2,8285.2,"{""max_iterations"": 1000, ""first_improvement"": true, ""num_starts"": 1}"
01:27:01,config_berlin52_20260701_012653.json,berlin52,2-opt,3,8062.2,"{""max_iterations"": 1000, ""first_improvement"": false, ""num_starts"": 10}"
01:27:03,config_berlin52_20260701_012653.json,berlin52,2-opt,4,8145.0,"{""max_iterations"": 1000, ""first_improvement"": false, ""num_starts"": 5}"
01:27:05,config_berlin52_20260701_012653.json,berlin52,2-opt,5,7860.0,"{""max_iterations"": 2000, ""first_improvement"": true, ""num_starts"": 5}"
01:27:09,config_berlin52_20260701_012653.json,berlin52,2-opt,6,8254.2,"{""max_iterations"": 1000, ""first_improvement"": true, ""num_starts"": 1}"
01:27:11,config_berlin52_20260701_012653.json,berlin52,2-opt,7,7897.2,"{""max_iterations"": 2000, ""first_improvement"": false, ""num_starts"": 10}"
01:27:14,config_berlin52_20260701_012653.json,berlin52,2-opt,8,7992.2,"{""max_iterations"": 1000, ""first_improvement"": false, ""num_starts"": 5}"
01:27:16,config_berlin52_20260701_012653.json,berlin52,2-opt,9,8130.4,"{""max_iterations"": 1000, ""first_improvement"": true, ""num_starts"": 1}"
01:27:18,config_berlin52_20260701_012653.json,berlin52,2-opt,10,8037.0,"{""max_iterations"": 1000, ""first_improvement"": false, ""num_starts"": 5}"
01:27:21,config_berlin52_20260701_012653.json,berlin52,2-opt,11,7796.4,"{""max_iterations"": 500, ""first_improvement"": true, ""num_starts"": 10}"
01:27:24,config_berlin52_20260701_012653.json,berlin52,2-opt,12,7913.0,"{""max_iterations"": 500, ""first_improvement"": true, ""num_starts"": 10}"
01:27:26,config_berlin52_20260701_012653.json,berlin52,2-opt,13,7789.4,"{""max_iterations"": 500, ""first_improvement"": true, ""num_starts"": 10}"
01:27:28,config_berlin52_20260701_012653.json,berlin52,2-opt,14,7891.4,"{""max_iterations"": 500, ""first_improvement"": true, ""num_starts"": 10}"
01:27:31,config_berlin52_20260701_012653.json,berlin52,2-opt,15,7766.8,"{""max_iterations"": 500, ""first_improvement"": true, ""num_starts"": 10}"
01:27:33,config_berlin52_20260701_012653.json,berlin52,2-opt,16,7807.2,"{""max_iterations"": 500, ""first_improvement"": true, ""num_starts"": 10}"
01:27:35,config_berlin52_20260701_012653.json,berlin52,2-opt,17,7886.2,"{""max_iterations"": 500, ""first_improvement"": true, ""num_starts"": 10}"
01:27:38,config_berlin52_20260701_012653.json,berlin52,2-opt,18,7906.0,"{""max_iterations"": 500, ""first_improvement"": true, ""num_starts"": 10}"
01:27:40,config_berlin52_20260701_012653.json,berlin52,2-opt,19,7828.8,"{""max_iterations"": 500, ""first_improvement"": true, ""num_starts"": 10}"
01:27:42,config_berlin52_20260701_012653.json,berlin52,2-opt,20,8056.0,"{""max_iterations"": 500, ""first_improvement"": true, ""num_starts"": 1}"
01:27:45,config_berlin52_20260701_012653.json,berlin52,2-opt,21,7852.0,"{""max_iterations"": 2000, ""first_improvement"": true, ""num_starts"": 10}"
01:27:47,config_berlin52_20260701_012653.json,berlin52,2-opt,22,7812.8,"{""max_iterations"": 500, ""first_improvement"": true, ""num_starts"": 10}"
01:27:49,config_berlin52_20260701_012653.json,berlin52,2-opt,23,7837.8,"{""max_iterations"": 500, ""first_improvement"": true, ""num_starts"": 10}"
01:27:52,config_berlin52_20260701_012653.json,berlin52,2-opt,24,7802.4,"{""max_iterations"": 500, ""first_improvement"": true, ""num_starts"": 10}"
01:27:54,config_berlin52_20260701_012653.json,berlin52,2-opt,25,7895.6,"{""max_iterations"": 500, ""first_improvement"": true, ""num_starts"": 10}"
01:27:56,config_berlin52_20260701_012653.json,berlin52,2-opt,26,7779.0,"{""max_iterations"": 500, ""first_improvement"": true, ""num_starts"": 10}"
01:27:59,config_berlin52_20260701_012653.json,berlin52,2-opt,27,7958.4,"{""max_iterations"": 500, ""first_improvement"": false, ""num_starts"": 10}"
01:28:01,config_berlin52_20260701_012653.json,berlin52,2-opt,28,7887.4,"{""max_iterations"": 2000, ""first_improvement"": true, ""num_starts"": 10}"
01:28:03,config_berlin52_20260701_012653.json,berlin52,2-opt,29,8302.6,"{""max_iterations"": 500, ""first_improvement"": true, ""num_starts"": 1}"
01:28:06,config_berlin52_20260701_012653.json,berlin52,2-opt,30,8024.0,"{""max_iterations"": 500, ""first_improvement"": true, ""num_starts"": 5}"
01:28:10,config_berlin52_20260701_012653.json,berlin52,3-opt,1,7950.0,"{""max_iterations"": 400, ""first_improvement"": true, ""num_starts"": 5}"
01:28:12,config_berlin52_20260701_012653.json,berlin52,3-opt,2,8453.4,"{""max_iterations"": 400, ""first_improvement"": true, ""num_starts"": 1}"
01:28:15,config_berlin52_20260701_012653.json,berlin52,3-opt,3,8067.4,"{""max_iterations"": 400, ""first_improvement"": false, ""num_starts"": 5}"
01:28:17,config_berlin52_20260701_012653.json,berlin52,3-opt,4,8303.0,"{""max_iterations"": 400, ""first_improvement"": false, ""num_starts"": 3}"
01:28:21,config_berlin52_20260701_012653.json,berlin52,3-opt,5,7986.2,"{""max_iterations"": 800, ""first_improvement"": true, ""num_starts"": 3}"
01:28:24,config_berlin52_20260701_012653.json,berlin52,3-opt,6,8677.0,"{""max_iterations"": 400, ""first_improvement"": true, ""num_starts"": 1}"
01:28:26,config_berlin52_20260701_012653.json,berlin52,3-opt,7,8039.8,"{""max_iterations"": 800, ""first_improvement"": false, ""num_starts"": 5}"
01:28:29,config_berlin52_20260701_012653.json,berlin52,3-opt,8,8088.0,"{""max_iterations"": 400, ""first_improvement"": false, ""num_starts"": 3}"
01:28:31,config_berlin52_20260701_012653.json,berlin52,3-opt,9,8271.8,"{""max_iterations"": 400, ""first_improvement"": true, ""num_starts"": 1}"
01:28:34,config_berlin52_20260701_012653.json,berlin52,3-opt,10,8260.8,"{""max_iterations"": 400, ""first_improvement"": false, ""num_starts"": 3}"
01:28:37,config_berlin52_20260701_012653.json,berlin52,3-opt,11,8474.8,"{""max_iterations"": 200, ""first_improvement"": true, ""num_starts"": 5}"
01:28:40,config_berlin52_20260701_012653.json,berlin52,3-opt,12,7982.8,"{""max_iterations"": 800, ""first_improvement"": true, ""num_starts"": 3}"
01:28:44,config_berlin52_20260701_012653.json,berlin52,3-opt,13,7892.8,"{""max_iterations"": 800, ""first_improvement"": true, ""num_starts"": 5}"
01:28:48,config_berlin52_20260701_012653.json,berlin52,3-opt,14,8411.8,"{""max_iterations"": 200, ""first_improvement"": true, ""num_starts"": 5}"
01:28:52,config_berlin52_20260701_012653.json,berlin52,3-opt,15,7908.8,"{""max_iterations"": 800, ""first_improvement"": true, ""num_starts"": 5}"
01:28:56,config_berlin52_20260701_012653.json,berlin52,3-opt,16,8088.0,"{""max_iterations"": 800, ""first_improvement"": true, ""num_starts"": 5}"
01:29:00,config_berlin52_20260701_012653.json,berlin52,3-opt,17,8008.4,"{""max_iterations"": 800, ""first_improvement"": true, ""num_starts"": 5}"
01:29:03,config_berlin52_20260701_012653.json,berlin52,3-opt,18,8000.2,"{""max_iterations"": 800, ""first_improvement"": true, ""num_starts"": 5}"
01:29:07,config_berlin52_20260701_012653.json,berlin52,3-opt,19,7987.4,"{""max_iterations"": 800, ""first_improvement"": true, ""num_starts"": 5}"
01:29:11,config_berlin52_20260701_012653.json,berlin52,3-opt,20,7792.0,"{""max_iterations"": 800, ""first_improvement"": true, ""num_starts"": 5}"
01:29:14,config_berlin52_20260701_012653.json,berlin52,3-opt,21,9644.0,"{""max_iterations"": 200, ""first_improvement"": true, ""num_starts"": 1}"
01:29:17,config_berlin52_20260701_012653.json,berlin52,3-opt,22,7984.6,"{""max_iterations"": 800, ""first_improvement"": true, ""num_starts"": 5}"
01:29:21,config_berlin52_20260701_012653.json,berlin52,3-opt,23,7910.0,"{""max_iterations"": 800, ""first_improvement"": true, ""num_starts"": 5}"
01:29:25,config_berlin52_20260701_012653.json,berlin52,3-opt,24,7998.2,"{""max_iterations"": 800, ""first_improvement"": true, ""num_starts"": 5}"
01:29:29,config_berlin52_20260701_012653.json,berlin52,3-opt,25,8047.0,"{""max_iterations"": 800, ""first_improvement"": true, ""num_starts"": 5}"
01:29:33,config_berlin52_20260701_012653.json,berlin52,3-opt,26,8054.8,"{""max_iterations"": 800, ""first_improvement"": true, ""num_starts"": 5}"
01:29:35,config_berlin52_20260701_012653.json,berlin52,3-opt,27,8434.0,"{""max_iterations"": 800, ""first_improvement"": false, ""num_starts"": 5}"
01:29:39,config_berlin52_20260701_012653.json,berlin52,3-opt,28,8534.0,"{""max_iterations"": 200, ""first_improvement"": true, ""num_starts"": 5}"
01:29:42,config_berlin52_20260701_012653.json,berlin52,3-opt,29,8086.6,"{""max_iterations"": 800, ""first_improvement"": true, ""num_starts"": 1}"
01:29:45,config_berlin52_20260701_012653.json,berlin52,3-opt,30,7851.4,"{""max_iterations"": 800, ""first_improvement"": true, ""num_starts"": 5}"
01:29:48,config_berlin52_20260701_012653.json,berlin52,Or-opt,1,8458.4,"{""max_iterations"": 600, ""max_segment_size"": 1, ""num_starts"": 3}"
01:29:50,config_berlin52_20260701_012653.json,berlin52,Or-opt,2,8440.0,"{""max_iterations"": 1000, ""max_segment_size"": 1, ""num_starts"": 5}"
01:29:52,config_berlin52_20260701_012653.json,berlin52,Or-opt,3,8107.0,"{""max_iterations"": 1000, ""max_segment_size"": 3, ""num_starts"": 3}"
01:29:55,config_berlin52_20260701_012653.json,berlin52,Or-opt,4,8523.0,"{""max_iterations"": 600, ""max_segment_size"": 1, ""num_starts"": 3}"
01:29:57,config_berlin52_20260701_012653.json,berlin52,Or-opt,5,8013.4,"{""max_iterations"": 1000, ""max_segment_size"": 3, ""num_starts"": 3}"
01:29:59,config_berlin52_20260701_012653.json,berlin52,Or-opt,6,8074.4,"{""max_iterations"": 300, ""max_segment_size"": 3, ""num_starts"": 3}"
01:30:02,config_berlin52_20260701_012653.json,berlin52,Or-opt,7,7895.0,"{""max_iterations"": 600, ""max_segment_size"": 3, ""num_starts"": 5}"
01:30:04,config_berlin52_20260701_012653.json,berlin52,Or-opt,8,8659.4,"{""max_iterations"": 1000, ""max_segment_size"": 2, ""num_starts"": 1}"
01:30:07,config_berlin52_20260701_012653.json,berlin52,Or-opt,9,8032.8,"{""max_iterations"": 600, ""max_segment_size"": 2, ""num_starts"": 5}"
01:30:10,config_berlin52_20260701_012653.json,berlin52,Or-opt,10,8093.8,"{""max_iterations"": 300, ""max_segment_size"": 3, ""num_starts"": 3}"
01:30:12,config_berlin52_20260701_012653.json,berlin52,Or-opt,11,7941.2,"{""max_iterations"": 600, ""max_segment_size"": 3, ""num_starts"": 5}"
01:30:15,config_berlin52_20260701_012653.json,berlin52,Or-opt,12,8009.0,"{""max_iterations"": 600, ""max_segment_size"": 3, ""num_starts"": 5}"
01:30:17,config_berlin52_20260701_012653.json,berlin52,Or-opt,13,8032.0,"{""max_iterations"": 600, ""max_segment_size"": 3, ""num_starts"": 5}"
01:30:19,config_berlin52_20260701_012653.json,berlin52,Or-opt,14,8033.4,"{""max_iterations"": 600, ""max_segment_size"": 3, ""num_starts"": 5}"
01:30:22,config_berlin52_20260701_012653.json,berlin52,Or-opt,15,8478.6,"{""max_iterations"": 600, ""max_segment_size"": 3, ""num_starts"": 1}"
01:30:24,config_berlin52_20260701_012653.json,berlin52,Or-opt,16,7977.4,"{""max_iterations"": 600, ""max_segment_size"": 2, ""num_starts"": 5}"
01:30:27,config_berlin52_20260701_012653.json,berlin52,Or-opt,17,8070.2,"{""max_iterations"": 300, ""max_segment_size"": 3, ""num_starts"": 5}"
01:30:29,config_berlin52_20260701_012653.json,berlin52,Or-opt,18,8096.6,"{""max_iterations"": 600, ""max_segment_size"": 3, ""num_starts"": 5}"
01:30:32,config_berlin52_20260701_012653.json,berlin52,Or-opt,19,8591.8,"{""max_iterations"": 600, ""max_segment_size"": 2, ""num_starts"": 1}"
01:30:34,config_berlin52_20260701_012653.json,berlin52,Or-opt,20,8293.0,"{""max_iterations"": 300, ""max_segment_size"": 1, ""num_starts"": 5}"
01:30:36,config_berlin52_20260701_012653.json,berlin52,Or-opt,21,8043.4,"{""max_iterations"": 600, ""max_segment_size"": 3, ""num_starts"": 5}"
01:30:39,config_berlin52_20260701_012653.json,berlin52,Or-opt,22,7980.6,"{""max_iterations"": 600, ""max_segment_size"": 2, ""num_starts"": 5}"
01:30:41,config_berlin52_20260701_012653.json,berlin52,Or-opt,23,8110.4,"{""max_iterations"": 600, ""max_segment_size"": 2, ""num_starts"": 5}"
01:30:43,config_berlin52_20260701_012653.json,berlin52,Or-opt,24,8246.8,"{""max_iterations"": 600, ""max_segment_size"": 2, ""num_starts"": 5}"
01:30:46,config_berlin52_20260701_012653.json,berlin52,Or-opt,25,7977.8,"{""max_iterations"": 600, ""max_segment_size"": 2, ""num_starts"": 5}"
01:30:48,config_berlin52_20260701_012653.json,berlin52,Or-opt,26,8494.4,"{""max_iterations"": 600, ""max_segment_size"": 2, ""num_starts"": 1}"
01:30:51,config_berlin52_20260701_012653.json,berlin52,Or-opt,27,8138.8,"{""max_iterations"": 600, ""max_segment_size"": 3, ""num_starts"": 5}"
01:30:53,config_berlin52_20260701_012653.json,berlin52,Or-opt,28,8075.6,"{""max_iterations"": 600, ""max_segment_size"": 2, ""num_starts"": 5}"
01:30:56,config_berlin52_20260701_012653.json,berlin52,Or-opt,29,8319.6,"{""max_iterations"": 1000, ""max_segment_size"": 1, ""num_starts"": 5}"
01:30:58,config_berlin52_20260701_012653.json,berlin52,Or-opt,30,8557.8,"{""max_iterations"": 300, ""max_segment_size"": 3, ""num_starts"": 1}"
01:31:00,config_berlin52_20260701_012653.json,berlin52,GWO-2opt,1,7717.4,"{""pack_size"": 50, ""max_iterations"": 150, ""initial_a"": 2.0, ""exploration_rate"": 0.6, ""max_no_improvement"": 50, ""polish_interval"": 35, ""polish_iters"": 15, ""final_polish_iters"": 300}"
01:31:03,config_berlin52_20260701_012653.json,berlin52,GWO-2opt,2,7719.4,"{""pack_size"": 50, ""max_iterations"": 250, ""initial_a"": 1.0, ""exploration_rate"": 0.4, ""max_no_improvement"": 100, ""polish_interval"": 35, ""polish_iters"": 10, ""final_polish_iters"": 100}"
01:31:06,config_berlin52_20260701_012653.json,berlin52,GWO-2opt,3,7735.2,"{""pack_size"": 70, ""max_iterations"": 250, ""initial_a"": 2.0, ""exploration_rate"": 0.6, ""max_no_improvement"": 100, ""polish_interval"": 35, ""polish_iters"": 10, ""final_polish_iters"": 100}"
01:31:09,config_berlin52_20260701_012653.json,berlin52,GWO-2opt,4,7767.4,"{""pack_size"": 50, ""max_iterations"": 250, ""initial_a"": 3.0, ""exploration_rate"": 0.2, ""max_no_improvement"": 100, ""polish_interval"": 25, ""polish_iters"": 15, ""final_polish_iters"": 200}"
01:31:11,config_berlin52_20260701_012653.json,berlin52,GWO-2opt,5,7836.4,"{""pack_size"": 30, ""max_iterations"": 350, ""initial_a"": 3.0, ""exploration_rate"": 0.6, ""max_no_improvement"": 100, ""polish_interval"": 25, ""polish_iters"": 10, ""final_polish_iters"": 200}"
01:31:13,config_berlin52_20260701_012653.json,berlin52,GWO-2opt,6,7743.2,"{""pack_size"": 50, ""max_iterations"": 350, ""initial_a"": 2.0, ""exploration_rate"": 0.2, ""max_no_improvement"": 100, ""polish_interval"": 35, ""polish_iters"": 10, ""final_polish_iters"": 200}"
01:31:16,config_berlin52_20260701_012653.json,berlin52,GWO-2opt,7,7739.8,"{""pack_size"": 70, ""max_iterations"": 150, ""initial_a"": 1.0, ""exploration_rate"": 0.4, ""max_no_improvement"": 75, ""polish_interval"": 15, ""polish_iters"": 5, ""final_polish_iters"": 100}"
01:31:19,config_berlin52_20260701_012653.json,berlin52,GWO-2opt,8,7673.8,"{""pack_size"": 70, ""max_iterations"": 250, ""initial_a"": 3.0, ""exploration_rate"": 0.4, ""max_no_improvement"": 100, ""polish_interval"": 15, ""polish_iters"": 5, ""final_polish_iters"": 300}"
01:31:22,config_berlin52_20260701_012653.json,berlin52,GWO-2opt,9,7851.4,"{""pack_size"": 30, ""max_iterations"": 350, ""initial_a"": 1.0, ""exploration_rate"": 0.6, ""max_no_improvement"": 50, ""polish_interval"": 15, ""polish_iters"": 10, ""final_polish_iters"": 200}"
01:31:25,config_berlin52_20260701_012653.json,berlin52,GWO-2opt,10,7690.0,"{""pack_size"": 50, ""max_iterations"": 150, ""initial_a"": 2.0, ""exploration_rate"": 0.4, ""max_no_improvement"": 50, ""polish_interval"": 25, ""polish_iters"": 10, ""final_polish_iters"": 200}"
01:31:28,config_berlin52_20260701_012653.json,berlin52,GWO-2opt,11,7670.2,"{""pack_size"": 70, ""max_iterations"": 250, ""initial_a"": 3.0, ""exploration_rate"": 0.4, ""max_no_improvement"": 75, ""polish_interval"": 15, ""polish_iters"": 5, ""final_polish_iters"": 300}"
01:31:31,config_berlin52_20260701_012653.json,berlin52,GWO-2opt,12,7783.8,"{""pack_size"": 70, ""max_iterations"": 250, ""initial_a"": 3.0, ""exploration_rate"": 0.4, ""max_no_improvement"": 75, ""polish_interval"": 15, ""polish_iters"": 5, ""final_polish_iters"": 300}"
01:31:35,config_berlin52_20260701_012653.json,berlin52,GWO-2opt,13,7681.4,"{""pack_size"": 70, ""max_iterations"": 250, ""initial_a"": 3.0, ""exploration_rate"": 0.4, ""max_no_improvement"": 75, ""polish_interval"": 15, ""polish_iters"": 5, ""final_polish_iters"": 300}"
01:31:38,config_berlin52_20260701_012653.json,berlin52,GWO-2opt,14,7697.8,"{""pack_size"": 70, ""max_iterations"": 250, ""initial_a"": 3.0, ""exploration_rate"": 0.4, ""max_no_improvement"": 75, ""polish_interval"": 15, ""polish_iters"": 5, ""final_polish_iters"": 300}"
01:31:42,config_berlin52_20260701_012653.json,berlin52,GWO-2opt,15,7785.6,"{""pack_size"": 70, ""max_iterations"": 250, ""initial_a"": 3.0, ""exploration_rate"": 0.4, ""max_no_improvement"": 75, ""polish_interval"": 15, ""polish_iters"": 5, ""final_polish_iters"": 300}"
01:31:46,config_berlin52_20260701_012653.json,berlin52,GWO-2opt,16,7819.6,"{""pack_size"": 70, ""max_iterations"": 250, ""initial_a"": 3.0, ""exploration_rate"": 0.4, ""max_no_improvement"": 100, ""polish_interval"": 15, ""polish_iters"": 5, ""final_polish_iters"": 300}"
01:31:49,config_berlin52_20260701_012653.json,berlin52,GWO-2opt,17,7768.4,"{""pack_size"": 30, ""max_iterations"": 250, ""initial_a"": 3.0, ""exploration_rate"": 0.2, ""max_no_improvement"": 75, ""polish_interval"": 15, ""polish_iters"": 5, ""final_polish_iters"": 300}"
01:31:53,config_berlin52_20260701_012653.json,berlin52,GWO-2opt,18,7758.6,"{""pack_size"": 70, ""max_iterations"": 250, ""initial_a"": 3.0, ""exploration_rate"": 0.4, ""max_no_improvement"": 100, ""polish_interval"": 15, ""polish_iters"": 5, ""final_polish_iters"": 300}"
01:31:57,config_berlin52_20260701_012653.json,berlin52,GWO-2opt,19,7738.2,"{""pack_size"": 70, ""max_iterations"": 350, ""initial_a"": 3.0, ""exploration_rate"": 0.4, ""max_no_improvement"": 75, ""polish_interval"": 15, ""polish_iters"": 15, ""final_polish_iters"": 300}"
01:31:59,config_berlin52_20260701_012653.json,berlin52,GWO-2opt,20,7793.2,"{""pack_size"": 70, ""max_iterations"": 150, ""initial_a"": 1.0, ""exploration_rate"": 0.2, ""max_no_improvement"": 50, ""polish_interval"": 25, ""polish_iters"": 5, ""final_polish_iters"": 300}"
01:32:03,config_berlin52_20260701_012653.json,berlin52,GWO-2opt,21,7867.8,"{""pack_size"": 30, ""max_iterations"": 250, ""initial_a"": 3.0, ""exploration_rate"": 0.4, ""max_no_improvement"": 100, ""polish_interval"": 15, ""polish_iters"": 5, ""final_polish_iters"": 100}"
01:32:06,config_berlin52_20260701_012653.json,berlin52,GWO-2opt,22,7745.4,"{""pack_size"": 70, ""max_iterations"": 250, ""initial_a"": 3.0, ""exploration_rate"": 0.4, ""max_no_improvement"": 75, ""polish_interval"": 15, ""polish_iters"": 5, ""final_polish_iters"": 300}"
01:32:09,config_berlin52_20260701_012653.json,berlin52,GWO-2opt,23,7735.4,"{""pack_size"": 70, ""max_iterations"": 250, ""initial_a"": 3.0, ""exploration_rate"": 0.4, ""max_no_improvement"": 75, ""polish_interval"": 15, ""polish_iters"": 5, ""final_polish_iters"": 300}"
01:32:12,config_berlin52_20260701_012653.json,berlin52,GWO-2opt,24,7803.2,"{""pack_size"": 70, ""max_iterations"": 250, ""initial_a"": 3.0, ""exploration_rate"": 0.4, ""max_no_improvement"": 75, ""polish_interval"": 15, ""polish_iters"": 5, ""final_polish_iters"": 300}"
01:32:15,config_berlin52_20260701_012653.json,berlin52,GWO-2opt,25,7724.2,"{""pack_size"": 70, ""max_iterations"": 250, ""initial_a"": 3.0, ""exploration_rate"": 0.4, ""max_no_improvement"": 75, ""polish_interval"": 15, ""polish_iters"": 5, ""final_polish_iters"": 300}"
01:32:19,config_berlin52_20260701_012653.json,berlin52,GWO-2opt,26,7683.2,"{""pack_size"": 70, ""max_iterations"": 250, ""initial_a"": 3.0, ""exploration_rate"": 0.4, ""max_no_improvement"": 75, ""polish_interval"": 15, ""polish_iters"": 15, ""final_polish_iters"": 300}"
01:32:22,config_berlin52_20260701_012653.json,berlin52,GWO-2opt,27,7739.6,"{""pack_size"": 70, ""max_iterations"": 250, ""initial_a"": 3.0, ""exploration_rate"": 0.4, ""max_no_improvement"": 75, ""polish_interval"": 15, ""polish_iters"": 5, ""final_polish_iters"": 300}"
01:32:25,config_berlin52_20260701_012653.json,berlin52,GWO-2opt,28,7738.4,"{""pack_size"": 70, ""max_iterations"": 250, ""initial_a"": 3.0, ""exploration_rate"": 0.4, ""max_no_improvement"": 75, ""polish_interval"": 15, ""polish_iters"": 5, ""final_polish_iters"": 300}"
01:32:28,config_berlin52_20260701_012653.json,berlin52,GWO-2opt,29,7871.6,"{""pack_size"": 30, ""max_iterations"": 150, ""initial_a"": 2.0, ""exploration_rate"": 0.2, ""max_no_improvement"": 50, ""polish_interval"": 35, ""polish_iters"": 5, ""final_polish_iters"": 100}"
01:32:31,config_berlin52_20260701_012653.json,berlin52,GWO-2opt,30,7730.2,"{""pack_size"": 70, ""max_iterations"": 350, ""initial_a"": 1.0, ""exploration_rate"": 0.6, ""max_no_improvement"": 100, ""polish_interval"": 25, ""polish_iters"": 15, ""final_polish_iters"": 300}"
01:32:35,config_berlin52_20260701_012653.json,berlin52,GWO-Pure,1,17100.6,"{""pack_size"": 50, ""max_iterations"": 150, ""initial_a"": 2.0, ""exploration_rate"": 0.6, ""max_no_improvement"": 50}"
01:32:41,config_berlin52_20260701_012653.json,berlin52,GWO-Pure,2,17062.8,"{""pack_size"": 70, ""max_iterations"": 350, ""initial_a"": 3.0, ""exploration_rate"": 0.4, ""max_no_improvement"": 75}"
01:32:45,config_berlin52_20260701_012653.json,berlin52,GWO-Pure,3,17911.6,"{""pack_size"": 30, ""max_iterations"": 250, ""initial_a"": 3.0, ""exploration_rate"": 0.6, ""max_no_improvement"": 75}"
01:32:49,config_berlin52_20260701_012653.json,berlin52,GWO-Pure,4,16499.6,"{""pack_size"": 30, ""max_iterations"": 350, ""initial_a"": 2.0, ""exploration_rate"": 0.4, ""max_no_improvement"": 100}"
01:32:54,config_berlin52_20260701_012653.json,berlin52,GWO-Pure,5,17459.4,"{""pack_size"": 70, ""max_iterations"": 350, ""initial_a"": 2.0, ""exploration_rate"": 0.2, ""max_no_improvement"": 75}"
01:32:59,config_berlin52_20260701_012653.json,berlin52,GWO-Pure,6,17825.4,"{""pack_size"": 50, ""max_iterations"": 350, ""initial_a"": 1.0, ""exploration_rate"": 0.6, ""max_no_improvement"": 75}"
01:33:04,config_berlin52_20260701_012653.json,berlin52,GWO-Pure,7,18910.4,"{""pack_size"": 70, ""max_iterations"": 250, ""initial_a"": 1.0, ""exploration_rate"": 0.6, ""max_no_improvement"": 100}"
01:33:09,config_berlin52_20260701_012653.json,berlin52,GWO-Pure,8,15841.0,"{""pack_size"": 70, ""max_iterations"": 350, ""initial_a"": 2.0, ""exploration_rate"": 0.4, ""max_no_improvement"": 75}"
01:33:13,config_berlin52_20260701_012653.json,berlin52,GWO-Pure,9,16852.6,"{""pack_size"": 50, ""max_iterations"": 350, ""initial_a"": 2.0, ""exploration_rate"": 0.2, ""max_no_improvement"": 100}"
01:33:18,config_berlin52_20260701_012653.json,berlin52,GWO-Pure,10,18023.6,"{""pack_size"": 70, ""max_iterations"": 250, ""initial_a"": 2.0, ""exploration_rate"": 0.6, ""max_no_improvement"": 50}"
01:33:22,config_berlin52_20260701_012653.json,berlin52,GWO-Pure,11,17071.8,"{""pack_size"": 70, ""max_iterations"": 150, ""initial_a"": 1.0, ""exploration_rate"": 0.4, ""max_no_improvement"": 75}"
01:33:26,config_berlin52_20260701_012653.json,berlin52,GWO-Pure,12,16466.0,"{""pack_size"": 30, ""max_iterations"": 350, ""initial_a"": 2.0, ""exploration_rate"": 0.4, ""max_no_improvement"": 100}"
01:33:30,config_berlin52_20260701_012653.json,berlin52,GWO-Pure,13,18099.0,"{""pack_size"": 30, ""max_iterations"": 350, ""initial_a"": 2.0, ""exploration_rate"": 0.4, ""max_no_improvement"": 100}"
01:33:33,config_berlin52_20260701_012653.json,berlin52,GWO-Pure,14,17154.2,"{""pack_size"": 30, ""max_iterations"": 350, ""initial_a"": 2.0, ""exploration_rate"": 0.4, ""max_no_improvement"": 100}"
01:33:37,config_berlin52_20260701_012653.json,berlin52,GWO-Pure,15,22124.6,"{""pack_size"": 30, ""max_iterations"": 350, ""initial_a"": 3.0, ""exploration_rate"": 0.4, ""max_no_improvement"": 50}"
01:33:41,config_berlin52_20260701_012653.json,berlin52,GWO-Pure,16,16288.0,"{""pack_size"": 70, ""max_iterations"": 150, ""initial_a"": 2.0, ""exploration_rate"": 0.4, ""max_no_improvement"": 75}"
01:33:45,config_berlin52_20260701_012653.json,berlin52,GWO-Pure,17,14209.4,"{""pack_size"": 70, ""max_iterations"": 150, ""initial_a"": 2.0, ""exploration_rate"": 0.2, ""max_no_improvement"": 75}"
01:33:49,config_berlin52_20260701_012653.json,berlin52,GWO-Pure,18,15725.4,"{""pack_size"": 70, ""max_iterations"": 150, ""initial_a"": 2.0, ""exploration_rate"": 0.2, ""max_no_improvement"": 75}"
01:33:53,config_berlin52_20260701_012653.json,berlin52,GWO-Pure,19,16535.6,"{""pack_size"": 70, ""max_iterations"": 150, ""initial_a"": 3.0, ""exploration_rate"": 0.2, ""max_no_improvement"": 75}"
01:33:56,config_berlin52_20260701_012653.json,berlin52,GWO-Pure,20,19141.0,"{""pack_size"": 70, ""max_iterations"": 150, ""initial_a"": 1.0, ""exploration_rate"": 0.2, ""max_no_improvement"": 75}"
01:34:00,config_berlin52_20260701_012653.json,berlin52,GWO-Pure,21,16227.8,"{""pack_size"": 70, ""max_iterations"": 150, ""initial_a"": 2.0, ""exploration_rate"": 0.2, ""max_no_improvement"": 75}"
01:34:04,config_berlin52_20260701_012653.json,berlin52,GWO-Pure,22,16751.4,"{""pack_size"": 70, ""max_iterations"": 150, ""initial_a"": 2.0, ""exploration_rate"": 0.2, ""max_no_improvement"": 75}"
01:34:07,config_berlin52_20260701_012653.json,berlin52,GWO-Pure,23,14627.6,"{""pack_size"": 70, ""max_iterations"": 150, ""initial_a"": 2.0, ""exploration_rate"": 0.2, ""max_no_improvement"": 75}"
01:34:11,config_berlin52_20260701_012653.json,berlin52,GWO-Pure,24,14850.8,"{""pack_size"": 70, ""max_iterations"": 150, ""initial_a"": 2.0, ""exploration_rate"": 0.2, ""max_no_improvement"": 75}"
01:34:14,config_berlin52_20260701_012653.json,berlin52,GWO-Pure,25,15675.6,"{""pack_size"": 70, ""max_iterations"": 150, ""initial_a"": 2.0, ""exploration_rate"": 0.2, ""max_no_improvement"": 75}"
01:34:17,config_berlin52_20260701_012653.json,berlin52,GWO-Pure,26,17927.4,"{""pack_size"": 50, ""max_iterations"": 150, ""initial_a"": 2.0, ""exploration_rate"": 0.2, ""max_no_improvement"": 50}"
01:34:21,config_berlin52_20260701_012653.json,berlin52,GWO-Pure,27,18270.0,"{""pack_size"": 70, ""max_iterations"": 150, ""initial_a"": 2.0, ""exploration_rate"": 0.2, ""max_no_improvement"": 75}"
01:34:24,config_berlin52_20260701_012653.json,berlin52,GWO-Pure,28,16865.6,"{""pack_size"": 70, ""max_iterations"": 150, ""initial_a"": 2.0, ""exploration_rate"": 0.2, ""max_no_improvement"": 75}"
01:34:28,config_berlin52_20260701_012653.json,berlin52,GWO-Pure,29,15700.8,"{""pack_size"": 70, ""max_iterations"": 150, ""initial_a"": 3.0, ""exploration_rate"": 0.2, ""max_no_improvement"": 75}"
01:34:31,config_berlin52_20260701_012653.json,berlin52,GWO-Pure,30,17835.8,"{""pack_size"": 50, ""max_iterations"": 150, ""initial_a"": 1.0, ""exploration_rate"": 0.2, ""max_no_improvement"": 50}"
01:34:34,config_berlin52_20260701_012653.json,berlin52,HHO-2opt,1,7717.4,"{""hawks"": 50, ""max_iterations"": 150, ""initial_energy"": 1.0, ""jump_probability"": 0.7, ""max_no_improvement"": 50, ""dive_count"": 5, ""levy_scale"": 0.5, ""polish_interval"": 35, ""polish_iters"": 10, ""final_polish_iters"": 200}"
01:34:37,config_berlin52_20260701_012653.json,berlin52,HHO-2opt,2,7776.4,"{""hawks"": 30, ""max_iterations"": 250, ""initial_energy"": 1.5, ""jump_probability"": 0.7, ""max_no_improvement"": 75, ""dive_count"": 2, ""levy_scale"": 0.5, ""polish_interval"": 25, ""polish_iters"": 10, ""final_polish_iters"": 300}"
01:34:41,config_berlin52_20260701_012653.json,berlin52,HHO-2opt,3,7735.2,"{""hawks"": 70, ""max_iterations"": 350, ""initial_energy"": 1.0, ""jump_probability"": 0.3, ""max_no_improvement"": 75, ""dive_count"": 3, ""levy_scale"": 0.5, ""polish_interval"": 15, ""polish_iters"": 15, ""final_polish_iters"": 200}"
01:34:45,config_berlin52_20260701_012653.json,berlin52,HHO-2opt,4,7752.4,"{""hawks"": 70, ""max_iterations"": 250, ""initial_energy"": 0.5, ""jump_probability"": 0.7, ""max_no_improvement"": 100, ""dive_count"": 5, ""levy_scale"": 0.5, ""polish_interval"": 25, ""polish_iters"": 10, ""final_polish_iters"": 200}"
01:34:49,config_berlin52_20260701_012653.json,berlin52,HHO-2opt,5,7818.2,"{""hawks"": 50, ""max_iterations"": 350, ""initial_energy"": 1.0, ""jump_probability"": 0.3, ""max_no_improvement"": 100, ""dive_count"": 5, ""levy_scale"": 0.3, ""polish_interval"": 25, ""polish_iters"": 15, ""final_polish_iters"": 100}"
01:34:52,config_berlin52_20260701_012653.json,berlin52,HHO-2opt,6,7817.2,"{""hawks"": 30, ""max_iterations"": 250, ""initial_energy"": 1.0, ""jump_probability"": 0.3, ""max_no_improvement"": 50, ""dive_count"": 2, ""levy_scale"": 0.5, ""polish_interval"": 25, ""polish_iters"": 15, ""final_polish_iters"": 200}"
01:34:55,config_berlin52_20260701_012653.json,berlin52,HHO-2opt,7,7739.8,"{""hawks"": 70, ""max_iterations"": 150, ""initial_energy"": 0.5, ""jump_probability"": 0.7, ""max_no_improvement"": 50, ""dive_count"": 5, ""levy_scale"": 0.2, ""polish_interval"": 35, ""polish_iters"": 5, ""final_polish_iters"": 100}"
01:34:59,config_berlin52_20260701_012653.json,berlin52,HHO-2opt,8,7696.8,"{""hawks"": 50, ""max_iterations"": 250, ""initial_energy"": 1.0, ""jump_probability"": 0.3, ""max_no_improvement"": 75, ""dive_count"": 3, ""levy_scale"": 0.2, ""polish_interval"": 25, ""polish_iters"": 10, ""final_polish_iters"": 200}"
01:35:02,config_berlin52_20260701_012653.json,berlin52,HHO-2opt,9,7783.8,"{""hawks"": 50, ""max_iterations"": 350, ""initial_energy"": 1.0, ""jump_probability"": 0.3, ""max_no_improvement"": 50, ""dive_count"": 3, ""levy_scale"": 0.5, ""polish_interval"": 15, ""polish_iters"": 5, ""final_polish_iters"": 100}"
01:35:05,config_berlin52_20260701_012653.json,berlin52,HHO-2opt,10,7690.0,"{""hawks"": 70, ""max_iterations"": 150, ""initial_energy"": 0.5, ""jump_probability"": 0.5, ""max_no_improvement"": 100, ""dive_count"": 5, ""levy_scale"": 0.3, ""polish_interval"": 25, ""polish_iters"": 15, ""final_polish_iters"": 200}"
01:35:09,config_berlin52_20260701_012653.json,berlin52,HHO-2opt,11,7670.2,"{""hawks"": 70, ""max_iterations"": 150, ""initial_energy"": 0.5, ""jump_probability"": 0.5, ""max_no_improvement"": 100, ""dive_count"": 5, ""levy_scale"": 0.3, ""polish_interval"": 15, ""polish_iters"": 15, ""final_polish_iters"": 300}"
01:35:12,config_berlin52_20260701_012653.json,berlin52,HHO-2opt,12,7783.8,"{""hawks"": 70, ""max_iterations"": 150, ""initial_energy"": 0.5, ""jump_probability"": 0.5, ""max_no_improvement"": 100, ""dive_count"": 5, ""levy_scale"": 0.3, ""polish_interval"": 15, ""polish_iters"": 15, ""final_polish_iters"": 300}"
01:35:16,config_berlin52_20260701_012653.json,berlin52,HHO-2opt,13,7681.4,"{""hawks"": 70, ""max_iterations"": 150, ""initial_energy"": 0.5, ""jump_probability"": 0.5, ""max_no_improvement"": 100, ""dive_count"": 5, ""levy_scale"": 0.3, ""polish_interval"": 15, ""polish_iters"": 15, ""final_polish_iters"": 300}"
01:35:20,config_berlin52_20260701_012653.json,berlin52,HHO-2opt,14,7697.8,"{""hawks"": 70, ""max_iterations"": 150, ""initial_energy"": 0.5, ""jump_probability"": 0.5, ""max_no_improvement"": 100, ""dive_count"": 5, ""levy_scale"": 0.3, ""polish_interval"": 15, ""polish_iters"": 15, ""final_polish_iters"": 300}"
01:35:23,config_berlin52_20260701_012653.json,berlin52,HHO-2opt,15,7770.4,"{""hawks"": 70, ""max_iterations"": 150, ""initial_energy"": 1.5, ""jump_probability"": 0.5, ""max_no_improvement"": 100, ""dive_count"": 5, ""levy_scale"": 0.3, ""polish_interval"": 15, ""polish_iters"": 15, ""final_polish_iters"": 300}"
01:35:26,config_berlin52_20260701_012653.json,berlin52,HHO-2opt,16,7819.6,"{""hawks"": 70, ""max_iterations"": 150, ""initial_energy"": 0.5, ""jump_probability"": 0.5, ""max_no_improvement"": 100, ""dive_count"": 2, ""levy_scale"": 0.3, ""polish_interval"": 15, ""polish_iters"": 15, ""final_polish_iters"": 300}"
01:35:29,config_berlin52_20260701_012653.json,berlin52,HHO-2opt,17,7768.4,"{""hawks"": 30, ""max_iterations"": 150, ""initial_energy"": 0.5, ""jump_probability"": 0.5, ""max_no_improvement"": 100, ""dive_count"": 5, ""levy_scale"": 0.3, ""polish_interval"": 15, ""polish_iters"": 5, ""final_polish_iters"": 300}"
01:35:32,config_berlin52_20260701_012653.json,berlin52,HHO-2opt,18,7758.6,"{""hawks"": 70, ""max_iterations"": 150, ""initial_energy"": 0.5, ""jump_probability"": 0.5, ""max_no_improvement"": 100, ""dive_count"": 5, ""levy_scale"": 0.3, ""polish_interval"": 35, ""polish_iters"": 15, ""final_polish_iters"": 300}"
01:35:35,config_berlin52_20260701_012653.json,berlin52,HHO-2opt,19,7738.2,"{""hawks"": 70, ""max_iterations"": 150, ""initial_energy"": 1.5, ""jump_probability"": 0.5, ""max_no_improvement"": 100, ""dive_count"": 2, ""levy_scale"": 0.2, ""polish_interval"": 15, ""polish_iters"": 15, ""final_polish_iters"": 300}"
01:35:38,config_berlin52_20260701_012653.json,berlin52,HHO-2opt,20,7811.8,"{""hawks"": 30, ""max_iterations"": 350, ""initial_energy"": 0.5, ""jump_probability"": 0.5, ""max_no_improvement"": 75, ""dive_count"": 3, ""levy_scale"": 0.3, ""polish_interval"": 15, ""polish_iters"": 5, ""final_polish_iters"": 300}"
01:35:41,config_berlin52_20260701_012653.json,berlin52,HHO-2opt,21,7776.0,"{""hawks"": 70, ""max_iterations"": 150, ""initial_energy"": 0.5, ""jump_probability"": 0.5, ""max_no_improvement"": 100, ""dive_count"": 5, ""levy_scale"": 0.3, ""polish_interval"": 15, ""polish_iters"": 15, ""final_polish_iters"": 300}"
01:35:44,config_berlin52_20260701_012653.json,berlin52,HHO-2opt,22,7724.0,"{""hawks"": 70, ""max_iterations"": 150, ""initial_energy"": 0.5, ""jump_probability"": 0.5, ""max_no_improvement"": 100, ""dive_count"": 5, ""levy_scale"": 0.3, ""polish_interval"": 25, ""polish_iters"": 15, ""final_polish_iters"": 200}"
01:35:48,config_berlin52_20260701_012653.json,berlin52,HHO-2opt,23,7735.4,"{""hawks"": 70, ""max_iterations"": 150, ""initial_energy"": 0.5, ""jump_probability"": 0.5, ""max_no_improvement"": 100, ""dive_count"": 5, ""levy_scale"": 0.3, ""polish_interval"": 25, ""polish_iters"": 15, ""final_polish_iters"": 200}"
01:35:51,config_berlin52_20260701_012653.json,berlin52,HHO-2opt,24,7803.2,"{""hawks"": 70, ""max_iterations"": 150, ""initial_energy"": 0.5, ""jump_probability"": 0.5, ""max_no_improvement"": 100, ""dive_count"": 5, ""levy_scale"": 0.3, ""polish_interval"": 35, ""polish_iters"": 15, ""final_polish_iters"": 100}"
01:35:54,config_berlin52_20260701_012653.json,berlin52,HHO-2opt,25,7724.2,"{""hawks"": 70, ""max_iterations"": 150, ""initial_energy"": 0.5, ""jump_probability"": 0.5, ""max_no_improvement"": 100, ""dive_count"": 5, ""levy_scale"": 0.3, ""polish_interval"": 15, ""polish_iters"": 15, ""final_polish_iters"": 300}"
01:35:57,config_berlin52_20260701_012653.json,berlin52,HHO-2opt,26,7683.2,"{""hawks"": 70, ""max_iterations"": 150, ""initial_energy"": 1.5, ""jump_probability"": 0.5, ""max_no_improvement"": 100, ""dive_count"": 5, ""levy_scale"": 0.2, ""polish_interval"": 25, ""polish_iters"": 15, ""final_polish_iters"": 200}"
01:36:00,config_berlin52_20260701_012653.json,berlin52,HHO-2opt,27,7735.8,"{""hawks"": 70, ""max_iterations"": 150, ""initial_energy"": 1.5, ""jump_probability"": 0.5, ""max_no_improvement"": 100, ""dive_count"": 5, ""levy_scale"": 0.2, ""polish_interval"": 15, ""polish_iters"": 15, ""final_polish_iters"": 300}"
01:36:03,config_berlin52_20260701_012653.json,berlin52,HHO-2opt,28,7738.4,"{""hawks"": 70, ""max_iterations"": 150, ""initial_energy"": 1.5, ""jump_probability"": 0.5, ""max_no_improvement"": 100, ""dive_count"": 5, ""levy_scale"": 0.2, ""polish_interval"": 15, ""polish_iters"": 15, ""final_polish_iters"": 300}"
01:36:06,config_berlin52_20260701_012653.json,berlin52,HHO-2opt,29,7849.0,"{""hawks"": 50, ""max_iterations"": 350, ""initial_energy"": 1.5, ""jump_probability"": 0.7, ""max_no_improvement"": 75, ""dive_count"": 3, ""levy_scale"": 0.2, ""polish_interval"": 35, ""polish_iters"": 5, ""final_polish_iters"": 100}"
01:36:09,config_berlin52_20260701_012653.json,berlin52,HHO-2opt,30,7867.4,"{""hawks"": 30, ""max_iterations"": 250, ""initial_energy"": 1.5, ""jump_probability"": 0.5, ""max_no_improvement"": 50, ""dive_count"": 2, ""levy_scale"": 0.2, ""polish_interval"": 25, ""polish_iters"": 10, ""final_polish_iters"": 200}"
01:36:12,config_berlin52_20260701_012653.json,berlin52,HHO-Pure,1,20714.0,"{""hawks"": 50, ""max_iterations"": 150, ""initial_energy"": 1.0, ""jump_probability"": 0.7, ""max_no_improvement"": 50, ""dive_count"": 5, ""levy_scale"": 0.5}"
01:36:16,config_berlin52_20260701_012653.json,berlin52,HHO-Pure,2,20353.6,"{""hawks"": 70, ""max_iterations"": 250, ""initial_energy"": 1.0, ""jump_probability"": 0.3, ""max_no_improvement"": 75, ""dive_count"": 5, ""levy_scale"": 0.5}"
01:36:20,config_berlin52_20260701_012653.json,berlin52,HHO-Pure,3,20261.8,"{""hawks"": 50, ""max_iterations"": 150, ""initial_energy"": 1.5, ""jump_probability"": 0.5, ""max_no_improvement"": 75, ""dive_count"": 5, ""levy_scale"": 0.5}"
01:36:24,config_berlin52_20260701_012653.json,berlin52,HHO-Pure,4,20253.4,"{""hawks"": 70, ""max_iterations"": 250, ""initial_energy"": 0.5, ""jump_probability"": 0.5, ""max_no_improvement"": 75, ""dive_count"": 5, ""levy_scale"": 0.2}"
01:36:27,config_berlin52_20260701_012653.json,berlin52,HHO-Pure,5,19853.2,"{""hawks"": 70, ""max_iterations"": 250, ""initial_energy"": 1.5, ""jump_probability"": 0.5, ""max_no_improvement"": 50, ""dive_count"": 5, ""levy_scale"": 0.5}"
01:36:31,config_berlin52_20260701_012653.json,berlin52,HHO-Pure,6,21423.2,"{""hawks"": 70, ""max_iterations"": 350, ""initial_energy"": 1.0, ""jump_probability"": 0.5, ""max_no_improvement"": 75, ""dive_count"": 3, ""levy_scale"": 0.5}"
01:36:34,config_berlin52_20260701_012653.json,berlin52,HHO-Pure,7,20133.0,"{""hawks"": 50, ""max_iterations"": 150, ""initial_energy"": 1.5, ""jump_probability"": 0.7, ""max_no_improvement"": 75, ""dive_count"": 3, ""levy_scale"": 0.5}"
01:36:37,config_berlin52_20260701_012653.json,berlin52,HHO-Pure,8,21014.6,"{""hawks"": 30, ""max_iterations"": 150, ""initial_energy"": 1.0, ""jump_probability"": 0.5, ""max_no_improvement"": 50, ""dive_count"": 2, ""levy_scale"": 0.2}"
01:36:42,config_berlin52_20260701_012653.json,berlin52,HHO-Pure,9,18551.2,"{""hawks"": 70, ""max_iterations"": 250, ""initial_energy"": 1.5, ""jump_probability"": 0.5, ""max_no_improvement"": 100, ""dive_count"": 2, ""levy_scale"": 0.2}"
01:36:46,config_berlin52_20260701_012653.json,berlin52,HHO-Pure,10,20060.0,"{""hawks"": 70, ""max_iterations"": 150, ""initial_energy"": 1.5, ""jump_probability"": 0.3, ""max_no_improvement"": 100, ""dive_count"": 2, ""levy_scale"": 0.2}"
01:36:51,config_berlin52_20260701_012653.json,berlin52,HHO-Pure,11,20656.8,"{""hawks"": 30, ""max_iterations"": 350, ""initial_energy"": 0.5, ""jump_probability"": 0.3, ""max_no_improvement"": 100, ""dive_count"": 2, ""levy_scale"": 0.3}"
01:36:55,config_berlin52_20260701_012653.json,berlin52,HHO-Pure,12,20700.2,"{""hawks"": 70, ""max_iterations"": 250, ""initial_energy"": 1.5, ""jump_probability"": 0.5, ""max_no_improvement"": 50, ""dive_count"": 2, ""levy_scale"": 0.3}"
01:36:59,config_berlin52_20260701_012653.json,berlin52,HHO-Pure,13,20494.0,"{""hawks"": 70, ""max_iterations"": 250, ""initial_energy"": 1.5, ""jump_probability"": 0.5, ""max_no_improvement"": 100, ""dive_count"": 5, ""levy_scale"": 0.2}"
01:37:03,config_berlin52_20260701_012653.json,berlin52,HHO-Pure,14,20660.8,"{""hawks"": 70, ""max_iterations"": 250, ""initial_energy"": 1.5, ""jump_probability"": 0.5, ""max_no_improvement"": 100, ""dive_count"": 2, ""levy_scale"": 0.2}"
01:37:06,config_berlin52_20260701_012653.json,berlin52,HHO-Pure,15,19571.2,"{""hawks"": 70, ""max_iterations"": 250, ""initial_energy"": 1.5, ""jump_probability"": 0.7, ""max_no_improvement"": 50, ""dive_count"": 3, ""levy_scale"": 0.3}"
01:37:09,config_berlin52_20260701_012653.json,berlin52,HHO-Pure,16,20402.4,"{""hawks"": 30, ""max_iterations"": 250, ""initial_energy"": 1.5, ""jump_probability"": 0.7, ""max_no_improvement"": 50, ""dive_count"": 3, ""levy_scale"": 0.3}"
01:37:13,config_berlin52_20260701_012653.json,berlin52,HHO-Pure,17,19400.0,"{""hawks"": 70, ""max_iterations"": 250, ""initial_energy"": 0.5, ""jump_probability"": 0.7, ""max_no_improvement"": 100, ""dive_count"": 3, ""levy_scale"": 0.3}"
01:37:17,config_berlin52_20260701_012653.json,berlin52,HHO-Pure,18,19734.4,"{""hawks"": 70, ""max_iterations"": 350, ""initial_energy"": 0.5, ""jump_probability"": 0.7, ""max_no_improvement"": 100, ""dive_count"": 3, ""levy_scale"": 0.3}"
01:37:20,config_berlin52_20260701_012653.json,berlin52,HHO-Pure,19,20643.6,"{""hawks"": 30, ""max_iterations"": 250, ""initial_energy"": 0.5, ""jump_probability"": 0.7, ""max_no_improvement"": 100, ""dive_count"": 3, ""levy_scale"": 0.3}"
01:37:24,config_berlin52_20260701_012653.json,berlin52,HHO-Pure,20,20345.6,"{""hawks"": 50, ""max_iterations"": 250, ""initial_energy"": 0.5, ""jump_probability"": 0.7, ""max_no_improvement"": 100, ""dive_count"": 2, ""levy_scale"": 0.2}"
01:37:28,config_berlin52_20260701_012653.json,berlin52,HHO-Pure,21,19079.8,"{""hawks"": 70, ""max_iterations"": 350, ""initial_energy"": 0.5, ""jump_probability"": 0.3, ""max_no_improvement"": 100, ""dive_count"": 2, ""levy_scale"": 0.3}"
01:37:32,config_berlin52_20260701_012653.json,berlin52,HHO-Pure,22,19663.6,"{""hawks"": 70, ""max_iterations"": 350, ""initial_energy"": 0.5, ""jump_probability"": 0.3, ""max_no_improvement"": 100, ""dive_count"": 2, ""levy_scale"": 0.3}"
01:37:38,config_berlin52_20260701_012653.json,berlin52,HHO-Pure,23,19325.6,"{""hawks"": 70, ""max_iterations"": 350, ""initial_energy"": 0.5, ""jump_probability"": 0.3, ""max_no_improvement"": 100, ""dive_count"": 2, ""levy_scale"": 0.3}"
01:37:43,config_berlin52_20260701_012653.json,berlin52,HHO-Pure,24,20937.0,"{""hawks"": 70, ""max_iterations"": 350, ""initial_energy"": 0.5, ""jump_probability"": 0.3, ""max_no_improvement"": 100, ""dive_count"": 2, ""levy_scale"": 0.3}"
01:37:48,config_berlin52_20260701_012653.json,berlin52,HHO-Pure,25,20506.0,"{""hawks"": 70, ""max_iterations"": 350, ""initial_energy"": 0.5, ""jump_probability"": 0.3, ""max_no_improvement"": 100, ""dive_count"": 2, ""levy_scale"": 0.3}"
01:37:53,config_berlin52_20260701_012653.json,berlin52,HHO-Pure,26,20270.4,"{""hawks"": 70, ""max_iterations"": 350, ""initial_energy"": 0.5, ""jump_probability"": 0.3, ""max_no_improvement"": 100, ""dive_count"": 2, ""levy_scale"": 0.2}"
01:37:59,config_berlin52_20260701_012653.json,berlin52,HHO-Pure,27,18621.2,"{""hawks"": 70, ""max_iterations"": 350, ""initial_energy"": 0.5, ""jump_probability"": 0.3, ""max_no_improvement"": 100, ""dive_count"": 2, ""levy_scale"": 0.3}"
01:38:04,config_berlin52_20260701_012653.json,berlin52,HHO-Pure,28,19665.4,"{""hawks"": 70, ""max_iterations"": 350, ""initial_energy"": 0.5, ""jump_probability"": 0.3, ""max_no_improvement"": 100, ""dive_count"": 2, ""levy_scale"": 0.2}"
01:38:07,config_berlin52_20260701_012653.json,berlin52,HHO-Pure,29,20149.6,"{""hawks"": 30, ""max_iterations"": 350, ""initial_energy"": 1.0, ""jump_probability"": 0.3, ""max_no_improvement"": 100, ""dive_count"": 2, ""levy_scale"": 0.3}"
01:38:11,config_berlin52_20260701_012653.json,berlin52,HHO-Pure,30,21319.4,"{""hawks"": 50, ""max_iterations"": 350, ""initial_energy"": 0.5, ""jump_probability"": 0.3, ""max_no_improvement"": 100, ""dive_count"": 2, ""levy_scale"": 0.2}"
01:38:16,config_berlin52_20260701_012653.json,berlin52,GWO-LKH,1,7867.6,"{""pack_size"": 50, ""max_iterations"": 150, ""initial_a"": 2.0, ""exploration_rate"": 0.6, ""max_no_improvement"": 50, ""polish_interval"": 35, ""polish_iters"": 15, ""final_polish_iters"": 300}"
01:38:21,config_berlin52_20260701_012653.json,berlin52,GWO-LKH,2,7790.8,"{""pack_size"": 50, ""max_iterations"": 250, ""initial_a"": 1.0, ""exploration_rate"": 0.4, ""max_no_improvement"": 100, ""polish_interval"": 35, ""polish_iters"": 10, ""final_polish_iters"": 100}"
01:38:27,config_berlin52_20260701_012653.json,berlin52,GWO-LKH,3,7823.8,"{""pack_size"": 70, ""max_iterations"": 250, ""initial_a"": 2.0, ""exploration_rate"": 0.6, ""max_no_improvement"": 100, ""polish_interval"": 35, ""polish_iters"": 10, ""final_polish_iters"": 100}"
01:38:32,config_berlin52_20260701_012653.json,berlin52,GWO-LKH,4,7900.2,"{""pack_size"": 50, ""max_iterations"": 250, ""initial_a"": 3.0, ""exploration_rate"": 0.2, ""max_no_improvement"": 100, ""polish_interval"": 25, ""polish_iters"": 15, ""final_polish_iters"": 200}"
01:38:36,config_berlin52_20260701_012653.json,berlin52,GWO-LKH,5,7818.4,"{""pack_size"": 30, ""max_iterations"": 350, ""initial_a"": 3.0, ""exploration_rate"": 0.6, ""max_no_improvement"": 100, ""polish_interval"": 25, ""polish_iters"": 10, ""final_polish_iters"": 200}"
01:38:42,config_berlin52_20260701_012653.json,berlin52,GWO-LKH,6,7922.2,"{""pack_size"": 50, ""max_iterations"": 350, ""initial_a"": 2.0, ""exploration_rate"": 0.2, ""max_no_improvement"": 100, ""polish_interval"": 35, ""polish_iters"": 10, ""final_polish_iters"": 200}"
01:38:48,config_berlin52_20260701_012653.json,berlin52,GWO-LKH,7,7822.2,"{""pack_size"": 70, ""max_iterations"": 150, ""initial_a"": 1.0, ""exploration_rate"": 0.4, ""max_no_improvement"": 75, ""polish_interval"": 15, ""polish_iters"": 5, ""final_polish_iters"": 100}"
01:38:54,config_berlin52_20260701_012653.json,berlin52,GWO-LKH,8,7781.0,"{""pack_size"": 70, ""max_iterations"": 250, ""initial_a"": 3.0, ""exploration_rate"": 0.4, ""max_no_improvement"": 100, ""polish_interval"": 15, ""polish_iters"": 5, ""final_polish_iters"": 300}"
01:38:58,config_berlin52_20260701_012653.json,berlin52,GWO-LKH,9,7906.8,"{""pack_size"": 30, ""max_iterations"": 350, ""initial_a"": 1.0, ""exploration_rate"": 0.6, ""max_no_improvement"": 50, ""polish_interval"": 15, ""polish_iters"": 10, ""final_polish_iters"": 200}"
01:39:03,config_berlin52_20260701_012653.json,berlin52,GWO-LKH,10,7753.6,"{""pack_size"": 50, ""max_iterations"": 150, ""initial_a"": 2.0, ""exploration_rate"": 0.4, ""max_no_improvement"": 50, ""polish_interval"": 25, ""polish_iters"": 10, ""final_polish_iters"": 200}"
01:39:08,config_berlin52_20260701_012653.json,berlin52,GWO-LKH,11,7850.6,"{""pack_size"": 50, ""max_iterations"": 150, ""initial_a"": 2.0, ""exploration_rate"": 0.4, ""max_no_improvement"": 50, ""polish_interval"": 25, ""polish_iters"": 5, ""final_polish_iters"": 200}"
01:39:14,config_berlin52_20260701_012653.json,berlin52,GWO-LKH,12,7827.2,"{""pack_size"": 70, ""max_iterations"": 150, ""initial_a"": 3.0, ""exploration_rate"": 0.4, ""max_no_improvement"": 75, ""polish_interval"": 15, ""polish_iters"": 5, ""final_polish_iters"": 300}"
01:39:20,config_berlin52_20260701_012653.json,berlin52,GWO-LKH,13,7829.6,"{""pack_size"": 70, ""max_iterations"": 250, ""initial_a"": 3.0, ""exploration_rate"": 0.4, ""max_no_improvement"": 50, ""polish_interval"": 15, ""polish_iters"": 5, ""final_polish_iters"": 300}"
01:39:26,config_berlin52_20260701_012653.json,berlin52,GWO-LKH,14,7854.6,"{""pack_size"": 70, ""max_iterations"": 250, ""initial_a"": 3.0, ""exploration_rate"": 0.4, ""max_no_improvement"": 50, ""polish_interval"": 25, ""polish_iters"": 5, ""final_polish_iters"": 300}"
01:39:31,config_berlin52_20260701_012653.json,berlin52,GWO-LKH,15,7946.2,"{""pack_size"": 30, ""max_iterations"": 150, ""initial_a"": 2.0, ""exploration_rate"": 0.4, ""max_no_improvement"": 75, ""polish_interval"": 25, ""polish_iters"": 15, ""final_polish_iters"": 300}"
01:39:36,config_berlin52_20260701_012653.json,berlin52,GWO-LKH,16,7748.4,"{""pack_size"": 50, ""max_iterations"": 150, ""initial_a"": 2.0, ""exploration_rate"": 0.4, ""max_no_improvement"": 100, ""polish_interval"": 15, ""polish_iters"": 10, ""final_polish_iters"": 200}"
01:39:41,config_berlin52_20260701_012653.json,berlin52,GWO-LKH,17,7857.6,"{""pack_size"": 50, ""max_iterations"": 150, ""initial_a"": 2.0, ""exploration_rate"": 0.2, ""max_no_improvement"": 50, ""polish_interval"": 25, ""polish_iters"": 10, ""final_polish_iters"": 200}"
01:39:46,config_berlin52_20260701_012653.json,berlin52,GWO-LKH,18,7859.2,"{""pack_size"": 50, ""max_iterations"": 150, ""initial_a"": 2.0, ""exploration_rate"": 0.4, ""max_no_improvement"": 50, ""polish_interval"": 15, ""polish_iters"": 10, ""final_polish_iters"": 200}"
01:39:51,config_berlin52_20260701_012653.json,berlin52,GWO-LKH,19,7819.2,"{""pack_size"": 50, ""max_iterations"": 150, ""initial_a"": 2.0, ""exploration_rate"": 0.4, ""max_no_improvement"": 100, ""polish_interval"": 25, ""polish_iters"": 10, ""final_polish_iters"": 200}"
01:39:56,config_berlin52_20260701_012653.json,berlin52,GWO-LKH,20,7763.0,"{""pack_size"": 50, ""max_iterations"": 150, ""initial_a"": 2.0, ""exploration_rate"": 0.2, ""max_no_improvement"": 75, ""polish_interval"": 15, ""polish_iters"": 10, ""final_polish_iters"": 200}"
01:40:01,config_berlin52_20260701_012653.json,berlin52,GWO-LKH,21,7843.6,"{""pack_size"": 50, ""max_iterations"": 150, ""initial_a"": 2.0, ""exploration_rate"": 0.4, ""max_no_improvement"": 100, ""polish_interval"": 15, ""polish_iters"": 10, ""final_polish_iters"": 200}"
01:40:07,config_berlin52_20260701_012653.json,berlin52,GWO-LKH,22,7856.2,"{""pack_size"": 50, ""max_iterations"": 150, ""initial_a"": 2.0, ""exploration_rate"": 0.2, ""max_no_improvement"": 75, ""polish_interval"": 15, ""polish_iters"": 10, ""final_polish_iters"": 200}"
01:40:12,config_berlin52_20260701_012653.json,berlin52,GWO-LKH,23,7847.4,"{""pack_size"": 50, ""max_iterations"": 150, ""initial_a"": 2.0, ""exploration_rate"": 0.2, ""max_no_improvement"": 75, ""polish_interval"": 15, ""polish_iters"": 10, ""final_polish_iters"": 200}"
01:40:17,config_berlin52_20260701_012653.json,berlin52,GWO-LKH,24,7826.0,"{""pack_size"": 50, ""max_iterations"": 150, ""initial_a"": 2.0, ""exploration_rate"": 0.2, ""max_no_improvement"": 75, ""polish_interval"": 15, ""polish_iters"": 10, ""final_polish_iters"": 200}"
01:40:23,config_berlin52_20260701_012653.json,berlin52,GWO-LKH,25,7887.8,"{""pack_size"": 50, ""max_iterations"": 150, ""initial_a"": 2.0, ""exploration_rate"": 0.2, ""max_no_improvement"": 75, ""polish_interval"": 15, ""polish_iters"": 10, ""final_polish_iters"": 200}"
01:40:27,config_berlin52_20260701_012653.json,berlin52,GWO-LKH,26,7896.2,"{""pack_size"": 30, ""max_iterations"": 350, ""initial_a"": 1.0, ""exploration_rate"": 0.2, ""max_no_improvement"": 75, ""polish_interval"": 25, ""polish_iters"": 15, ""final_polish_iters"": 100}"
01:40:32,config_berlin52_20260701_012653.json,berlin52,GWO-LKH,27,7905.4,"{""pack_size"": 50, ""max_iterations"": 150, ""initial_a"": 2.0, ""exploration_rate"": 0.4, ""max_no_improvement"": 50, ""polish_interval"": 15, ""polish_iters"": 10, ""final_polish_iters"": 200}"
01:40:37,config_berlin52_20260701_012653.json,berlin52,GWO-LKH,28,7885.8,"{""pack_size"": 50, ""max_iterations"": 150, ""initial_a"": 2.0, ""exploration_rate"": 0.2, ""max_no_improvement"": 75, ""polish_interval"": 15, ""polish_iters"": 10, ""final_polish_iters"": 200}"
01:40:42,config_berlin52_20260701_012653.json,berlin52,GWO-LKH,29,7978.8,"{""pack_size"": 50, ""max_iterations"": 150, ""initial_a"": 2.0, ""exploration_rate"": 0.6, ""max_no_improvement"": 100, ""polish_interval"": 35, ""polish_iters"": 10, ""final_polish_iters"": 200}"
01:40:47,config_berlin52_20260701_012653.json,berlin52,GWO-LKH,30,7914.0,"{""pack_size"": 50, ""max_iterations"": 150, ""initial_a"": 2.0, ""exploration_rate"": 0.4, ""max_no_improvement"": 50, ""polish_interval"": 25, ""polish_iters"": 15, ""final_polish_iters"": 100}"
01:41:00,config_berlin52_20260701_012653.json,berlin52,GWO-ALNS,1,7542.0,"{""pack_size"": 50, ""max_iterations"": 150, ""initial_a"": 2.0, ""exploration_rate"": 0.6, ""max_no_improvement"": 50, ""polish_interval"": 35, ""alns_iterations"": 150, ""alns_remove_ratio"": 0.2, ""final_polish_iters"": 200}"
01:41:06,config_berlin52_20260701_012653.json,berlin52,GWO-ALNS,2,7568.2,"{""pack_size"": 50, ""max_iterations"": 150, ""initial_a"": 2.0, ""exploration_rate"": 0.6, ""max_no_improvement"": 100, ""polish_interval"": 25, ""alns_iterations"": 50, ""alns_remove_ratio"": 0.2, ""final_polish_iters"": 200}"
01:41:13,config_berlin52_20260701_012653.json,berlin52,GWO-ALNS,3,7594.4,"{""pack_size"": 50, ""max_iterations"": 350, ""initial_a"": 3.0, ""exploration_rate"": 0.6, ""max_no_improvement"": 75, ""polish_interval"": 15, ""alns_iterations"": 100, ""alns_remove_ratio"": 0.15, ""final_polish_iters"": 300}"
01:41:22,config_berlin52_20260701_012653.json,berlin52,GWO-ALNS,4,7542.0,"{""pack_size"": 30, ""max_iterations"": 350, ""initial_a"": 2.0, ""exploration_rate"": 0.6, ""max_no_improvement"": 75, ""polish_interval"": 15, ""alns_iterations"": 150, ""alns_remove_ratio"": 0.2, ""final_polish_iters"": 300}"
01:41:29,config_berlin52_20260701_012653.json,berlin52,GWO-ALNS,5,7636.0,"{""pack_size"": 70, ""max_iterations"": 250, ""initial_a"": 2.0, ""exploration_rate"": 0.4, ""max_no_improvement"": 75, ""polish_interval"": 35, ""alns_iterations"": 100, ""alns_remove_ratio"": 0.1, ""final_polish_iters"": 300}"
01:41:37,config_berlin52_20260701_012653.json,berlin52,GWO-ALNS,6,7542.0,"{""pack_size"": 70, ""max_iterations"": 250, ""initial_a"": 2.0, ""exploration_rate"": 0.6, ""max_no_improvement"": 50, ""polish_interval"": 15, ""alns_iterations"": 100, ""alns_remove_ratio"": 0.15, ""final_polish_iters"": 100}"
01:41:43,config_berlin52_20260701_012653.json,berlin52,GWO-ALNS,7,7619.6,"{""pack_size"": 30, ""max_iterations"": 150, ""initial_a"": 3.0, ""exploration_rate"": 0.4, ""max_no_improvement"": 100, ""polish_interval"": 25, ""alns_iterations"": 150, ""alns_remove_ratio"": 0.1, ""final_polish_iters"": 100}"
01:41:49,config_berlin52_20260701_012653.json,berlin52,GWO-ALNS,8,7542.0,"{""pack_size"": 70, ""max_iterations"": 150, ""initial_a"": 3.0, ""exploration_rate"": 0.2, ""max_no_improvement"": 100, ""polish_interval"": 15, ""alns_iterations"": 50, ""alns_remove_ratio"": 0.15, ""final_polish_iters"": 200}"
01:41:56,config_berlin52_20260701_012653.json,berlin52,GWO-ALNS,9,7542.0,"{""pack_size"": 50, ""max_iterations"": 150, ""initial_a"": 2.0, ""exploration_rate"": 0.4, ""max_no_improvement"": 50, ""polish_interval"": 25, ""alns_iterations"": 100, ""alns_remove_ratio"": 0.15, ""final_polish_iters"": 200}"
01:42:02,config_berlin52_20260701_012653.json,berlin52,GWO-ALNS,10,7705.4,"{""pack_size"": 70, ""max_iterations"": 250, ""initial_a"": 1.0, ""exploration_rate"": 0.2, ""max_no_improvement"": 75, ""polish_interval"": 35, ""alns_iterations"": 50, ""alns_remove_ratio"": 0.1, ""final_polish_iters"": 100}"
01:42:15,config_berlin52_20260701_012653.json,berlin52,GWO-ALNS,11,7542.0,"{""pack_size"": 50, ""max_iterations"": 150, ""initial_a"": 1.0, ""exploration_rate"": 0.6, ""max_no_improvement"": 50, ""polish_interval"": 35, ""alns_iterations"": 150, ""alns_remove_ratio"": 0.2, ""final_polish_iters"": 200}"
01:42:26,config_berlin52_20260701_012653.json,berlin52,GWO-ALNS,12,7542.0,"{""pack_size"": 30, ""max_iterations"": 350, ""initial_a"": 2.0, ""exploration_rate"": 0.6, ""max_no_improvement"": 75, ""polish_interval"": 15, ""alns_iterations"": 150, ""alns_remove_ratio"": 0.2, ""final_polish_iters"": 300}"
01:42:36,config_berlin52_20260701_012653.json,berlin52,GWO-ALNS,13,7568.2,"{""pack_size"": 30, ""max_iterations"": 350, ""initial_a"": 2.0, ""exploration_rate"": 0.6, ""max_no_improvement"": 50, ""polish_interval"": 35, ""alns_iterations"": 150, ""alns_remove_ratio"": 0.2, ""final_polish_iters"": 300}"
01:42:46,config_berlin52_20260701_012653.json,berlin52,GWO-ALNS,14,7568.2,"{""pack_size"": 30, ""max_iterations"": 350, ""initial_a"": 2.0, ""exploration_rate"": 0.6, ""max_no_improvement"": 50, ""polish_interval"": 35, ""alns_iterations"": 150, ""alns_remove_ratio"": 0.2, ""final_polish_iters"": 300}"
01:43:01,config_berlin52_20260701_012653.json,berlin52,GWO-ALNS,15,7542.0,"{""pack_size"": 50, ""max_iterations"": 350, ""initial_a"": 2.0, ""exploration_rate"": 0.6, ""max_no_improvement"": 75, ""polish_interval"": 15, ""alns_iterations"": 150, ""alns_remove_ratio"": 0.2, ""final_polish_iters"": 200}"
01:43:11,config_berlin52_20260701_012653.json,berlin52,GWO-ALNS,16,7542.0,"{""pack_size"": 30, ""max_iterations"": 150, ""initial_a"": 1.0, ""exploration_rate"": 0.2, ""max_no_improvement"": 75, ""polish_interval"": 15, ""alns_iterations"": 150, ""alns_remove_ratio"": 0.2, ""final_polish_iters"": 200}"
01:43:21,config_berlin52_20260701_012653.json,berlin52,GWO-ALNS,17,7542.0,"{""pack_size"": 30, ""max_iterations"": 350, ""initial_a"": 2.0, ""exploration_rate"": 0.6, ""max_no_improvement"": 50, ""polish_interval"": 35, ""alns_iterations"": 150, ""alns_remove_ratio"": 0.2, ""final_polish_iters"": 300}"
01:43:35,config_berlin52_20260701_012653.json,berlin52,GWO-ALNS,18,7542.0,"{""pack_size"": 50, ""max_iterations"": 350, ""initial_a"": 2.0, ""exploration_rate"": 0.6, ""max_no_improvement"": 50, ""polish_interval"": 35, ""alns_iterations"": 150, ""alns_remove_ratio"": 0.2, ""final_polish_iters"": 200}"
01:43:46,config_berlin52_20260701_012653.json,berlin52,GWO-ALNS,19,7542.0,"{""pack_size"": 30, ""max_iterations"": 150, ""initial_a"": 3.0, ""exploration_rate"": 0.4, ""max_no_improvement"": 75, ""polish_interval"": 15, ""alns_iterations"": 150, ""alns_remove_ratio"": 0.2, ""final_polish_iters"": 300}"
01:43:50,config_berlin52_20260701_012653.json,berlin52,GWO-ALNS,20,7674.8,"{""pack_size"": 50, ""max_iterations"": 250, ""initial_a"": 1.0, ""exploration_rate"": 0.2, ""max_no_improvement"": 100, ""polish_interval"": 25, ""alns_iterations"": 50, ""alns_remove_ratio"": 0.1, ""final_polish_iters"": 100}"
01:44:00,config_berlin52_20260701_012653.json,berlin52,GWO-ALNS,21,7542.0,"{""pack_size"": 30, ""max_iterations"": 350, ""initial_a"": 2.0, ""exploration_rate"": 0.6, ""max_no_improvement"": 50, ""polish_interval"": 35, ""alns_iterations"": 150, ""alns_remove_ratio"": 0.2, ""final_polish_iters"": 300}"
01:44:09,config_berlin52_20260701_012653.json,berlin52,GWO-ALNS,22,7542.0,"{""pack_size"": 70, ""max_iterations"": 250, ""initial_a"": 2.0, ""exploration_rate"": 0.6, ""max_no_improvement"": 50, ""polish_interval"": 15, ""alns_iterations"": 100, ""alns_remove_ratio"": 0.15, ""final_polish_iters"": 100}"
01:44:19,config_berlin52_20260701_012653.json,berlin52,GWO-ALNS,23,7568.2,"{""pack_size"": 70, ""max_iterations"": 250, ""initial_a"": 2.0, ""exploration_rate"": 0.6, ""max_no_improvement"": 50, ""polish_interval"": 15, ""alns_iterations"": 100, ""alns_remove_ratio"": 0.15, ""final_polish_iters"": 100}"
01:44:28,config_berlin52_20260701_012653.json,berlin52,GWO-ALNS,24,7542.0,"{""pack_size"": 70, ""max_iterations"": 250, ""initial_a"": 2.0, ""exploration_rate"": 0.6, ""max_no_improvement"": 50, ""polish_interval"": 15, ""alns_iterations"": 100, ""alns_remove_ratio"": 0.15, ""final_polish_iters"": 100}"
01:44:37,config_berlin52_20260701_012653.json,berlin52,GWO-ALNS,25,7542.0,"{""pack_size"": 70, ""max_iterations"": 250, ""initial_a"": 2.0, ""exploration_rate"": 0.6, ""max_no_improvement"": 50, ""polish_interval"": 15, ""alns_iterations"": 100, ""alns_remove_ratio"": 0.15, ""final_polish_iters"": 100}"
01:44:46,config_berlin52_20260701_012653.json,berlin52,GWO-ALNS,26,7542.0,"{""pack_size"": 70, ""max_iterations"": 250, ""initial_a"": 2.0, ""exploration_rate"": 0.6, ""max_no_improvement"": 75, ""polish_interval"": 15, ""alns_iterations"": 100, ""alns_remove_ratio"": 0.15, ""final_polish_iters"": 100}"
01:45:01,config_berlin52_20260701_012653.json,berlin52,GWO-ALNS,27,7542.0,"{""pack_size"": 50, ""max_iterations"": 150, ""initial_a"": 2.0, ""exploration_rate"": 0.6, ""max_no_improvement"": 50, ""polish_interval"": 15, ""alns_iterations"": 150, ""alns_remove_ratio"": 0.2, ""final_polish_iters"": 200}"
01:45:10,config_berlin52_20260701_012653.json,berlin52,GWO-ALNS,28,7594.4,"{""pack_size"": 70, ""max_iterations"": 150, ""initial_a"": 2.0, ""exploration_rate"": 0.2, ""max_no_improvement"": 50, ""polish_interval"": 15, ""alns_iterations"": 150, ""alns_remove_ratio"": 0.1, ""final_polish_iters"": 100}"
01:45:14,config_berlin52_20260701_012653.json,berlin52,GWO-ALNS,29,7613.8,"{""pack_size"": 30, ""max_iterations"": 350, ""initial_a"": 3.0, ""exploration_rate"": 0.4, ""max_no_improvement"": 100, ""polish_interval"": 25, ""alns_iterations"": 50, ""alns_remove_ratio"": 0.15, ""final_polish_iters"": 200}"
01:45:25,config_berlin52_20260701_012653.json,berlin52,GWO-ALNS,30,7542.0,"{""pack_size"": 50, ""max_iterations"": 250, ""initial_a"": 1.0, ""exploration_rate"": 0.6, ""max_no_improvement"": 75, ""polish_interval"": 35, ""alns_iterations"": 100, ""alns_remove_ratio"": 0.2, ""final_polish_iters"": 300}"
01:45:31,config_berlin52_20260701_012653.json,berlin52,HHO-LKH,1,7819.8,"{""hawks"": 50, ""max_iterations"": 150, ""initial_energy"": 1.0, ""jump_probability"": 0.7, ""max_no_improvement"": 50, ""dive_count"": 5, ""levy_scale"": 0.5, ""polish_interval"": 35, ""polish_iters"": 10, ""final_polish_iters"": 200}"
01:45:35,config_berlin52_20260701_012653.json,berlin52,HHO-LKH,2,7869.4,"{""hawks"": 30, ""max_iterations"": 250, ""initial_energy"": 1.5, ""jump_probability"": 0.7, ""max_no_improvement"": 75, ""dive_count"": 2, ""levy_scale"": 0.5, ""polish_interval"": 25, ""polish_iters"": 10, ""final_polish_iters"": 300}"
01:45:41,config_berlin52_20260701_012653.json,berlin52,HHO-LKH,3,7823.8,"{""hawks"": 70, ""max_iterations"": 350, ""initial_energy"": 1.0, ""jump_probability"": 0.3, ""max_no_improvement"": 75, ""dive_count"": 3, ""levy_scale"": 0.5, ""polish_interval"": 15, ""polish_iters"": 15, ""final_polish_iters"": 200}"
01:45:48,config_berlin52_20260701_012653.json,berlin52,HHO-LKH,4,7848.4,"{""hawks"": 70, ""max_iterations"": 250, ""initial_energy"": 0.5, ""jump_probability"": 0.7, ""max_no_improvement"": 100, ""dive_count"": 5, ""levy_scale"": 0.5, ""polish_interval"": 25, ""polish_iters"": 10, ""final_polish_iters"": 200}"
01:45:53,config_berlin52_20260701_012653.json,berlin52,HHO-LKH,5,7818.4,"{""hawks"": 50, ""max_iterations"": 350, ""initial_energy"": 1.0, ""jump_probability"": 0.3, ""max_no_improvement"": 100, ""dive_count"": 5, ""levy_scale"": 0.3, ""polish_interval"": 25, ""polish_iters"": 15, ""final_polish_iters"": 100}"
01:45:57,config_berlin52_20260701_012653.json,berlin52,HHO-LKH,6,7928.2,"{""hawks"": 30, ""max_iterations"": 250, ""initial_energy"": 1.0, ""jump_probability"": 0.3, ""max_no_improvement"": 50, ""dive_count"": 2, ""levy_scale"": 0.5, ""polish_interval"": 25, ""polish_iters"": 15, ""final_polish_iters"": 200}"
01:46:03,config_berlin52_20260701_012653.json,berlin52,HHO-LKH,7,7822.2,"{""hawks"": 70, ""max_iterations"": 150, ""initial_energy"": 0.5, ""jump_probability"": 0.7, ""max_no_improvement"": 50, ""dive_count"": 5, ""levy_scale"": 0.2, ""polish_interval"": 35, ""polish_iters"": 5, ""final_polish_iters"": 100}"
01:46:09,config_berlin52_20260701_012653.json,berlin52,HHO-LKH,8,7781.0,"{""hawks"": 50, ""max_iterations"": 250, ""initial_energy"": 1.0, ""jump_probability"": 0.3, ""max_no_improvement"": 75, ""dive_count"": 3, ""levy_scale"": 0.2, ""polish_interval"": 25, ""polish_iters"": 10, ""final_polish_iters"": 200}"
01:46:13,config_berlin52_20260701_012653.json,berlin52,HHO-LKH,9,7906.8,"{""hawks"": 50, ""max_iterations"": 350, ""initial_energy"": 1.0, ""jump_probability"": 0.3, ""max_no_improvement"": 50, ""dive_count"": 3, ""levy_scale"": 0.5, ""polish_interval"": 15, ""polish_iters"": 5, ""final_polish_iters"": 100}"
01:46:20,config_berlin52_20260701_012653.json,berlin52,HHO-LKH,10,7753.6,"{""hawks"": 70, ""max_iterations"": 150, ""initial_energy"": 0.5, ""jump_probability"": 0.5, ""max_no_improvement"": 100, ""dive_count"": 5, ""levy_scale"": 0.3, ""polish_interval"": 25, ""polish_iters"": 15, ""final_polish_iters"": 200}"
01:46:27,config_berlin52_20260701_012653.json,berlin52,HHO-LKH,11,7850.6,"{""hawks"": 70, ""max_iterations"": 150, ""initial_energy"": 0.5, ""jump_probability"": 0.5, ""max_no_improvement"": 100, ""dive_count"": 5, ""levy_scale"": 0.3, ""polish_interval"": 15, ""polish_iters"": 15, ""final_polish_iters"": 300}"
01:46:32,config_berlin52_20260701_012653.json,berlin52,HHO-LKH,12,7847.6,"{""hawks"": 50, ""max_iterations"": 250, ""initial_energy"": 1.5, ""jump_probability"": 0.5, ""max_no_improvement"": 75, ""dive_count"": 3, ""levy_scale"": 0.2, ""polish_interval"": 25, ""polish_iters"": 10, ""final_polish_iters"": 200}"
01:46:38,config_berlin52_20260701_012653.json,berlin52,HHO-LKH,13,7802.2,"{""hawks"": 70, ""max_iterations"": 150, ""initial_energy"": 0.5, ""jump_probability"": 0.5, ""max_no_improvement"": 100, ""dive_count"": 3, ""levy_scale"": 0.2, ""polish_interval"": 25, ""polish_iters"": 15, ""final_polish_iters"": 200}"
01:46:43,config_berlin52_20260701_012653.json,berlin52,HHO-LKH,14,7856.4,"{""hawks"": 50, ""max_iterations"": 150, ""initial_energy"": 0.5, ""jump_probability"": 0.5, ""max_no_improvement"": 75, ""dive_count"": 3, ""levy_scale"": 0.3, ""polish_interval"": 25, ""polish_iters"": 10, ""final_polish_iters"": 200}"
01:46:47,config_berlin52_20260701_012653.json,berlin52,HHO-LKH,15,7946.2,"{""hawks"": 30, ""max_iterations"": 250, ""initial_energy"": 1.5, ""jump_probability"": 0.3, ""max_no_improvement"": 100, ""dive_count"": 2, ""levy_scale"": 0.3, ""polish_interval"": 25, ""polish_iters"": 5, ""final_polish_iters"": 200}"
01:46:53,config_berlin52_20260701_012653.json,berlin52,HHO-LKH,16,7622.0,"{""hawks"": 70, ""max_iterations"": 250, ""initial_energy"": 1.0, ""jump_probability"": 0.5, ""max_no_improvement"": 75, ""dive_count"": 5, ""levy_scale"": 0.2, ""polish_interval"": 35, ""polish_iters"": 15, ""final_polish_iters"": 300}"
01:47:00,config_berlin52_20260701_012653.json,berlin52,HHO-LKH,17,7785.4,"{""hawks"": 70, ""max_iterations"": 150, ""initial_energy"": 0.5, ""jump_probability"": 0.5, ""max_no_improvement"": 100, ""dive_count"": 5, ""levy_scale"": 0.2, ""polish_interval"": 35, ""polish_iters"": 15, ""final_polish_iters"": 300}"
01:47:07,config_berlin52_20260701_012653.json,berlin52,HHO-LKH,18,7792.8,"{""hawks"": 70, ""max_iterations"": 250, ""initial_energy"": 0.5, ""jump_probability"": 0.5, ""max_no_improvement"": 75, ""dive_count"": 5, ""levy_scale"": 0.3, ""polish_interval"": 35, ""polish_iters"": 15, ""final_polish_iters"": 300}"
01:47:13,config_berlin52_20260701_012653.json,berlin52,HHO-LKH,19,7740.4,"{""hawks"": 70, ""max_iterations"": 150, ""initial_energy"": 1.0, ""jump_probability"": 0.5, ""max_no_improvement"": 100, ""dive_count"": 5, ""levy_scale"": 0.3, ""polish_interval"": 35, ""polish_iters"": 15, ""final_polish_iters"": 300}"
01:47:19,config_berlin52_20260701_012653.json,berlin52,HHO-LKH,20,7763.0,"{""hawks"": 70, ""max_iterations"": 350, ""initial_energy"": 1.0, ""jump_probability"": 0.5, ""max_no_improvement"": 75, ""dive_count"": 5, ""levy_scale"": 0.2, ""polish_interval"": 35, ""polish_iters"": 15, ""final_polish_iters"": 300}"
01:47:26,config_berlin52_20260701_012653.json,berlin52,HHO-LKH,21,7820.6,"{""hawks"": 70, ""max_iterations"": 150, ""initial_energy"": 1.0, ""jump_probability"": 0.5, ""max_no_improvement"": 100, ""dive_count"": 5, ""levy_scale"": 0.3, ""polish_interval"": 35, ""polish_iters"": 15, ""final_polish_iters"": 300}"
01:47:33,config_berlin52_20260701_012653.json,berlin52,HHO-LKH,22,7836.4,"{""hawks"": 70, ""max_iterations"": 150, ""initial_energy"": 1.0, ""jump_probability"": 0.5, ""max_no_improvement"": 100, ""dive_count"": 5, ""levy_scale"": 0.3, ""polish_interval"": 35, ""polish_iters"": 15, ""final_polish_iters"": 300}"
01:47:40,config_berlin52_20260701_012653.json,berlin52,HHO-LKH,23,7815.2,"{""hawks"": 70, ""max_iterations"": 150, ""initial_energy"": 1.0, ""jump_probability"": 0.5, ""max_no_improvement"": 100, ""dive_count"": 5, ""levy_scale"": 0.3, ""polish_interval"": 35, ""polish_iters"": 15, ""final_polish_iters"": 300}"
01:47:46,config_berlin52_20260701_012653.json,berlin52,HHO-LKH,24,7781.6,"{""hawks"": 70, ""max_iterations"": 150, ""initial_energy"": 1.5, ""jump_probability"": 0.5, ""max_no_improvement"": 100, ""dive_count"": 5, ""levy_scale"": 0.3, ""polish_interval"": 35, ""polish_iters"": 15, ""final_polish_iters"": 300}"
01:47:52,config_berlin52_20260701_012653.json,berlin52,HHO-LKH,25,7787.6,"{""hawks"": 70, ""max_iterations"": 150, ""initial_energy"": 1.0, ""jump_probability"": 0.5, ""max_no_improvement"": 100, ""dive_count"": 5, ""levy_scale"": 0.3, ""polish_interval"": 35, ""polish_iters"": 15, ""final_polish_iters"": 300}"
01:47:56,config_berlin52_20260701_012653.json,berlin52,HHO-LKH,26,7896.2,"{""hawks"": 30, ""max_iterations"": 250, ""initial_energy"": 0.5, ""jump_probability"": 0.5, ""max_no_improvement"": 75, ""dive_count"": 2, ""levy_scale"": 0.2, ""polish_interval"": 15, ""polish_iters"": 5, ""final_polish_iters"": 100}"
01:48:02,config_berlin52_20260701_012653.json,berlin52,HHO-LKH,27,7852.0,"{""hawks"": 70, ""max_iterations"": 150, ""initial_energy"": 1.0, ""jump_probability"": 0.5, ""max_no_improvement"": 100, ""dive_count"": 5, ""levy_scale"": 0.3, ""polish_interval"": 35, ""polish_iters"": 15, ""final_polish_iters"": 300}"
01:48:09,config_berlin52_20260701_012653.json,berlin52,HHO-LKH,28,7823.8,"{""hawks"": 70, ""max_iterations"": 150, ""initial_energy"": 1.0, ""jump_probability"": 0.5, ""max_no_improvement"": 100, ""dive_count"": 5, ""levy_scale"": 0.2, ""polish_interval"": 35, ""polish_iters"": 15, ""final_polish_iters"": 300}"
01:48:15,config_berlin52_20260701_012653.json,berlin52,HHO-LKH,29,7921.0,"{""hawks"": 70, ""max_iterations"": 350, ""initial_energy"": 1.5, ""jump_probability"": 0.5, ""max_no_improvement"": 50, ""dive_count"": 5, ""levy_scale"": 0.3, ""polish_interval"": 15, ""polish_iters"": 15, ""final_polish_iters"": 100}"
01:48:19,config_berlin52_20260701_012653.json,berlin52,HHO-LKH,30,7950.4,"{""hawks"": 30, ""max_iterations"": 250, ""initial_energy"": 0.5, ""jump_probability"": 0.7, ""max_no_improvement"": 75, ""dive_count"": 5, ""levy_scale"": 0.2, ""polish_interval"": 35, ""polish_iters"": 5, ""final_polish_iters"": 300}"
01:48:27,config_berlin52_20260701_012653.json,berlin52,HHO-ALNS,1,7542.0,"{""hawks"": 50, ""max_iterations"": 150, ""initial_energy"": 1.0, ""jump_probability"": 0.7, ""max_no_improvement"": 50, ""dive_count"": 5, ""levy_scale"": 0.5, ""polish_interval"": 35, ""alns_iterations"": 100, ""alns_remove_ratio"": 0.15, ""final_polish_iters"": 100}"
01:48:41,config_berlin52_20260701_012653.json,berlin52,HHO-ALNS,2,7542.0,"{""hawks"": 50, ""max_iterations"": 350, ""initial_energy"": 1.5, ""jump_probability"": 0.5, ""max_no_improvement"": 50, ""dive_count"": 5, ""levy_scale"": 0.3, ""polish_interval"": 25, ""alns_iterations"": 150, ""alns_remove_ratio"": 0.2, ""final_polish_iters"": 300}"
01:48:52,config_berlin52_20260701_012653.json,berlin52,HHO-ALNS,3,7542.0,"{""hawks"": 50, ""max_iterations"": 150, ""initial_energy"": 1.0, ""jump_probability"": 0.5, ""max_no_improvement"": 100, ""dive_count"": 2, ""levy_scale"": 0.5, ""polish_interval"": 25, ""alns_iterations"": 150, ""alns_remove_ratio"": 0.15, ""final_polish_iters"": 100}"
01:49:04,config_berlin52_20260701_012653.json,berlin52,HHO-ALNS,4,7542.0,"{""hawks"": 70, ""max_iterations"": 350, ""initial_energy"": 1.5, ""jump_probability"": 0.7, ""max_no_improvement"": 75, ""dive_count"": 3, ""levy_scale"": 0.3, ""polish_interval"": 25, ""alns_iterations"": 150, ""alns_remove_ratio"": 0.15, ""final_polish_iters"": 100}"
01:49:12,config_berlin52_20260701_012653.json,berlin52,HHO-ALNS,5,7636.0,"{""hawks"": 70, ""max_iterations"": 350, ""initial_energy"": 1.0, ""jump_probability"": 0.5, ""max_no_improvement"": 100, ""dive_count"": 2, ""levy_scale"": 0.2, ""polish_interval"": 25, ""alns_iterations"": 100, ""alns_remove_ratio"": 0.1, ""final_polish_iters"": 100}"
01:49:17,config_berlin52_20260701_012653.json,berlin52,HHO-ALNS,6,7633.4,"{""hawks"": 30, ""max_iterations"": 350, ""initial_energy"": 1.0, ""jump_probability"": 0.7, ""max_no_improvement"": 75, ""dive_count"": 5, ""levy_scale"": 0.2, ""polish_interval"": 15, ""alns_iterations"": 150, ""alns_remove_ratio"": 0.1, ""final_polish_iters"": 300}"
01:49:23,config_berlin52_20260701_012653.json,berlin52,HHO-ALNS,7,7568.2,"{""hawks"": 30, ""max_iterations"": 350, ""initial_energy"": 0.5, ""jump_probability"": 0.3, ""max_no_improvement"": 75, ""dive_count"": 3, ""levy_scale"": 0.3, ""polish_interval"": 15, ""alns_iterations"": 100, ""alns_remove_ratio"": 0.15, ""final_polish_iters"": 100}"
01:49:34,config_berlin52_20260701_012653.json,berlin52,HHO-ALNS,8,7542.0,"{""hawks"": 50, ""max_iterations"": 250, ""initial_energy"": 1.0, ""jump_probability"": 0.5, ""max_no_improvement"": 100, ""dive_count"": 3, ""levy_scale"": 0.2, ""polish_interval"": 15, ""alns_iterations"": 100, ""alns_remove_ratio"": 0.2, ""final_polish_iters"": 100}"
01:49:40,config_berlin52_20260701_012653.json,berlin52,HHO-ALNS,9,7568.2,"{""hawks"": 30, ""max_iterations"": 150, ""initial_energy"": 1.5, ""jump_probability"": 0.3, ""max_no_improvement"": 50, ""dive_count"": 3, ""levy_scale"": 0.5, ""polish_interval"": 35, ""alns_iterations"": 100, ""alns_remove_ratio"": 0.15, ""final_polish_iters"": 300}"
01:49:45,config_berlin52_20260701_012653.json,berlin52,HHO-ALNS,10,7718.8,"{""hawks"": 50, ""max_iterations"": 350, ""initial_energy"": 1.5, ""jump_probability"": 0.7, ""max_no_improvement"": 75, ""dive_count"": 3, ""levy_scale"": 0.2, ""polish_interval"": 35, ""alns_iterations"": 50, ""alns_remove_ratio"": 0.1, ""final_polish_iters"": 100}"
01:49:50,config_berlin52_20260701_012653.json,berlin52,HHO-ALNS,11,7601.2,"{""hawks"": 50, ""max_iterations"": 150, ""initial_energy"": 0.5, ""jump_probability"": 0.7, ""max_no_improvement"": 50, ""dive_count"": 5, ""levy_scale"": 0.5, ""polish_interval"": 35, ""alns_iterations"": 50, ""alns_remove_ratio"": 0.15, ""final_polish_iters"": 200}"
01:50:05,config_berlin52_20260701_012653.json,berlin52,HHO-ALNS,12,7542.0,"{""hawks"": 50, ""max_iterations"": 250, ""initial_energy"": 1.5, ""jump_probability"": 0.5, ""max_no_improvement"": 50, ""dive_count"": 5, ""levy_scale"": 0.3, ""polish_interval"": 25, ""alns_iterations"": 150, ""alns_remove_ratio"": 0.2, ""final_polish_iters"": 300}"
01:50:18,config_berlin52_20260701_012653.json,berlin52,HHO-ALNS,13,7542.0,"{""hawks"": 50, ""max_iterations"": 150, ""initial_energy"": 1.5, ""jump_probability"": 0.7, ""max_no_improvement"": 50, ""dive_count"": 5, ""levy_scale"": 0.5, ""polish_interval"": 35, ""alns_iterations"": 150, ""alns_remove_ratio"": 0.2, ""final_polish_iters"": 200}"
01:50:28,config_berlin52_20260701_012653.json,berlin52,HHO-ALNS,14,7542.0,"{""hawks"": 50, ""max_iterations"": 150, ""initial_energy"": 1.0, ""jump_probability"": 0.5, ""max_no_improvement"": 50, ""dive_count"": 5, ""levy_scale"": 0.3, ""polish_interval"": 35, ""alns_iterations"": 100, ""alns_remove_ratio"": 0.2, ""final_polish_iters"": 300}"
01:50:36,config_berlin52_20260701_012653.json,berlin52,HHO-ALNS,15,7542.0,"{""hawks"": 70, ""max_iterations"": 250, ""initial_energy"": 0.5, ""jump_probability"": 0.3, ""max_no_improvement"": 50, ""dive_count"": 5, ""levy_scale"": 0.5, ""polish_interval"": 25, ""alns_iterations"": 50, ""alns_remove_ratio"": 0.2, ""final_polish_iters"": 300}"
01:50:44,config_berlin52_20260701_012653.json,berlin52,HHO-ALNS,16,7542.0,"{""hawks"": 50, ""max_iterations"": 350, ""initial_energy"": 1.0, ""jump_probability"": 0.7, ""max_no_improvement"": 50, ""dive_count"": 5, ""levy_scale"": 0.3, ""polish_interval"": 35, ""alns_iterations"": 100, ""alns_remove_ratio"": 0.15, ""final_polish_iters"": 200}"
01:50:58,config_berlin52_20260701_012653.json,berlin52,HHO-ALNS,17,7542.0,"{""hawks"": 50, ""max_iterations"": 150, ""initial_energy"": 1.5, ""jump_probability"": 0.5, ""max_no_improvement"": 50, ""dive_count"": 5, ""levy_scale"": 0.3, ""polish_interval"": 25, ""alns_iterations"": 150, ""alns_remove_ratio"": 0.2, ""final_polish_iters"": 300}"
01:51:06,config_berlin52_20260701_012653.json,berlin52,HHO-ALNS,18,7568.2,"{""hawks"": 50, ""max_iterations"": 150, ""initial_energy"": 1.5, ""jump_probability"": 0.7, ""max_no_improvement"": 50, ""dive_count"": 2, ""levy_scale"": 0.5, ""polish_interval"": 35, ""alns_iterations"": 100, ""alns_remove_ratio"": 0.15, ""final_polish_iters"": 300}"
01:51:27,config_berlin52_20260701_012653.json,berlin52,HHO-ALNS,19,7542.0,"{""hawks"": 70, ""max_iterations"": 350, ""initial_energy"": 1.0, ""jump_probability"": 0.5, ""max_no_improvement"": 50, ""dive_count"": 5, ""levy_scale"": 0.5, ""polish_interval"": 25, ""alns_iterations"": 150, ""alns_remove_ratio"": 0.2, ""final_polish_iters"": 100}"
01:51:32,config_berlin52_20260701_012653.json,berlin52,HHO-ALNS,20,7714.8,"{""hawks"": 30, ""max_iterations"": 250, ""initial_energy"": 0.5, ""jump_probability"": 0.3, ""max_no_improvement"": 100, ""dive_count"": 5, ""levy_scale"": 0.3, ""polish_interval"": 15, ""alns_iterations"": 50, ""alns_remove_ratio"": 0.1, ""final_polish_iters"": 200}"
01:51:46,config_berlin52_20260701_012653.json,berlin52,HHO-ALNS,21,7542.0,"{""hawks"": 50, ""max_iterations"": 350, ""initial_energy"": 1.5, ""jump_probability"": 0.7, ""max_no_improvement"": 50, ""dive_count"": 2, ""levy_scale"": 0.5, ""polish_interval"": 35, ""alns_iterations"": 150, ""alns_remove_ratio"": 0.2, ""final_polish_iters"": 300}"
01:51:56,config_berlin52_20260701_012653.json,berlin52,HHO-ALNS,22,7542.0,"{""hawks"": 50, ""max_iterations"": 150, ""initial_energy"": 1.0, ""jump_probability"": 0.5, ""max_no_improvement"": 100, ""dive_count"": 2, ""levy_scale"": 0.5, ""polish_interval"": 25, ""alns_iterations"": 150, ""alns_remove_ratio"": 0.15, ""final_polish_iters"": 100}"
01:52:07,config_berlin52_20260701_012653.json,berlin52,HHO-ALNS,23,7542.0,"{""hawks"": 50, ""max_iterations"": 150, ""initial_energy"": 1.0, ""jump_probability"": 0.5, ""max_no_improvement"": 100, ""dive_count"": 2, ""levy_scale"": 0.5, ""polish_interval"": 25, ""alns_iterations"": 150, ""alns_remove_ratio"": 0.15, ""final_polish_iters"": 100}"
01:52:17,config_berlin52_20260701_012653.json,berlin52,HHO-ALNS,24,7542.0,"{""hawks"": 50, ""max_iterations"": 150, ""initial_energy"": 1.0, ""jump_probability"": 0.5, ""max_no_improvement"": 100, ""dive_count"": 2, ""levy_scale"": 0.5, ""polish_interval"": 25, ""alns_iterations"": 150, ""alns_remove_ratio"": 0.15, ""final_polish_iters"": 100}"
01:52:28,config_berlin52_20260701_012653.json,berlin52,HHO-ALNS,25,7542.0,"{""hawks"": 50, ""max_iterations"": 150, ""initial_energy"": 1.0, ""jump_probability"": 0.5, ""max_no_improvement"": 100, ""dive_count"": 2, ""levy_scale"": 0.5, ""polish_interval"": 25, ""alns_iterations"": 150, ""alns_remove_ratio"": 0.15, ""final_polish_iters"": 100}"
01:52:36,config_berlin52_20260701_012653.json,berlin52,HHO-ALNS,26,7542.0,"{""hawks"": 50, ""max_iterations"": 150, ""initial_energy"": 1.0, ""jump_probability"": 0.5, ""max_no_improvement"": 100, ""dive_count"": 5, ""levy_scale"": 0.3, ""polish_interval"": 25, ""alns_iterations"": 100, ""alns_remove_ratio"": 0.15, ""final_polish_iters"": 100}"
01:52:46,config_berlin52_20260701_012653.json,berlin52,HHO-ALNS,27,7542.0,"{""hawks"": 50, ""max_iterations"": 150, ""initial_energy"": 1.0, ""jump_probability"": 0.5, ""max_no_improvement"": 50, ""dive_count"": 2, ""levy_scale"": 0.5, ""polish_interval"": 25, ""alns_iterations"": 150, ""alns_remove_ratio"": 0.15, ""final_polish_iters"": 100}"
01:52:56,config_berlin52_20260701_012653.json,berlin52,HHO-ALNS,28,7542.0,"{""hawks"": 50, ""max_iterations"": 150, ""initial_energy"": 1.0, ""jump_probability"": 0.5, ""max_no_improvement"": 100, ""dive_count"": 5, ""levy_scale"": 0.5, ""polish_interval"": 25, ""alns_iterations"": 150, ""alns_remove_ratio"": 0.15, ""final_polish_iters"": 100}"
01:53:02,config_berlin52_20260701_012653.json,berlin52,HHO-ALNS,29,7756.2,"{""hawks"": 70, ""max_iterations"": 250, ""initial_energy"": 0.5, ""jump_probability"": 0.3, ""max_no_improvement"": 75, ""dive_count"": 5, ""levy_scale"": 0.2, ""polish_interval"": 15, ""alns_iterations"": 50, ""alns_remove_ratio"": 0.1, ""final_polish_iters"": 200}"
01:53:08,config_berlin52_20260701_012653.json,berlin52,HHO-ALNS,30,7542.0,"{""hawks"": 30, ""max_iterations"": 350, ""initial_energy"": 1.5, ""jump_probability"": 0.7, ""max_no_improvement"": 50, ""dive_count"": 2, ""levy_scale"": 0.3, ""polish_interval"": 35, ""alns_iterations"": 100, ""alns_remove_ratio"": 0.2, ""final_polish_iters"": 300}"
01:53:11,config_eil51_20260701_012653.json,eil51,2-opt,1,434.0,"{""max_iterations"": 1000, ""first_improvement"": true, ""num_starts"": 10}"
01:53:14,config_eil51_20260701_012653.json,eil51,2-opt,2,452.2,"{""max_iterations"": 1000, ""first_improvement"": true, ""num_starts"": 1}"
01:53:17,config_eil51_20260701_012653.json,eil51,2-opt,3,437.8,"{""max_iterations"": 1000, ""first_improvement"": false, ""num_starts"": 10}"
01:53:19,config_eil51_20260701_012653.json,eil51,2-opt,4,446.8,"{""max_iterations"": 1000, ""first_improvement"": false, ""num_starts"": 5}"
01:53:22,config_eil51_20260701_012653.json,eil51,2-opt,5,435.8,"{""max_iterations"": 2000, ""first_improvement"": true, ""num_starts"": 5}"
01:53:25,config_eil51_20260701_012653.json,eil51,2-opt,6,447.2,"{""max_iterations"": 1000, ""first_improvement"": true, ""num_starts"": 1}"
01:53:28,config_eil51_20260701_012653.json,eil51,2-opt,7,438.8,"{""max_iterations"": 2000, ""first_improvement"": false, ""num_starts"": 10}"
01:53:31,config_eil51_20260701_012653.json,eil51,2-opt,8,446.4,"{""max_iterations"": 1000, ""first_improvement"": false, ""num_starts"": 5}"
01:53:33,config_eil51_20260701_012653.json,eil51,2-opt,9,454.2,"{""max_iterations"": 1000, ""first_improvement"": true, ""num_starts"": 1}"
01:53:37,config_eil51_20260701_012653.json,eil51,2-opt,10,446.6,"{""max_iterations"": 1000, ""first_improvement"": false, ""num_starts"": 5}"
01:53:40,config_eil51_20260701_012653.json,eil51,2-opt,11,437.8,"{""max_iterations"": 500, ""first_improvement"": true, ""num_starts"": 10}"
01:53:44,config_eil51_20260701_012653.json,eil51,2-opt,12,441.4,"{""max_iterations"": 2000, ""first_improvement"": true, ""num_starts"": 5}"
01:53:47,config_eil51_20260701_012653.json,eil51,2-opt,13,438.4,"{""max_iterations"": 2000, ""first_improvement"": true, ""num_starts"": 10}"
01:53:50,config_eil51_20260701_012653.json,eil51,2-opt,14,436.0,"{""max_iterations"": 500, ""first_improvement"": true, ""num_starts"": 10}"
01:53:54,config_eil51_20260701_012653.json,eil51,2-opt,15,438.2,"{""max_iterations"": 2000, ""first_improvement"": true, ""num_starts"": 5}"
01:53:57,config_eil51_20260701_012653.json,eil51,2-opt,16,441.6,"{""max_iterations"": 2000, ""first_improvement"": true, ""num_starts"": 5}"
01:54:00,config_eil51_20260701_012653.json,eil51,2-opt,17,436.2,"{""max_iterations"": 500, ""first_improvement"": true, ""num_starts"": 10}"
01:54:04,config_eil51_20260701_012653.json,eil51,2-opt,18,441.4,"{""max_iterations"": 2000, ""first_improvement"": true, ""num_starts"": 5}"
01:54:08,config_eil51_20260701_012653.json,eil51,2-opt,19,437.6,"{""max_iterations"": 2000, ""first_improvement"": true, ""num_starts"": 10}"
01:54:11,config_eil51_20260701_012653.json,eil51,2-opt,20,454.8,"{""max_iterations"": 500, ""first_improvement"": true, ""num_starts"": 1}"
01:54:14,config_eil51_20260701_012653.json,eil51,2-opt,21,438.0,"{""max_iterations"": 2000, ""first_improvement"": true, ""num_starts"": 10}"
01:54:17,config_eil51_20260701_012653.json,eil51,2-opt,22,439.4,"{""max_iterations"": 500, ""first_improvement"": true, ""num_starts"": 10}"
01:54:20,config_eil51_20260701_012653.json,eil51,2-opt,23,435.0,"{""max_iterations"": 500, ""first_improvement"": true, ""num_starts"": 10}"
01:54:24,config_eil51_20260701_012653.json,eil51,2-opt,24,437.2,"{""max_iterations"": 500, ""first_improvement"": true, ""num_starts"": 10}"
01:54:29,config_eil51_20260701_012653.json,eil51,2-opt,25,436.8,"{""max_iterations"": 500, ""first_improvement"": true, ""num_starts"": 10}"
01:54:33,config_eil51_20260701_012653.json,eil51,2-opt,26,438.6,"{""max_iterations"": 500, ""first_improvement"": true, ""num_starts"": 5}"
01:54:35,config_eil51_20260701_012653.json,eil51,2-opt,27,438.2,"{""max_iterations"": 1000, ""first_improvement"": false, ""num_starts"": 10}"
01:54:38,config_eil51_20260701_012653.json,eil51,2-opt,28,434.2,"{""max_iterations"": 2000, ""first_improvement"": true, ""num_starts"": 10}"
01:54:41,config_eil51_20260701_012653.json,eil51,2-opt,29,436.4,"{""max_iterations"": 1000, ""first_improvement"": true, ""num_starts"": 10}"
01:54:44,config_eil51_20260701_012653.json,eil51,2-opt,30,449.6,"{""max_iterations"": 500, ""first_improvement"": true, ""num_starts"": 1}"
01:54:49,config_eil51_20260701_012653.json,eil51,3-opt,1,451.2,"{""max_iterations"": 400, ""first_improvement"": true, ""num_starts"": 5}"
01:54:52,config_eil51_20260701_012653.json,eil51,3-opt,2,477.2,"{""max_iterations"": 400, ""first_improvement"": true, ""num_starts"": 1}"
01:54:55,config_eil51_20260701_012653.json,eil51,3-opt,3,450.2,"{""max_iterations"": 400, ""first_improvement"": false, ""num_starts"": 5}"
01:54:59,config_eil51_20260701_012653.json,eil51,3-opt,4,464.8,"{""max_iterations"": 400, ""first_improvement"": false, ""num_starts"": 3}"
01:55:02,config_eil51_20260701_012653.json,eil51,3-opt,5,451.0,"{""max_iterations"": 800, ""first_improvement"": true, ""num_starts"": 3}"
01:55:06,config_eil51_20260701_012653.json,eil51,3-opt,6,445.0,"{""max_iterations"": 400, ""first_improvement"": true, ""num_starts"": 1}"
01:55:09,config_eil51_20260701_012653.json,eil51,3-opt,7,467.8,"{""max_iterations"": 800, ""first_improvement"": false, ""num_starts"": 5}"
01:55:12,config_eil51_20260701_012653.json,eil51,3-opt,8,461.8,"{""max_iterations"": 400, ""first_improvement"": false, ""num_starts"": 3}"
01:55:15,config_eil51_20260701_012653.json,eil51,3-opt,9,452.6,"{""max_iterations"": 400, ""first_improvement"": true, ""num_starts"": 1}"
01:55:18,config_eil51_20260701_012653.json,eil51,3-opt,10,454.8,"{""max_iterations"": 400, ""first_improvement"": false, ""num_starts"": 3}"
01:55:21,config_eil51_20260701_012653.json,eil51,3-opt,11,446.0,"{""max_iterations"": 200, ""first_improvement"": true, ""num_starts"": 1}"
01:55:24,config_eil51_20260701_012653.json,eil51,3-opt,12,465.6,"{""max_iterations"": 200, ""first_improvement"": true, ""num_starts"": 1}"
01:55:27,config_eil51_20260701_012653.json,eil51,3-opt,13,483.8,"{""max_iterations"": 200, ""first_improvement"": true, ""num_starts"": 1}"
01:55:31,config_eil51_20260701_012653.json,eil51,3-opt,14,468.8,"{""max_iterations"": 200, ""first_improvement"": true, ""num_starts"": 1}"
01:55:33,config_eil51_20260701_012653.json,eil51,3-opt,15,458.2,"{""max_iterations"": 200, ""first_improvement"": true, ""num_starts"": 1}"
01:55:37,config_eil51_20260701_012653.json,eil51,3-opt,16,473.0,"{""max_iterations"": 200, ""first_improvement"": true, ""num_starts"": 1}"
01:55:40,config_eil51_20260701_012653.json,eil51,3-opt,17,469.4,"{""max_iterations"": 800, ""first_improvement"": true, ""num_starts"": 1}"
01:55:44,config_eil51_20260701_012653.json,eil51,3-opt,18,465.0,"{""max_iterations"": 200, ""first_improvement"": true, ""num_starts"": 1}"
01:55:48,config_eil51_20260701_012653.json,eil51,3-opt,19,470.2,"{""max_iterations"": 200, ""first_improvement"": true, ""num_starts"": 1}"
01:55:52,config_eil51_20260701_012653.json,eil51,3-opt,20,450.6,"{""max_iterations"": 800, ""first_improvement"": true, ""num_starts"": 5}"
01:55:55,config_eil51_20260701_012653.json,eil51,3-opt,21,464.0,"{""max_iterations"": 200, ""first_improvement"": true, ""num_starts"": 1}"
01:55:58,config_eil51_20260701_012653.json,eil51,3-opt,22,447.0,"{""max_iterations"": 400, ""first_improvement"": false, ""num_starts"": 5}"
01:56:01,config_eil51_20260701_012653.json,eil51,3-opt,23,450.4,"{""max_iterations"": 400, ""first_improvement"": false, ""num_starts"": 5}"
01:56:04,config_eil51_20260701_012653.json,eil51,3-opt,24,464.0,"{""max_iterations"": 400, ""first_improvement"": false, ""num_starts"": 5}"
01:56:07,config_eil51_20260701_012653.json,eil51,3-opt,25,461.4,"{""max_iterations"": 400, ""first_improvement"": false, ""num_starts"": 5}"
01:56:11,config_eil51_20260701_012653.json,eil51,3-opt,26,472.2,"{""max_iterations"": 400, ""first_improvement"": false, ""num_starts"": 5}"
01:56:13,config_eil51_20260701_012653.json,eil51,3-opt,27,497.0,"{""max_iterations"": 400, ""first_improvement"": false, ""num_starts"": 1}"
01:56:17,config_eil51_20260701_012653.json,eil51,3-opt,28,463.6,"{""max_iterations"": 400, ""first_improvement"": true, ""num_starts"": 1}"
01:56:20,config_eil51_20260701_012653.json,eil51,3-opt,29,469.8,"{""max_iterations"": 800, ""first_improvement"": false, ""num_starts"": 3}"
01:56:24,config_eil51_20260701_012653.json,eil51,3-opt,30,448.8,"{""max_iterations"": 200, ""first_improvement"": true, ""num_starts"": 5}"
01:56:27,config_eil51_20260701_012653.json,eil51,Or-opt,1,463.4,"{""max_iterations"": 600, ""max_segment_size"": 1, ""num_starts"": 3}"
01:56:29,config_eil51_20260701_012653.json,eil51,Or-opt,2,470.4,"{""max_iterations"": 1000, ""max_segment_size"": 1, ""num_starts"": 5}"
01:56:33,config_eil51_20260701_012653.json,eil51,Or-opt,3,459.4,"{""max_iterations"": 1000, ""max_segment_size"": 3, ""num_starts"": 3}"
01:56:36,config_eil51_20260701_012653.json,eil51,Or-opt,4,484.0,"{""max_iterations"": 600, ""max_segment_size"": 1, ""num_starts"": 3}"
01:56:39,config_eil51_20260701_012653.json,eil51,Or-opt,5,453.2,"{""max_iterations"": 1000, ""max_segment_size"": 3, ""num_starts"": 3}"
01:56:42,config_eil51_20260701_012653.json,eil51,Or-opt,6,451.6,"{""max_iterations"": 300, ""max_segment_size"": 3, ""num_starts"": 3}"
01:56:46,config_eil51_20260701_012653.json,eil51,Or-opt,7,451.4,"{""max_iterations"": 600, ""max_segment_size"": 3, ""num_starts"": 5}"
01:56:48,config_eil51_20260701_012653.json,eil51,Or-opt,8,463.0,"{""max_iterations"": 1000, ""max_segment_size"": 2, ""num_starts"": 1}"
01:56:51,config_eil51_20260701_012653.json,eil51,Or-opt,9,454.6,"{""max_iterations"": 600, ""max_segment_size"": 2, ""num_starts"": 5}"
01:56:55,config_eil51_20260701_012653.json,eil51,Or-opt,10,455.0,"{""max_iterations"": 300, ""max_segment_size"": 3, ""num_starts"": 3}"
01:57:00,config_eil51_20260701_012653.json,eil51,Or-opt,11,450.4,"{""max_iterations"": 600, ""max_segment_size"": 3, ""num_starts"": 5}"
01:57:04,config_eil51_20260701_012653.json,eil51,Or-opt,12,451.2,"{""max_iterations"": 600, ""max_segment_size"": 3, ""num_starts"": 5}"
01:57:08,config_eil51_20260701_012653.json,eil51,Or-opt,13,449.4,"{""max_iterations"": 600, ""max_segment_size"": 3, ""num_starts"": 5}"
01:57:12,config_eil51_20260701_012653.json,eil51,Or-opt,14,458.8,"{""max_iterations"": 600, ""max_segment_size"": 3, ""num_starts"": 5}"
01:57:15,config_eil51_20260701_012653.json,eil51,Or-opt,15,467.6,"{""max_iterations"": 600, ""max_segment_size"": 3, ""num_starts"": 1}"
01:57:19,config_eil51_20260701_012653.json,eil51,Or-opt,16,458.0,"{""max_iterations"": 600, ""max_segment_size"": 2, ""num_starts"": 5}"
01:57:24,config_eil51_20260701_012653.json,eil51,Or-opt,17,447.8,"{""max_iterations"": 300, ""max_segment_size"": 3, ""num_starts"": 5}"
01:57:27,config_eil51_20260701_012653.json,eil51,Or-opt,18,447.6,"{""max_iterations"": 300, ""max_segment_size"": 3, ""num_starts"": 5}"
01:57:31,config_eil51_20260701_012653.json,eil51,Or-opt,19,448.2,"{""max_iterations"": 300, ""max_segment_size"": 2, ""num_starts"": 1}"
01:57:36,config_eil51_20260701_012653.json,eil51,Or-opt,20,462.6,"{""max_iterations"": 300, ""max_segment_size"": 1, ""num_starts"": 5}"
01:57:40,config_eil51_20260701_012653.json,eil51,Or-opt,21,449.6,"{""max_iterations"": 300, ""max_segment_size"": 3, ""num_starts"": 5}"
01:57:44,config_eil51_20260701_012653.json,eil51,Or-opt,22,474.4,"{""max_iterations"": 300, ""max_segment_size"": 2, ""num_starts"": 1}"
01:57:47,config_eil51_20260701_012653.json,eil51,Or-opt,23,467.6,"{""max_iterations"": 300, ""max_segment_size"": 2, ""num_starts"": 1}"
01:57:51,config_eil51_20260701_012653.json,eil51,Or-opt,24,483.4,"{""max_iterations"": 300, ""max_segment_size"": 2, ""num_starts"": 1}"
01:57:54,config_eil51_20260701_012653.json,eil51,Or-opt,25,475.0,"{""max_iterations"": 300, ""max_segment_size"": 2, ""num_starts"": 1}"
01:57:57,config_eil51_20260701_012653.json,eil51,Or-opt,26,470.8,"{""max_iterations"": 300, ""max_segment_size"": 2, ""num_starts"": 1}"
01:58:00,config_eil51_20260701_012653.json,eil51,Or-opt,27,457.4,"{""max_iterations"": 300, ""max_segment_size"": 3, ""num_starts"": 5}"
01:58:02,config_eil51_20260701_012653.json,eil51,Or-opt,28,483.0,"{""max_iterations"": 300, ""max_segment_size"": 3, ""num_starts"": 1}"
01:58:05,config_eil51_20260701_012653.json,eil51,Or-opt,29,457.4,"{""max_iterations"": 300, ""max_segment_size"": 1, ""num_starts"": 5}"
01:58:07,config_eil51_20260701_012653.json,eil51,Or-opt,30,485.2,"{""max_iterations"": 300, ""max_segment_size"": 2, ""num_starts"": 1}"
01:58:10,config_eil51_20260701_012653.json,eil51,GWO-2opt,1,434.8,"{""pack_size"": 50, ""max_iterations"": 150, ""initial_a"": 2.0, ""exploration_rate"": 0.6, ""max_no_improvement"": 50, ""polish_interval"": 35, ""polish_iters"": 15, ""final_polish_iters"": 300}"
01:58:13,config_eil51_20260701_012653.json,eil51,GWO-2opt,2,436.0,"{""pack_size"": 50, ""max_iterations"": 250, ""initial_a"": 1.0, ""exploration_rate"": 0.4, ""max_no_improvement"": 100, ""polish_interval"": 35, ""polish_iters"": 10, ""final_polish_iters"": 100}"
01:58:17,config_eil51_20260701_012653.json,eil51,GWO-2opt,3,435.4,"{""pack_size"": 70, ""max_iterations"": 250, ""initial_a"": 2.0, ""exploration_rate"": 0.6, ""max_no_improvement"": 100, ""polish_interval"": 35, ""polish_iters"": 10, ""final_polish_iters"": 100}"
01:58:20,config_eil51_20260701_012653.json,eil51,GWO-2opt,4,435.8,"{""pack_size"": 50, ""max_iterations"": 250, ""initial_a"": 3.0, ""exploration_rate"": 0.2, ""max_no_improvement"": 100, ""polish_interval"": 25, ""polish_iters"": 15, ""final_polish_iters"": 200}"
01:58:22,config_eil51_20260701_012653.json,eil51,GWO-2opt,5,436.8,"{""pack_size"": 30, ""max_iterations"": 350, ""initial_a"": 3.0, ""exploration_rate"": 0.6, ""max_no_improvement"": 100, ""polish_interval"": 25, ""polish_iters"": 10, ""final_polish_iters"": 200}"
01:58:26,config_eil51_20260701_012653.json,eil51,GWO-2opt,6,434.6,"{""pack_size"": 50, ""max_iterations"": 350, ""initial_a"": 2.0, ""exploration_rate"": 0.2, ""max_no_improvement"": 100, ""polish_interval"": 35, ""polish_iters"": 10, ""final_polish_iters"": 200}"
01:58:29,config_eil51_20260701_012653.json,eil51,GWO-2opt,7,433.4,"{""pack_size"": 70, ""max_iterations"": 150, ""initial_a"": 1.0, ""exploration_rate"": 0.4, ""max_no_improvement"": 75, ""polish_interval"": 15, ""polish_iters"": 5, ""final_polish_iters"": 100}"
01:58:32,config_eil51_20260701_012653.json,eil51,GWO-2opt,8,433.8,"{""pack_size"": 70, ""max_iterations"": 250, ""initial_a"": 3.0, ""exploration_rate"": 0.4, ""max_no_improvement"": 100, ""polish_interval"": 15, ""polish_iters"": 5, ""final_polish_iters"": 300}"
01:58:34,config_eil51_20260701_012653.json,eil51,GWO-2opt,9,435.8,"{""pack_size"": 30, ""max_iterations"": 350, ""initial_a"": 1.0, ""exploration_rate"": 0.6, ""max_no_improvement"": 50, ""polish_interval"": 15, ""polish_iters"": 10, ""final_polish_iters"": 200}"
01:58:37,config_eil51_20260701_012653.json,eil51,GWO-2opt,10,435.8,"{""pack_size"": 50, ""max_iterations"": 150, ""initial_a"": 2.0, ""exploration_rate"": 0.4, ""max_no_improvement"": 50, ""polish_interval"": 25, ""polish_iters"": 10, ""final_polish_iters"": 200}"
01:58:40,config_eil51_20260701_012653.json,eil51,GWO-2opt,11,432.2,"{""pack_size"": 70, ""max_iterations"": 150, ""initial_a"": 1.0, ""exploration_rate"": 0.4, ""max_no_improvement"": 75, ""polish_interval"": 15, ""polish_iters"": 5, ""final_polish_iters"": 100}"
01:58:43,config_eil51_20260701_012653.json,eil51,GWO-2opt,12,434.0,"{""pack_size"": 70, ""max_iterations"": 150, ""initial_a"": 1.0, ""exploration_rate"": 0.4, ""max_no_improvement"": 75, ""polish_interval"": 15, ""polish_iters"": 5, ""final_polish_iters"": 100}"
01:58:46,config_eil51_20260701_012653.json,eil51,GWO-2opt,13,436.2,"{""pack_size"": 70, ""max_iterations"": 150, ""initial_a"": 1.0, ""exploration_rate"": 0.4, ""max_no_improvement"": 75, ""polish_interval"": 15, ""polish_iters"": 5, ""final_polish_iters"": 100}"
01:58:49,config_eil51_20260701_012653.json,eil51,GWO-2opt,14,436.2,"{""pack_size"": 70, ""max_iterations"": 150, ""initial_a"": 1.0, ""exploration_rate"": 0.4, ""max_no_improvement"": 75, ""polish_interval"": 15, ""polish_iters"": 5, ""final_polish_iters"": 100}"
01:58:52,config_eil51_20260701_012653.json,eil51,GWO-2opt,15,435.2,"{""pack_size"": 70, ""max_iterations"": 150, ""initial_a"": 1.0, ""exploration_rate"": 0.4, ""max_no_improvement"": 75, ""polish_interval"": 15, ""polish_iters"": 5, ""final_polish_iters"": 100}"
01:58:56,config_eil51_20260701_012653.json,eil51,GWO-2opt,16,435.4,"{""pack_size"": 70, ""max_iterations"": 150, ""initial_a"": 1.0, ""exploration_rate"": 0.4, ""max_no_improvement"": 75, ""polish_interval"": 15, ""polish_iters"": 5, ""final_polish_iters"": 100}"
01:58:58,config_eil51_20260701_012653.json,eil51,GWO-2opt,17,436.6,"{""pack_size"": 30, ""max_iterations"": 150, ""initial_a"": 1.0, ""exploration_rate"": 0.2, ""max_no_improvement"": 75, ""polish_interval"": 15, ""polish_iters"": 5, ""final_polish_iters"": 100}"
01:59:01,config_eil51_20260701_012653.json,eil51,GWO-2opt,18,434.0,"{""pack_size"": 70, ""max_iterations"": 150, ""initial_a"": 1.0, ""exploration_rate"": 0.4, ""max_no_improvement"": 75, ""polish_interval"": 15, ""polish_iters"": 5, ""final_polish_iters"": 300}"
01:59:05,config_eil51_20260701_012653.json,eil51,GWO-2opt,19,436.2,"{""pack_size"": 70, ""max_iterations"": 150, ""initial_a"": 1.0, ""exploration_rate"": 0.4, ""max_no_improvement"": 75, ""polish_interval"": 15, ""polish_iters"": 15, ""final_polish_iters"": 100}"
01:59:08,config_eil51_20260701_012653.json,eil51,GWO-2opt,20,433.0,"{""pack_size"": 70, ""max_iterations"": 350, ""initial_a"": 3.0, ""exploration_rate"": 0.2, ""max_no_improvement"": 75, ""polish_interval"": 25, ""polish_iters"": 5, ""final_polish_iters"": 100}"
01:59:11,config_eil51_20260701_012653.json,eil51,GWO-2opt,21,433.8,"{""pack_size"": 30, ""max_iterations"": 350, ""initial_a"": 3.0, ""exploration_rate"": 0.2, ""max_no_improvement"": 75, ""polish_interval"": 25, ""polish_iters"": 5, ""final_polish_iters"": 300}"
01:59:15,config_eil51_20260701_012653.json,eil51,GWO-2opt,22,435.0,"{""pack_size"": 70, ""max_iterations"": 350, ""initial_a"": 3.0, ""exploration_rate"": 0.2, ""max_no_improvement"": 75, ""polish_interval"": 25, ""polish_iters"": 5, ""final_polish_iters"": 100}"
01:59:18,config_eil51_20260701_012653.json,eil51,GWO-2opt,23,434.2,"{""pack_size"": 70, ""max_iterations"": 350, ""initial_a"": 3.0, ""exploration_rate"": 0.2, ""max_no_improvement"": 75, ""polish_interval"": 25, ""polish_iters"": 5, ""final_polish_iters"": 100}"
01:59:21,config_eil51_20260701_012653.json,eil51,GWO-2opt,24,433.8,"{""pack_size"": 70, ""max_iterations"": 350, ""initial_a"": 3.0, ""exploration_rate"": 0.2, ""max_no_improvement"": 75, ""polish_interval"": 25, ""polish_iters"": 5, ""final_polish_iters"": 100}"
01:59:24,config_eil51_20260701_012653.json,eil51,GWO-2opt,25,435.8,"{""pack_size"": 70, ""max_iterations"": 150, ""initial_a"": 1.0, ""exploration_rate"": 0.4, ""max_no_improvement"": 75, ""polish_interval"": 15, ""polish_iters"": 5, ""final_polish_iters"": 100}"
01:59:27,config_eil51_20260701_012653.json,eil51,GWO-2opt,26,434.8,"{""pack_size"": 70, ""max_iterations"": 350, ""initial_a"": 3.0, ""exploration_rate"": 0.2, ""max_no_improvement"": 50, ""polish_interval"": 25, ""polish_iters"": 15, ""final_polish_iters"": 100}"
01:59:30,config_eil51_20260701_012653.json,eil51,GWO-2opt,27,437.0,"{""pack_size"": 70, ""max_iterations"": 150, ""initial_a"": 1.0, ""exploration_rate"": 0.4, ""max_no_improvement"": 75, ""polish_interval"": 15, ""polish_iters"": 5, ""final_polish_iters"": 100}"
01:59:32,config_eil51_20260701_012653.json,eil51,GWO-2opt,28,434.8,"{""pack_size"": 70, ""max_iterations"": 250, ""initial_a"": 1.0, ""exploration_rate"": 0.4, ""max_no_improvement"": 75, ""polish_interval"": 25, ""polish_iters"": 5, ""final_polish_iters"": 100}"
01:59:35,config_eil51_20260701_012653.json,eil51,GWO-2opt,29,438.2,"{""pack_size"": 30, ""max_iterations"": 350, ""initial_a"": 2.0, ""exploration_rate"": 0.6, ""max_no_improvement"": 75, ""polish_interval"": 35, ""polish_iters"": 5, ""final_polish_iters"": 300}"
01:59:38,config_eil51_20260701_012653.json,eil51,GWO-2opt,30,435.0,"{""pack_size"": 70, ""max_iterations"": 150, ""initial_a"": 3.0, ""exploration_rate"": 0.2, ""max_no_improvement"": 50, ""polish_interval"": 15, ""polish_iters"": 15, ""final_polish_iters"": 100}"
01:59:41,config_eil51_20260701_012653.json,eil51,GWO-Pure,1,841.6,"{""pack_size"": 50, ""max_iterations"": 150, ""initial_a"": 2.0, ""exploration_rate"": 0.6, ""max_no_improvement"": 50}"
01:59:46,config_eil51_20260701_012653.json,eil51,GWO-Pure,2,1044.0,"{""pack_size"": 70, ""max_iterations"": 350, ""initial_a"": 3.0, ""exploration_rate"": 0.4, ""max_no_improvement"": 75}"
01:59:50,config_eil51_20260701_012653.json,eil51,GWO-Pure,3,1019.8,"{""pack_size"": 30, ""max_iterations"": 250, ""initial_a"": 3.0, ""exploration_rate"": 0.6, ""max_no_improvement"": 75}"
01:59:53,config_eil51_20260701_012653.json,eil51,GWO-Pure,4,999.4,"{""pack_size"": 30, ""max_iterations"": 350, ""initial_a"": 2.0, ""exploration_rate"": 0.4, ""max_no_improvement"": 100}"
01:59:58,config_eil51_20260701_012653.json,eil51,GWO-Pure,5,748.8,"{""pack_size"": 70, ""max_iterations"": 350, ""initial_a"": 2.0, ""exploration_rate"": 0.2, ""max_no_improvement"": 75}"
02:00:03,config_eil51_20260701_012653.json,eil51,GWO-Pure,6,983.0,"{""pack_size"": 50, ""max_iterations"": 350, ""initial_a"": 1.0, ""exploration_rate"": 0.6, ""max_no_improvement"": 75}"
02:00:07,config_eil51_20260701_012653.json,eil51,GWO-Pure,7,1107.4,"{""pack_size"": 70, ""max_iterations"": 250, ""initial_a"": 1.0, ""exploration_rate"": 0.6, ""max_no_improvement"": 100}"
02:00:12,config_eil51_20260701_012653.json,eil51,GWO-Pure,8,789.0,"{""pack_size"": 70, ""max_iterations"": 350, ""initial_a"": 2.0, ""exploration_rate"": 0.4, ""max_no_improvement"": 75}"
02:00:16,config_eil51_20260701_012653.json,eil51,GWO-Pure,9,762.2,"{""pack_size"": 50, ""max_iterations"": 350, ""initial_a"": 2.0, ""exploration_rate"": 0.2, ""max_no_improvement"": 100}"
02:00:20,config_eil51_20260701_012653.json,eil51,GWO-Pure,10,954.2,"{""pack_size"": 70, ""max_iterations"": 250, ""initial_a"": 2.0, ""exploration_rate"": 0.6, ""max_no_improvement"": 50}"
02:00:23,config_eil51_20260701_012653.json,eil51,GWO-Pure,11,912.8,"{""pack_size"": 70, ""max_iterations"": 150, ""initial_a"": 1.0, ""exploration_rate"": 0.2, ""max_no_improvement"": 75}"
02:00:28,config_eil51_20260701_012653.json,eil51,GWO-Pure,12,789.4,"{""pack_size"": 50, ""max_iterations"": 350, ""initial_a"": 2.0, ""exploration_rate"": 0.2, ""max_no_improvement"": 100}"
02:00:32,config_eil51_20260701_012653.json,eil51,GWO-Pure,13,912.2,"{""pack_size"": 50, ""max_iterations"": 350, ""initial_a"": 2.0, ""exploration_rate"": 0.2, ""max_no_improvement"": 100}"
02:00:37,config_eil51_20260701_012653.json,eil51,GWO-Pure,14,866.4,"{""pack_size"": 50, ""max_iterations"": 350, ""initial_a"": 2.0, ""exploration_rate"": 0.2, ""max_no_improvement"": 100}"
02:00:39,config_eil51_20260701_012653.json,eil51,GWO-Pure,15,1256.0,"{""pack_size"": 30, ""max_iterations"": 350, ""initial_a"": 3.0, ""exploration_rate"": 0.2, ""max_no_improvement"": 50}"
02:00:42,config_eil51_20260701_012653.json,eil51,GWO-Pure,16,909.4,"{""pack_size"": 70, ""max_iterations"": 150, ""initial_a"": 2.0, ""exploration_rate"": 0.2, ""max_no_improvement"": 75}"
02:00:46,config_eil51_20260701_012653.json,eil51,GWO-Pure,17,763.4,"{""pack_size"": 50, ""max_iterations"": 350, ""initial_a"": 2.0, ""exploration_rate"": 0.2, ""max_no_improvement"": 100}"
02:00:50,config_eil51_20260701_012653.json,eil51,GWO-Pure,18,923.8,"{""pack_size"": 50, ""max_iterations"": 350, ""initial_a"": 2.0, ""exploration_rate"": 0.2, ""max_no_improvement"": 100}"
02:00:53,config_eil51_20260701_012653.json,eil51,GWO-Pure,19,1006.6,"{""pack_size"": 70, ""max_iterations"": 150, ""initial_a"": 3.0, ""exploration_rate"": 0.2, ""max_no_improvement"": 75}"
02:00:56,config_eil51_20260701_012653.json,eil51,GWO-Pure,20,1003.6,"{""pack_size"": 30, ""max_iterations"": 250, ""initial_a"": 1.0, ""exploration_rate"": 0.2, ""max_no_improvement"": 50}"
02:01:01,config_eil51_20260701_012653.json,eil51,GWO-Pure,21,966.6,"{""pack_size"": 70, ""max_iterations"": 350, ""initial_a"": 2.0, ""exploration_rate"": 0.4, ""max_no_improvement"": 100}"
02:01:05,config_eil51_20260701_012653.json,eil51,GWO-Pure,22,800.2,"{""pack_size"": 50, ""max_iterations"": 350, ""initial_a"": 2.0, ""exploration_rate"": 0.2, ""max_no_improvement"": 100}"
02:01:08,config_eil51_20260701_012653.json,eil51,GWO-Pure,23,861.2,"{""pack_size"": 50, ""max_iterations"": 350, ""initial_a"": 2.0, ""exploration_rate"": 0.2, ""max_no_improvement"": 100}"
02:01:12,config_eil51_20260701_012653.json,eil51,GWO-Pure,24,777.2,"{""pack_size"": 50, ""max_iterations"": 350, ""initial_a"": 2.0, ""exploration_rate"": 0.2, ""max_no_improvement"": 100}"
02:01:16,config_eil51_20260701_012653.json,eil51,GWO-Pure,25,905.0,"{""pack_size"": 50, ""max_iterations"": 350, ""initial_a"": 2.0, ""exploration_rate"": 0.2, ""max_no_improvement"": 100}"
02:01:20,config_eil51_20260701_012653.json,eil51,GWO-Pure,26,785.6,"{""pack_size"": 50, ""max_iterations"": 350, ""initial_a"": 2.0, ""exploration_rate"": 0.2, ""max_no_improvement"": 75}"
02:01:24,config_eil51_20260701_012653.json,eil51,GWO-Pure,27,752.0,"{""pack_size"": 50, ""max_iterations"": 350, ""initial_a"": 2.0, ""exploration_rate"": 0.2, ""max_no_improvement"": 100}"
02:01:28,config_eil51_20260701_012653.json,eil51,GWO-Pure,28,1022.8,"{""pack_size"": 50, ""max_iterations"": 350, ""initial_a"": 2.0, ""exploration_rate"": 0.2, ""max_no_improvement"": 100}"
02:01:30,config_eil51_20260701_012653.json,eil51,GWO-Pure,29,1247.8,"{""pack_size"": 30, ""max_iterations"": 150, ""initial_a"": 3.0, ""exploration_rate"": 0.4, ""max_no_improvement"": 50}"
02:01:34,config_eil51_20260701_012653.json,eil51,GWO-Pure,30,1034.0,"{""pack_size"": 70, ""max_iterations"": 250, ""initial_a"": 1.0, ""exploration_rate"": 0.2, ""max_no_improvement"": 75}"
02:01:37,config_eil51_20260701_012653.json,eil51,HHO-2opt,1,434.8,"{""hawks"": 50, ""max_iterations"": 150, ""initial_energy"": 1.0, ""jump_probability"": 0.7, ""max_no_improvement"": 50, ""dive_count"": 5, ""levy_scale"": 0.5, ""polish_interval"": 35, ""polish_iters"": 10, ""final_polish_iters"": 200}"
02:01:39,config_eil51_20260701_012653.json,eil51,HHO-2opt,2,436.0,"{""hawks"": 30, ""max_iterations"": 250, ""initial_energy"": 1.5, ""jump_probability"": 0.7, ""max_no_improvement"": 75, ""dive_count"": 2, ""levy_scale"": 0.5, ""polish_interval"": 25, ""polish_iters"": 10, ""final_polish_iters"": 300}"
02:01:42,config_eil51_20260701_012653.json,eil51,HHO-2opt,3,435.4,"{""hawks"": 70, ""max_iterations"": 350, ""initial_energy"": 1.0, ""jump_probability"": 0.3, ""max_no_improvement"": 75, ""dive_count"": 3, ""levy_scale"": 0.5, ""polish_interval"": 15, ""polish_iters"": 15, ""final_polish_iters"": 200}"
02:01:44,config_eil51_20260701_012653.json,eil51,HHO-2opt,4,435.4,"{""hawks"": 70, ""max_iterations"": 250, ""initial_energy"": 0.5, ""jump_probability"": 0.7, ""max_no_improvement"": 100, ""dive_count"": 5, ""levy_scale"": 0.5, ""polish_interval"": 25, ""polish_iters"": 10, ""final_polish_iters"": 200}"
02:01:47,config_eil51_20260701_012653.json,eil51,HHO-2opt,5,435.8,"{""hawks"": 50, ""max_iterations"": 350, ""initial_energy"": 1.0, ""jump_probability"": 0.3, ""max_no_improvement"": 100, ""dive_count"": 5, ""levy_scale"": 0.3, ""polish_interval"": 25, ""polish_iters"": 15, ""final_polish_iters"": 100}"
02:01:50,config_eil51_20260701_012653.json,eil51,HHO-2opt,6,436.4,"{""hawks"": 30, ""max_iterations"": 250, ""initial_energy"": 1.0, ""jump_probability"": 0.3, ""max_no_improvement"": 50, ""dive_count"": 2, ""levy_scale"": 0.5, ""polish_interval"": 25, ""polish_iters"": 15, ""final_polish_iters"": 200}"
02:01:52,config_eil51_20260701_012653.json,eil51,HHO-2opt,7,433.4,"{""hawks"": 70, ""max_iterations"": 150, ""initial_energy"": 0.5, ""jump_probability"": 0.7, ""max_no_improvement"": 50, ""dive_count"": 5, ""levy_scale"": 0.2, ""polish_interval"": 35, ""polish_iters"": 5, ""final_polish_iters"": 100}"
02:01:55,config_eil51_20260701_012653.json,eil51,HHO-2opt,8,433.8,"{""hawks"": 50, ""max_iterations"": 250, ""initial_energy"": 1.0, ""jump_probability"": 0.3, ""max_no_improvement"": 75, ""dive_count"": 3, ""levy_scale"": 0.2, ""polish_interval"": 25, ""polish_iters"": 10, ""final_polish_iters"": 200}"
02:01:57,config_eil51_20260701_012653.json,eil51,HHO-2opt,9,435.6,"{""hawks"": 50, ""max_iterations"": 350, ""initial_energy"": 1.0, ""jump_probability"": 0.3, ""max_no_improvement"": 50, ""dive_count"": 3, ""levy_scale"": 0.5, ""polish_interval"": 15, ""polish_iters"": 5, ""final_polish_iters"": 100}"
02:02:00,config_eil51_20260701_012653.json,eil51,HHO-2opt,10,435.8,"{""hawks"": 70, ""max_iterations"": 150, ""initial_energy"": 0.5, ""jump_probability"": 0.5, ""max_no_improvement"": 100, ""dive_count"": 5, ""levy_scale"": 0.3, ""polish_interval"": 25, ""polish_iters"": 15, ""final_polish_iters"": 200}"
02:02:02,config_eil51_20260701_012653.json,eil51,HHO-2opt,11,432.2,"{""hawks"": 70, ""max_iterations"": 150, ""initial_energy"": 0.5, ""jump_probability"": 0.5, ""max_no_improvement"": 50, ""dive_count"": 5, ""levy_scale"": 0.2, ""polish_interval"": 35, ""polish_iters"": 5, ""final_polish_iters"": 100}"
02:02:05,config_eil51_20260701_012653.json,eil51,HHO-2opt,12,434.0,"{""hawks"": 70, ""max_iterations"": 150, ""initial_energy"": 0.5, ""jump_probability"": 0.5, ""max_no_improvement"": 50, ""dive_count"": 5, ""levy_scale"": 0.2, ""polish_interval"": 35, ""polish_iters"": 5, ""final_polish_iters"": 100}"
02:02:07,config_eil51_20260701_012653.json,eil51,HHO-2opt,13,436.2,"{""hawks"": 70, ""max_iterations"": 150, ""initial_energy"": 0.5, ""jump_probability"": 0.5, ""max_no_improvement"": 50, ""dive_count"": 5, ""levy_scale"": 0.2, ""polish_interval"": 35, ""polish_iters"": 5, ""final_polish_iters"": 100}"
02:02:10,config_eil51_20260701_012653.json,eil51,HHO-2opt,14,436.2,"{""hawks"": 70, ""max_iterations"": 150, ""initial_energy"": 0.5, ""jump_probability"": 0.7, ""max_no_improvement"": 50, ""dive_count"": 5, ""levy_scale"": 0.2, ""polish_interval"": 35, ""polish_iters"": 5, ""final_polish_iters"": 100}"
02:02:12,config_eil51_20260701_012653.json,eil51,HHO-2opt,15,435.2,"{""hawks"": 70, ""max_iterations"": 150, ""initial_energy"": 1.5, ""jump_probability"": 0.5, ""max_no_improvement"": 50, ""dive_count"": 5, ""levy_scale"": 0.2, ""polish_interval"": 35, ""polish_iters"": 5, ""final_polish_iters"": 300}"
02:02:15,config_eil51_20260701_012653.json,eil51,HHO-2opt,16,435.4,"{""hawks"": 70, ""max_iterations"": 150, ""initial_energy"": 0.5, ""jump_probability"": 0.7, ""max_no_improvement"": 50, ""dive_count"": 2, ""levy_scale"": 0.2, ""polish_interval"": 35, ""polish_iters"": 5, ""final_polish_iters"": 100}"
02:02:18,config_eil51_20260701_012653.json,eil51,HHO-2opt,17,436.6,"{""hawks"": 30, ""max_iterations"": 150, ""initial_energy"": 0.5, ""jump_probability"": 0.5, ""max_no_improvement"": 50, ""dive_count"": 5, ""levy_scale"": 0.2, ""polish_interval"": 35, ""polish_iters"": 5, ""final_polish_iters"": 100}"
02:02:20,config_eil51_20260701_012653.json,eil51,HHO-2opt,18,434.0,"{""hawks"": 70, ""max_iterations"": 150, ""initial_energy"": 0.5, ""jump_probability"": 0.7, ""max_no_improvement"": 50, ""dive_count"": 5, ""levy_scale"": 0.2, ""polish_interval"": 35, ""polish_iters"": 5, ""final_polish_iters"": 100}"
02:02:23,config_eil51_20260701_012653.json,eil51,HHO-2opt,19,436.2,"{""hawks"": 70, ""max_iterations"": 150, ""initial_energy"": 1.5, ""jump_probability"": 0.5, ""max_no_improvement"": 75, ""dive_count"": 2, ""levy_scale"": 0.3, ""polish_interval"": 15, ""polish_iters"": 5, ""final_polish_iters"": 300}"
02:02:25,config_eil51_20260701_012653.json,eil51,HHO-2opt,20,435.4,"{""hawks"": 30, ""max_iterations"": 350, ""initial_energy"": 0.5, ""jump_probability"": 0.7, ""max_no_improvement"": 100, ""dive_count"": 3, ""levy_scale"": 0.2, ""polish_interval"": 35, ""polish_iters"": 5, ""final_polish_iters"": 100}"
02:02:28,config_eil51_20260701_012653.json,eil51,HHO-2opt,21,432.0,"{""hawks"": 70, ""max_iterations"": 150, ""initial_energy"": 0.5, ""jump_probability"": 0.5, ""max_no_improvement"": 50, ""dive_count"": 5, ""levy_scale"": 0.2, ""polish_interval"": 35, ""polish_iters"": 5, ""final_polish_iters"": 100}"
02:02:30,config_eil51_20260701_012653.json,eil51,HHO-2opt,22,435.0,"{""hawks"": 70, ""max_iterations"": 150, ""initial_energy"": 0.5, ""jump_probability"": 0.5, ""max_no_improvement"": 50, ""dive_count"": 5, ""levy_scale"": 0.2, ""polish_interval"": 35, ""polish_iters"": 5, ""final_polish_iters"": 100}"
02:02:33,config_eil51_20260701_012653.json,eil51,HHO-2opt,23,434.2,"{""hawks"": 70, ""max_iterations"": 150, ""initial_energy"": 0.5, ""jump_probability"": 0.5, ""max_no_improvement"": 50, ""dive_count"": 5, ""levy_scale"": 0.2, ""polish_interval"": 35, ""polish_iters"": 5, ""final_polish_iters"": 100}"
02:02:35,config_eil51_20260701_012653.json,eil51,HHO-2opt,24,433.8,"{""hawks"": 70, ""max_iterations"": 150, ""initial_energy"": 0.5, ""jump_probability"": 0.5, ""max_no_improvement"": 50, ""dive_count"": 5, ""levy_scale"": 0.2, ""polish_interval"": 35, ""polish_iters"": 5, ""final_polish_iters"": 100}"
02:02:38,config_eil51_20260701_012653.json,eil51,HHO-2opt,25,435.8,"{""hawks"": 70, ""max_iterations"": 150, ""initial_energy"": 0.5, ""jump_probability"": 0.5, ""max_no_improvement"": 50, ""dive_count"": 5, ""levy_scale"": 0.2, ""polish_interval"": 35, ""polish_iters"": 5, ""final_polish_iters"": 100}"
02:02:40,config_eil51_20260701_012653.json,eil51,HHO-2opt,26,434.8,"{""hawks"": 70, ""max_iterations"": 150, ""initial_energy"": 1.5, ""jump_probability"": 0.5, ""max_no_improvement"": 50, ""dive_count"": 5, ""levy_scale"": 0.3, ""polish_interval"": 15, ""polish_iters"": 5, ""final_polish_iters"": 300}"
02:02:43,config_eil51_20260701_012653.json,eil51,HHO-2opt,27,437.0,"{""hawks"": 70, ""max_iterations"": 150, ""initial_energy"": 0.5, ""jump_probability"": 0.7, ""max_no_improvement"": 50, ""dive_count"": 5, ""levy_scale"": 0.2, ""polish_interval"": 35, ""polish_iters"": 5, ""final_polish_iters"": 100}"
02:02:45,config_eil51_20260701_012653.json,eil51,HHO-2opt,28,434.8,"{""hawks"": 70, ""max_iterations"": 150, ""initial_energy"": 0.5, ""jump_probability"": 0.5, ""max_no_improvement"": 50, ""dive_count"": 5, ""levy_scale"": 0.2, ""polish_interval"": 35, ""polish_iters"": 5, ""final_polish_iters"": 100}"
02:02:48,config_eil51_20260701_012653.json,eil51,HHO-2opt,29,436.0,"{""hawks"": 50, ""max_iterations"": 350, ""initial_energy"": 0.5, ""jump_probability"": 0.5, ""max_no_improvement"": 75, ""dive_count"": 3, ""levy_scale"": 0.2, ""polish_interval"": 35, ""polish_iters"": 15, ""final_polish_iters"": 100}"
02:02:50,config_eil51_20260701_012653.json,eil51,HHO-2opt,30,437.2,"{""hawks"": 30, ""max_iterations"": 250, ""initial_energy"": 1.5, ""jump_probability"": 0.7, ""max_no_improvement"": 100, ""dive_count"": 2, ""levy_scale"": 0.3, ""polish_interval"": 35, ""polish_iters"": 10, ""final_polish_iters"": 300}"
02:02:53,config_eil51_20260701_012653.json,eil51,HHO-Pure,1,1168.4,"{""hawks"": 50, ""max_iterations"": 150, ""initial_energy"": 1.0, ""jump_probability"": 0.7, ""max_no_improvement"": 50, ""dive_count"": 5, ""levy_scale"": 0.5}"
02:02:56,config_eil51_20260701_012653.json,eil51,HHO-Pure,2,1114.4,"{""hawks"": 70, ""max_iterations"": 250, ""initial_energy"": 1.0, ""jump_probability"": 0.3, ""max_no_improvement"": 75, ""dive_count"": 5, ""levy_scale"": 0.5}"
02:02:59,config_eil51_20260701_012653.json,eil51,HHO-Pure,3,1141.4,"{""hawks"": 50, ""max_iterations"": 150, ""initial_energy"": 1.5, ""jump_probability"": 0.5, ""max_no_improvement"": 75, ""dive_count"": 5, ""levy_scale"": 0.5}"
02:03:02,config_eil51_20260701_012653.json,eil51,HHO-Pure,4,1134.8,"{""hawks"": 70, ""max_iterations"": 250, ""initial_energy"": 0.5, ""jump_probability"": 0.5, ""max_no_improvement"": 75, ""dive_count"": 5, ""levy_scale"": 0.2}"
02:03:05,config_eil51_20260701_012653.json,eil51,HHO-Pure,5,1154.8,"{""hawks"": 70, ""max_iterations"": 250, ""initial_energy"": 1.5, ""jump_probability"": 0.5, ""max_no_improvement"": 50, ""dive_count"": 5, ""levy_scale"": 0.5}"
02:03:09,config_eil51_20260701_012653.json,eil51,HHO-Pure,6,1202.6,"{""hawks"": 70, ""max_iterations"": 350, ""initial_energy"": 1.0, ""jump_probability"": 0.5, ""max_no_improvement"": 75, ""dive_count"": 3, ""levy_scale"": 0.5}"
02:03:12,config_eil51_20260701_012653.json,eil51,HHO-Pure,7,1172.6,"{""hawks"": 50, ""max_iterations"": 150, ""initial_energy"": 1.5, ""jump_probability"": 0.7, ""max_no_improvement"": 75, ""dive_count"": 3, ""levy_scale"": 0.5}"
02:03:15,config_eil51_20260701_012653.json,eil51,HHO-Pure,8,1143.2,"{""hawks"": 30, ""max_iterations"": 150, ""initial_energy"": 1.0, ""jump_probability"": 0.5, ""max_no_improvement"": 50, ""dive_count"": 2, ""levy_scale"": 0.2}"
02:03:18,config_eil51_20260701_012653.json,eil51,HHO-Pure,9,1126.0,"{""hawks"": 70, ""max_iterations"": 250, ""initial_energy"": 1.5, ""jump_probability"": 0.5, ""max_no_improvement"": 100, ""dive_count"": 2, ""levy_scale"": 0.2}"
02:03:22,config_eil51_20260701_012653.json,eil51,HHO-Pure,10,1085.2,"{""hawks"": 70, ""max_iterations"": 150, ""initial_energy"": 1.5, ""jump_probability"": 0.3, ""max_no_improvement"": 100, ""dive_count"": 2, ""levy_scale"": 0.2}"
02:03:25,config_eil51_20260701_012653.json,eil51,HHO-Pure,11,1136.0,"{""hawks"": 30, ""max_iterations"": 350, ""initial_energy"": 0.5, ""jump_probability"": 0.3, ""max_no_improvement"": 100, ""dive_count"": 2, ""levy_scale"": 0.3}"
02:03:29,config_eil51_20260701_012653.json,eil51,HHO-Pure,12,1074.2,"{""hawks"": 70, ""max_iterations"": 250, ""initial_energy"": 1.0, ""jump_probability"": 0.3, ""max_no_improvement"": 100, ""dive_count"": 2, ""levy_scale"": 0.3}"
02:03:33,config_eil51_20260701_012653.json,eil51,HHO-Pure,13,1089.4,"{""hawks"": 70, ""max_iterations"": 150, ""initial_energy"": 1.5, ""jump_probability"": 0.3, ""max_no_improvement"": 100, ""dive_count"": 2, ""levy_scale"": 0.3}"
02:03:37,config_eil51_20260701_012653.json,eil51,HHO-Pure,14,1075.8,"{""hawks"": 70, ""max_iterations"": 250, ""initial_energy"": 1.0, ""jump_probability"": 0.3, ""max_no_improvement"": 100, ""dive_count"": 2, ""levy_scale"": 0.3}"
02:03:42,config_eil51_20260701_012653.json,eil51,HHO-Pure,15,1155.8,"{""hawks"": 70, ""max_iterations"": 250, ""initial_energy"": 1.0, ""jump_probability"": 0.3, ""max_no_improvement"": 100, ""dive_count"": 2, ""levy_scale"": 0.3}"
02:03:44,config_eil51_20260701_012653.json,eil51,HHO-Pure,16,1152.4,"{""hawks"": 30, ""max_iterations"": 250, ""initial_energy"": 1.0, ""jump_probability"": 0.3, ""max_no_improvement"": 100, ""dive_count"": 2, ""levy_scale"": 0.3}"
02:03:49,config_eil51_20260701_012653.json,eil51,HHO-Pure,17,1028.2,"{""hawks"": 70, ""max_iterations"": 250, ""initial_energy"": 1.0, ""jump_probability"": 0.3, ""max_no_improvement"": 100, ""dive_count"": 2, ""levy_scale"": 0.3}"
02:03:53,config_eil51_20260701_012653.json,eil51,HHO-Pure,18,1126.0,"{""hawks"": 70, ""max_iterations"": 250, ""initial_energy"": 1.0, ""jump_probability"": 0.3, ""max_no_improvement"": 100, ""dive_count"": 3, ""levy_scale"": 0.3}"
02:03:56,config_eil51_20260701_012653.json,eil51,HHO-Pure,19,1100.2,"{""hawks"": 30, ""max_iterations"": 350, ""initial_energy"": 0.5, ""jump_probability"": 0.7, ""max_no_improvement"": 100, ""dive_count"": 2, ""levy_scale"": 0.3}"
02:04:00,config_eil51_20260701_012653.json,eil51,HHO-Pure,20,1221.6,"{""hawks"": 50, ""max_iterations"": 250, ""initial_energy"": 1.0, ""jump_probability"": 0.3, ""max_no_improvement"": 100, ""dive_count"": 2, ""levy_scale"": 0.3}"
02:04:03,config_eil51_20260701_012653.json,eil51,HHO-Pure,21,1193.4,"{""hawks"": 70, ""max_iterations"": 250, ""initial_energy"": 1.0, ""jump_probability"": 0.3, ""max_no_improvement"": 50, ""dive_count"": 3, ""levy_scale"": 0.3}"
02:04:08,config_eil51_20260701_012653.json,eil51,HHO-Pure,22,1135.0,"{""hawks"": 70, ""max_iterations"": 250, ""initial_energy"": 1.0, ""jump_probability"": 0.3, ""max_no_improvement"": 100, ""dive_count"": 2, ""levy_scale"": 0.3}"
02:04:11,config_eil51_20260701_012653.json,eil51,HHO-Pure,23,1140.2,"{""hawks"": 70, ""max_iterations"": 250, ""initial_energy"": 1.0, ""jump_probability"": 0.3, ""max_no_improvement"": 100, ""dive_count"": 2, ""levy_scale"": 0.3}"
02:04:15,config_eil51_20260701_012653.json,eil51,HHO-Pure,24,1076.0,"{""hawks"": 70, ""max_iterations"": 250, ""initial_energy"": 1.0, ""jump_probability"": 0.3, ""max_no_improvement"": 100, ""dive_count"": 2, ""levy_scale"": 0.3}"
02:04:19,config_eil51_20260701_012653.json,eil51,HHO-Pure,25,1138.6,"{""hawks"": 70, ""max_iterations"": 250, ""initial_energy"": 1.0, ""jump_probability"": 0.3, ""max_no_improvement"": 100, ""dive_count"": 2, ""levy_scale"": 0.3}"
02:04:23,config_eil51_20260701_012653.json,eil51,HHO-Pure,26,1085.8,"{""hawks"": 70, ""max_iterations"": 350, ""initial_energy"": 0.5, ""jump_probability"": 0.7, ""max_no_improvement"": 100, ""dive_count"": 2, ""levy_scale"": 0.3}"
02:04:27,config_eil51_20260701_012653.json,eil51,HHO-Pure,27,1156.0,"{""hawks"": 70, ""max_iterations"": 250, ""initial_energy"": 1.0, ""jump_probability"": 0.3, ""max_no_improvement"": 100, ""dive_count"": 2, ""levy_scale"": 0.3}"
02:04:30,config_eil51_20260701_012653.json,eil51,HHO-Pure,28,1130.0,"{""hawks"": 70, ""max_iterations"": 250, ""initial_energy"": 1.0, ""jump_probability"": 0.3, ""max_no_improvement"": 100, ""dive_count"": 2, ""levy_scale"": 0.3}"
02:04:33,config_eil51_20260701_012653.json,eil51,HHO-Pure,29,1243.8,"{""hawks"": 30, ""max_iterations"": 250, ""initial_energy"": 1.0, ""jump_probability"": 0.3, ""max_no_improvement"": 50, ""dive_count"": 3, ""levy_scale"": 0.3}"
02:04:36,config_eil51_20260701_012653.json,eil51,HHO-Pure,30,1040.2,"{""hawks"": 50, ""max_iterations"": 350, ""initial_energy"": 1.0, ""jump_probability"": 0.7, ""max_no_improvement"": 100, ""dive_count"": 2, ""levy_scale"": 0.2}"
02:04:41,config_eil51_20260701_012653.json,eil51,GWO-LKH,1,435.4,"{""pack_size"": 50, ""max_iterations"": 150, ""initial_a"": 2.0, ""exploration_rate"": 0.6, ""max_no_improvement"": 50, ""polish_interval"": 35, ""polish_iters"": 15, ""final_polish_iters"": 300}"
02:04:45,config_eil51_20260701_012653.json,eil51,GWO-LKH,2,438.0,"{""pack_size"": 50, ""max_iterations"": 250, ""initial_a"": 1.0, ""exploration_rate"": 0.4, ""max_no_improvement"": 100, ""polish_interval"": 35, ""polish_iters"": 10, ""final_polish_iters"": 100}"
02:04:51,config_eil51_20260701_012653.json,eil51,GWO-LKH,3,439.4,"{""pack_size"": 70, ""max_iterations"": 250, ""initial_a"": 2.0, ""exploration_rate"": 0.6, ""max_no_improvement"": 100, ""polish_interval"": 35, ""polish_iters"": 10, ""final_polish_iters"": 100}"
02:04:56,config_eil51_20260701_012653.json,eil51,GWO-LKH,4,440.0,"{""pack_size"": 50, ""max_iterations"": 250, ""initial_a"": 3.0, ""exploration_rate"": 0.2, ""max_no_improvement"": 100, ""polish_interval"": 25, ""polish_iters"": 15, ""final_polish_iters"": 200}"
02:05:00,config_eil51_20260701_012653.json,eil51,GWO-LKH,5,443.6,"{""pack_size"": 30, ""max_iterations"": 350, ""initial_a"": 3.0, ""exploration_rate"": 0.6, ""max_no_improvement"": 100, ""polish_interval"": 25, ""polish_iters"": 10, ""final_polish_iters"": 200}"
02:05:05,config_eil51_20260701_012653.json,eil51,GWO-LKH,6,439.0,"{""pack_size"": 50, ""max_iterations"": 350, ""initial_a"": 2.0, ""exploration_rate"": 0.2, ""max_no_improvement"": 100, ""polish_interval"": 35, ""polish_iters"": 10, ""final_polish_iters"": 200}"
02:05:11,config_eil51_20260701_012653.json,eil51,GWO-LKH,7,435.8,"{""pack_size"": 70, ""max_iterations"": 150, ""initial_a"": 1.0, ""exploration_rate"": 0.4, ""max_no_improvement"": 75, ""polish_interval"": 15, ""polish_iters"": 5, ""final_polish_iters"": 100}"
02:05:17,config_eil51_20260701_012653.json,eil51,GWO-LKH,8,438.8,"{""pack_size"": 70, ""max_iterations"": 250, ""initial_a"": 3.0, ""exploration_rate"": 0.4, ""max_no_improvement"": 100, ""polish_interval"": 15, ""polish_iters"": 5, ""final_polish_iters"": 300}"
02:05:21,config_eil51_20260701_012653.json,eil51,GWO-LKH,9,438.6,"{""pack_size"": 30, ""max_iterations"": 350, ""initial_a"": 1.0, ""exploration_rate"": 0.6, ""max_no_improvement"": 50, ""polish_interval"": 15, ""polish_iters"": 10, ""final_polish_iters"": 200}"
02:05:26,config_eil51_20260701_012653.json,eil51,GWO-LKH,10,436.0,"{""pack_size"": 50, ""max_iterations"": 150, ""initial_a"": 2.0, ""exploration_rate"": 0.4, ""max_no_improvement"": 50, ""polish_interval"": 25, ""polish_iters"": 10, ""final_polish_iters"": 200}"
02:05:30,config_eil51_20260701_012653.json,eil51,GWO-LKH,11,439.0,"{""pack_size"": 50, ""max_iterations"": 150, ""initial_a"": 2.0, ""exploration_rate"": 0.6, ""max_no_improvement"": 50, ""polish_interval"": 35, ""polish_iters"": 15, ""final_polish_iters"": 300}"
02:05:36,config_eil51_20260701_012653.json,eil51,GWO-LKH,12,435.2,"{""pack_size"": 70, ""max_iterations"": 150, ""initial_a"": 1.0, ""exploration_rate"": 0.4, ""max_no_improvement"": 75, ""polish_interval"": 15, ""polish_iters"": 5, ""final_polish_iters"": 100}"
02:05:42,config_eil51_20260701_012653.json,eil51,GWO-LKH,13,436.4,"{""pack_size"": 70, ""max_iterations"": 150, ""initial_a"": 1.0, ""exploration_rate"": 0.6, ""max_no_improvement"": 75, ""polish_interval"": 15, ""polish_iters"": 15, ""final_polish_iters"": 300}"
02:05:48,config_eil51_20260701_012653.json,eil51,GWO-LKH,14,438.6,"{""pack_size"": 70, ""max_iterations"": 150, ""initial_a"": 1.0, ""exploration_rate"": 0.4, ""max_no_improvement"": 75, ""polish_interval"": 15, ""polish_iters"": 5, ""final_polish_iters"": 300}"
02:05:52,config_eil51_20260701_012653.json,eil51,GWO-LKH,15,443.0,"{""pack_size"": 30, ""max_iterations"": 150, ""initial_a"": 2.0, ""exploration_rate"": 0.2, ""max_no_improvement"": 75, ""polish_interval"": 35, ""polish_iters"": 15, ""final_polish_iters"": 100}"
02:05:57,config_eil51_20260701_012653.json,eil51,GWO-LKH,16,441.2,"{""pack_size"": 50, ""max_iterations"": 150, ""initial_a"": 2.0, ""exploration_rate"": 0.4, ""max_no_improvement"": 50, ""polish_interval"": 15, ""polish_iters"": 5, ""final_polish_iters"": 300}"
02:06:03,config_eil51_20260701_012653.json,eil51,GWO-LKH,17,434.6,"{""pack_size"": 70, ""max_iterations"": 150, ""initial_a"": 1.0, ""exploration_rate"": 0.6, ""max_no_improvement"": 75, ""polish_interval"": 35, ""polish_iters"": 5, ""final_polish_iters"": 100}"
02:06:09,config_eil51_20260701_012653.json,eil51,GWO-LKH,18,437.0,"{""pack_size"": 70, ""max_iterations"": 150, ""initial_a"": 1.0, ""exploration_rate"": 0.4, ""max_no_improvement"": 75, ""polish_interval"": 35, ""polish_iters"": 5, ""final_polish_iters"": 100}"
02:06:15,config_eil51_20260701_012653.json,eil51,GWO-LKH,19,437.8,"{""pack_size"": 70, ""max_iterations"": 150, ""initial_a"": 1.0, ""exploration_rate"": 0.6, ""max_no_improvement"": 75, ""polish_interval"": 15, ""polish_iters"": 5, ""final_polish_iters"": 100}"
02:06:21,config_eil51_20260701_012653.json,eil51,GWO-LKH,20,438.0,"{""pack_size"": 70, ""max_iterations"": 350, ""initial_a"": 1.0, ""exploration_rate"": 0.2, ""max_no_improvement"": 75, ""polish_interval"": 25, ""polish_iters"": 5, ""final_polish_iters"": 100}"
02:06:26,config_eil51_20260701_012653.json,eil51,GWO-LKH,21,433.2,"{""pack_size"": 70, ""max_iterations"": 150, ""initial_a"": 1.0, ""exploration_rate"": 0.6, ""max_no_improvement"": 75, ""polish_interval"": 35, ""polish_iters"": 5, ""final_polish_iters"": 100}"
02:06:32,config_eil51_20260701_012653.json,eil51,GWO-LKH,22,438.4,"{""pack_size"": 70, ""max_iterations"": 150, ""initial_a"": 1.0, ""exploration_rate"": 0.6, ""max_no_improvement"": 75, ""polish_interval"": 35, ""polish_iters"": 5, ""final_polish_iters"": 100}"
02:06:38,config_eil51_20260701_012653.json,eil51,GWO-LKH,23,434.2,"{""pack_size"": 70, ""max_iterations"": 150, ""initial_a"": 1.0, ""exploration_rate"": 0.6, ""max_no_improvement"": 75, ""polish_interval"": 35, ""polish_iters"": 5, ""final_polish_iters"": 100}"
02:06:44,config_eil51_20260701_012653.json,eil51,GWO-LKH,24,437.0,"{""pack_size"": 70, ""max_iterations"": 150, ""initial_a"": 1.0, ""exploration_rate"": 0.6, ""max_no_improvement"": 75, ""polish_interval"": 35, ""polish_iters"": 5, ""final_polish_iters"": 100}"
02:06:50,config_eil51_20260701_012653.json,eil51,GWO-LKH,25,435.4,"{""pack_size"": 70, ""max_iterations"": 150, ""initial_a"": 1.0, ""exploration_rate"": 0.6, ""max_no_improvement"": 75, ""polish_interval"": 35, ""polish_iters"": 5, ""final_polish_iters"": 100}"
02:06:56,config_eil51_20260701_012653.json,eil51,GWO-LKH,26,436.6,"{""pack_size"": 70, ""max_iterations"": 150, ""initial_a"": 1.0, ""exploration_rate"": 0.6, ""max_no_improvement"": 75, ""polish_interval"": 35, ""polish_iters"": 5, ""final_polish_iters"": 100}"
02:06:59,config_eil51_20260701_012653.json,eil51,GWO-LKH,27,440.0,"{""pack_size"": 30, ""max_iterations"": 150, ""initial_a"": 3.0, ""exploration_rate"": 0.6, ""max_no_improvement"": 75, ""polish_interval"": 35, ""polish_iters"": 5, ""final_polish_iters"": 100}"
02:07:05,config_eil51_20260701_012653.json,eil51,GWO-LKH,28,439.4,"{""pack_size"": 70, ""max_iterations"": 150, ""initial_a"": 1.0, ""exploration_rate"": 0.6, ""max_no_improvement"": 75, ""polish_interval"": 35, ""polish_iters"": 5, ""final_polish_iters"": 100}"
02:07:12,config_eil51_20260701_012653.json,eil51,GWO-LKH,29,438.4,"{""pack_size"": 70, ""max_iterations"": 250, ""initial_a"": 1.0, ""exploration_rate"": 0.6, ""max_no_improvement"": 75, ""polish_interval"": 35, ""polish_iters"": 5, ""final_polish_iters"": 100}"
02:07:18,config_eil51_20260701_012653.json,eil51,GWO-LKH,30,439.4,"{""pack_size"": 70, ""max_iterations"": 350, ""initial_a"": 1.0, ""exploration_rate"": 0.6, ""max_no_improvement"": 75, ""polish_interval"": 35, ""polish_iters"": 5, ""final_polish_iters"": 100}"
02:07:29,config_eil51_20260701_012653.json,eil51,GWO-ALNS,1,427.4,"{""pack_size"": 50, ""max_iterations"": 150, ""initial_a"": 2.0, ""exploration_rate"": 0.6, ""max_no_improvement"": 50, ""polish_interval"": 35, ""alns_iterations"": 150, ""alns_remove_ratio"": 0.2, ""final_polish_iters"": 200}"
02:07:35,config_eil51_20260701_012653.json,eil51,GWO-ALNS,2,429.0,"{""pack_size"": 50, ""max_iterations"": 150, ""initial_a"": 2.0, ""exploration_rate"": 0.6, ""max_no_improvement"": 100, ""polish_interval"": 25, ""alns_iterations"": 50, ""alns_remove_ratio"": 0.2, ""final_polish_iters"": 200}"
02:07:42,config_eil51_20260701_012653.json,eil51,GWO-ALNS,3,428.2,"{""pack_size"": 50, ""max_iterations"": 350, ""initial_a"": 3.0, ""exploration_rate"": 0.6, ""max_no_improvement"": 75, ""polish_interval"": 15, ""alns_iterations"": 100, ""alns_remove_ratio"": 0.15, ""final_polish_iters"": 300}"
02:07:51,config_eil51_20260701_012653.json,eil51,GWO-ALNS,4,427.2,"{""pack_size"": 30, ""max_iterations"": 350, ""initial_a"": 2.0, ""exploration_rate"": 0.6, ""max_no_improvement"": 75, ""polish_interval"": 15, ""alns_iterations"": 150, ""alns_remove_ratio"": 0.2, ""final_polish_iters"": 300}"
02:07:57,config_eil51_20260701_012653.json,eil51,GWO-ALNS,5,429.8,"{""pack_size"": 70, ""max_iterations"": 250, ""initial_a"": 2.0, ""exploration_rate"": 0.4, ""max_no_improvement"": 75, ""polish_interval"": 35, ""alns_iterations"": 100, ""alns_remove_ratio"": 0.1, ""final_polish_iters"": 300}"
02:08:05,config_eil51_20260701_012653.json,eil51,GWO-ALNS,6,428.8,"{""pack_size"": 70, ""max_iterations"": 250, ""initial_a"": 2.0, ""exploration_rate"": 0.6, ""max_no_improvement"": 50, ""polish_interval"": 15, ""alns_iterations"": 100, ""alns_remove_ratio"": 0.15, ""final_polish_iters"": 100}"
02:08:10,config_eil51_20260701_012653.json,eil51,GWO-ALNS,7,430.2,"{""pack_size"": 30, ""max_iterations"": 150, ""initial_a"": 3.0, ""exploration_rate"": 0.4, ""max_no_improvement"": 100, ""polish_interval"": 25, ""alns_iterations"": 150, ""alns_remove_ratio"": 0.1, ""final_polish_iters"": 100}"
02:08:15,config_eil51_20260701_012653.json,eil51,GWO-ALNS,8,429.8,"{""pack_size"": 70, ""max_iterations"": 150, ""initial_a"": 3.0, ""exploration_rate"": 0.2, ""max_no_improvement"": 100, ""polish_interval"": 15, ""alns_iterations"": 50, ""alns_remove_ratio"": 0.15, ""final_polish_iters"": 200}"
02:08:22,config_eil51_20260701_012653.json,eil51,GWO-ALNS,9,428.6,"{""pack_size"": 50, ""max_iterations"": 150, ""initial_a"": 2.0, ""exploration_rate"": 0.4, ""max_no_improvement"": 50, ""polish_interval"": 25, ""alns_iterations"": 100, ""alns_remove_ratio"": 0.15, ""final_polish_iters"": 200}"
02:08:26,config_eil51_20260701_012653.json,eil51,GWO-ALNS,10,431.8,"{""pack_size"": 70, ""max_iterations"": 250, ""initial_a"": 1.0, ""exploration_rate"": 0.2, ""max_no_improvement"": 75, ""polish_interval"": 35, ""alns_iterations"": 50, ""alns_remove_ratio"": 0.1, ""final_polish_iters"": 100}"
02:08:35,config_eil51_20260701_012653.json,eil51,GWO-ALNS,11,427.4,"{""pack_size"": 30, ""max_iterations"": 350, ""initial_a"": 1.0, ""exploration_rate"": 0.6, ""max_no_improvement"": 75, ""polish_interval"": 15, ""alns_iterations"": 150, ""alns_remove_ratio"": 0.2, ""final_polish_iters"": 300}"
02:08:43,config_eil51_20260701_012653.json,eil51,GWO-ALNS,12,427.4,"{""pack_size"": 30, ""max_iterations"": 350, ""initial_a"": 2.0, ""exploration_rate"": 0.6, ""max_no_improvement"": 50, ""polish_interval"": 35, ""alns_iterations"": 150, ""alns_remove_ratio"": 0.2, ""final_polish_iters"": 200}"
02:08:51,config_eil51_20260701_012653.json,eil51,GWO-ALNS,13,427.0,"{""pack_size"": 30, ""max_iterations"": 350, ""initial_a"": 2.0, ""exploration_rate"": 0.6, ""max_no_improvement"": 50, ""polish_interval"": 35, ""alns_iterations"": 150, ""alns_remove_ratio"": 0.2, ""final_polish_iters"": 300}"
02:08:59,config_eil51_20260701_012653.json,eil51,GWO-ALNS,14,426.8,"{""pack_size"": 30, ""max_iterations"": 350, ""initial_a"": 2.0, ""exploration_rate"": 0.6, ""max_no_improvement"": 50, ""polish_interval"": 15, ""alns_iterations"": 150, ""alns_remove_ratio"": 0.2, ""final_polish_iters"": 300}"
02:09:07,config_eil51_20260701_012653.json,eil51,GWO-ALNS,15,426.8,"{""pack_size"": 30, ""max_iterations"": 350, ""initial_a"": 2.0, ""exploration_rate"": 0.6, ""max_no_improvement"": 50, ""polish_interval"": 35, ""alns_iterations"": 150, ""alns_remove_ratio"": 0.2, ""final_polish_iters"": 300}"
02:09:15,config_eil51_20260701_012653.json,eil51,GWO-ALNS,16,426.8,"{""pack_size"": 30, ""max_iterations"": 350, ""initial_a"": 1.0, ""exploration_rate"": 0.2, ""max_no_improvement"": 50, ""polish_interval"": 15, ""alns_iterations"": 150, ""alns_remove_ratio"": 0.2, ""final_polish_iters"": 300}"
02:09:23,config_eil51_20260701_012653.json,eil51,GWO-ALNS,17,428.0,"{""pack_size"": 30, ""max_iterations"": 350, ""initial_a"": 2.0, ""exploration_rate"": 0.6, ""max_no_improvement"": 50, ""polish_interval"": 35, ""alns_iterations"": 150, ""alns_remove_ratio"": 0.2, ""final_polish_iters"": 300}"
02:09:32,config_eil51_20260701_012653.json,eil51,GWO-ALNS,18,426.6,"{""pack_size"": 30, ""max_iterations"": 350, ""initial_a"": 2.0, ""exploration_rate"": 0.6, ""max_no_improvement"": 50, ""polish_interval"": 35, ""alns_iterations"": 150, ""alns_remove_ratio"": 0.2, ""final_polish_iters"": 300}"
02:09:40,config_eil51_20260701_012653.json,eil51,GWO-ALNS,19,427.4,"{""pack_size"": 30, ""max_iterations"": 350, ""initial_a"": 3.0, ""exploration_rate"": 0.4, ""max_no_improvement"": 50, ""polish_interval"": 15, ""alns_iterations"": 150, ""alns_remove_ratio"": 0.2, ""final_polish_iters"": 300}"
02:09:44,config_eil51_20260701_012653.json,eil51,GWO-ALNS,20,439.2,"{""pack_size"": 30, ""max_iterations"": 350, ""initial_a"": 1.0, ""exploration_rate"": 0.2, ""max_no_improvement"": 50, ""polish_interval"": 25, ""alns_iterations"": 50, ""alns_remove_ratio"": 0.1, ""final_polish_iters"": 300}"
02:09:52,config_eil51_20260701_012653.json,eil51,GWO-ALNS,21,426.4,"{""pack_size"": 30, ""max_iterations"": 250, ""initial_a"": 2.0, ""exploration_rate"": 0.6, ""max_no_improvement"": 100, ""polish_interval"": 35, ""alns_iterations"": 150, ""alns_remove_ratio"": 0.2, ""final_polish_iters"": 100}"
02:10:01,config_eil51_20260701_012653.json,eil51,GWO-ALNS,22,426.8,"{""pack_size"": 30, ""max_iterations"": 250, ""initial_a"": 2.0, ""exploration_rate"": 0.6, ""max_no_improvement"": 100, ""polish_interval"": 35, ""alns_iterations"": 150, ""alns_remove_ratio"": 0.2, ""final_polish_iters"": 100}"
02:10:10,config_eil51_20260701_012653.json,eil51,GWO-ALNS,23,427.0,"{""pack_size"": 30, ""max_iterations"": 250, ""initial_a"": 2.0, ""exploration_rate"": 0.6, ""max_no_improvement"": 100, ""polish_interval"": 35, ""alns_iterations"": 150, ""alns_remove_ratio"": 0.2, ""final_polish_iters"": 100}"
02:10:18,config_eil51_20260701_012653.json,eil51,GWO-ALNS,24,426.8,"{""pack_size"": 30, ""max_iterations"": 250, ""initial_a"": 2.0, ""exploration_rate"": 0.6, ""max_no_improvement"": 100, ""polish_interval"": 35, ""alns_iterations"": 150, ""alns_remove_ratio"": 0.2, ""final_polish_iters"": 100}"
02:10:26,config_eil51_20260701_012653.json,eil51,GWO-ALNS,25,427.4,"{""pack_size"": 30, ""max_iterations"": 250, ""initial_a"": 2.0, ""exploration_rate"": 0.6, ""max_no_improvement"": 100, ""polish_interval"": 35, ""alns_iterations"": 150, ""alns_remove_ratio"": 0.2, ""final_polish_iters"": 100}"
02:10:35,config_eil51_20260701_012653.json,eil51,GWO-ALNS,26,426.6,"{""pack_size"": 30, ""max_iterations"": 350, ""initial_a"": 2.0, ""exploration_rate"": 0.6, ""max_no_improvement"": 50, ""polish_interval"": 15, ""alns_iterations"": 150, ""alns_remove_ratio"": 0.2, ""final_polish_iters"": 300}"
02:10:43,config_eil51_20260701_012653.json,eil51,GWO-ALNS,27,427.6,"{""pack_size"": 30, ""max_iterations"": 250, ""initial_a"": 2.0, ""exploration_rate"": 0.6, ""max_no_improvement"": 100, ""polish_interval"": 35, ""alns_iterations"": 150, ""alns_remove_ratio"": 0.2, ""final_polish_iters"": 100}"
02:10:51,config_eil51_20260701_012653.json,eil51,GWO-ALNS,28,426.8,"{""pack_size"": 30, ""max_iterations"": 350, ""initial_a"": 2.0, ""exploration_rate"": 0.6, ""max_no_improvement"": 50, ""polish_interval"": 35, ""alns_iterations"": 150, ""alns_remove_ratio"": 0.2, ""final_polish_iters"": 300}"
02:10:57,config_eil51_20260701_012653.json,eil51,GWO-ALNS,29,429.6,"{""pack_size"": 70, ""max_iterations"": 350, ""initial_a"": 3.0, ""exploration_rate"": 0.2, ""max_no_improvement"": 50, ""polish_interval"": 25, ""alns_iterations"": 50, ""alns_remove_ratio"": 0.15, ""final_polish_iters"": 300}"
02:11:02,config_eil51_20260701_012653.json,eil51,GWO-ALNS,30,430.4,"{""pack_size"": 50, ""max_iterations"": 250, ""initial_a"": 1.0, ""exploration_rate"": 0.4, ""max_no_improvement"": 100, ""polish_interval"": 15, ""alns_iterations"": 100, ""alns_remove_ratio"": 0.1, ""final_polish_iters"": 100}"
02:11:07,config_eil51_20260701_012653.json,eil51,HHO-LKH,1,435.4,"{""hawks"": 50, ""max_iterations"": 150, ""initial_energy"": 1.0, ""jump_probability"": 0.7, ""max_no_improvement"": 50, ""dive_count"": 5, ""levy_scale"": 0.5, ""polish_interval"": 35, ""polish_iters"": 10, ""final_polish_iters"": 200}"
02:11:10,config_eil51_20260701_012653.json,eil51,HHO-LKH,2,438.0,"{""hawks"": 30, ""max_iterations"": 250, ""initial_energy"": 1.5, ""jump_probability"": 0.7, ""max_no_improvement"": 75, ""dive_count"": 2, ""levy_scale"": 0.5, ""polish_interval"": 25, ""polish_iters"": 10, ""final_polish_iters"": 300}"
02:11:16,config_eil51_20260701_012653.json,eil51,HHO-LKH,3,439.4,"{""hawks"": 70, ""max_iterations"": 350, ""initial_energy"": 1.0, ""jump_probability"": 0.3, ""max_no_improvement"": 75, ""dive_count"": 3, ""levy_scale"": 0.5, ""polish_interval"": 15, ""polish_iters"": 15, ""final_polish_iters"": 200}"
02:11:21,config_eil51_20260701_012653.json,eil51,HHO-LKH,4,440.0,"{""hawks"": 70, ""max_iterations"": 250, ""initial_energy"": 0.5, ""jump_probability"": 0.7, ""max_no_improvement"": 100, ""dive_count"": 5, ""levy_scale"": 0.5, ""polish_interval"": 25, ""polish_iters"": 10, ""final_polish_iters"": 200}"
02:11:26,config_eil51_20260701_012653.json,eil51,HHO-LKH,5,436.0,"{""hawks"": 50, ""max_iterations"": 350, ""initial_energy"": 1.0, ""jump_probability"": 0.3, ""max_no_improvement"": 100, ""dive_count"": 5, ""levy_scale"": 0.3, ""polish_interval"": 25, ""polish_iters"": 15, ""final_polish_iters"": 100}"
02:11:29,config_eil51_20260701_012653.json,eil51,HHO-LKH,6,442.4,"{""hawks"": 30, ""max_iterations"": 250, ""initial_energy"": 1.0, ""jump_probability"": 0.3, ""max_no_improvement"": 50, ""dive_count"": 2, ""levy_scale"": 0.5, ""polish_interval"": 25, ""polish_iters"": 15, ""final_polish_iters"": 200}"
02:11:34,config_eil51_20260701_012653.json,eil51,HHO-LKH,7,435.8,"{""hawks"": 70, ""max_iterations"": 150, ""initial_energy"": 0.5, ""jump_probability"": 0.7, ""max_no_improvement"": 50, ""dive_count"": 5, ""levy_scale"": 0.2, ""polish_interval"": 35, ""polish_iters"": 5, ""final_polish_iters"": 100}"
02:11:39,config_eil51_20260701_012653.json,eil51,HHO-LKH,8,439.2,"{""hawks"": 50, ""max_iterations"": 250, ""initial_energy"": 1.0, ""jump_probability"": 0.3, ""max_no_improvement"": 75, ""dive_count"": 3, ""levy_scale"": 0.2, ""polish_interval"": 25, ""polish_iters"": 10, ""final_polish_iters"": 200}"
02:11:43,config_eil51_20260701_012653.json,eil51,HHO-LKH,9,437.8,"{""hawks"": 50, ""max_iterations"": 350, ""initial_energy"": 1.0, ""jump_probability"": 0.3, ""max_no_improvement"": 50, ""dive_count"": 3, ""levy_scale"": 0.5, ""polish_interval"": 15, ""polish_iters"": 5, ""final_polish_iters"": 100}"
02:11:49,config_eil51_20260701_012653.json,eil51,HHO-LKH,10,435.0,"{""hawks"": 70, ""max_iterations"": 150, ""initial_energy"": 0.5, ""jump_probability"": 0.5, ""max_no_improvement"": 100, ""dive_count"": 5, ""levy_scale"": 0.3, ""polish_interval"": 25, ""polish_iters"": 15, ""final_polish_iters"": 200}"
02:11:55,config_eil51_20260701_012653.json,eil51,HHO-LKH,11,438.8,"{""hawks"": 70, ""max_iterations"": 150, ""initial_energy"": 0.5, ""jump_probability"": 0.5, ""max_no_improvement"": 100, ""dive_count"": 5, ""levy_scale"": 0.3, ""polish_interval"": 15, ""polish_iters"": 15, ""final_polish_iters"": 300}"
02:12:00,config_eil51_20260701_012653.json,eil51,HHO-LKH,12,438.0,"{""hawks"": 50, ""max_iterations"": 150, ""initial_energy"": 1.5, ""jump_probability"": 0.5, ""max_no_improvement"": 50, ""dive_count"": 5, ""levy_scale"": 0.3, ""polish_interval"": 35, ""polish_iters"": 10, ""final_polish_iters"": 200}"
02:12:06,config_eil51_20260701_012653.json,eil51,HHO-LKH,13,436.4,"{""hawks"": 70, ""max_iterations"": 150, ""initial_energy"": 0.5, ""jump_probability"": 0.5, ""max_no_improvement"": 100, ""dive_count"": 5, ""levy_scale"": 0.3, ""polish_interval"": 35, ""polish_iters"": 15, ""final_polish_iters"": 200}"
02:12:11,config_eil51_20260701_012653.json,eil51,HHO-LKH,14,438.2,"{""hawks"": 50, ""max_iterations"": 150, ""initial_energy"": 0.5, ""jump_probability"": 0.5, ""max_no_improvement"": 100, ""dive_count"": 5, ""levy_scale"": 0.3, ""polish_interval"": 35, ""polish_iters"": 10, ""final_polish_iters"": 200}"
02:12:15,config_eil51_20260701_012653.json,eil51,HHO-LKH,15,443.0,"{""hawks"": 30, ""max_iterations"": 150, ""initial_energy"": 1.5, ""jump_probability"": 0.7, ""max_no_improvement"": 50, ""dive_count"": 5, ""levy_scale"": 0.2, ""polish_interval"": 35, ""polish_iters"": 5, ""final_polish_iters"": 200}"
02:12:21,config_eil51_20260701_012653.json,eil51,HHO-LKH,16,440.2,"{""hawks"": 70, ""max_iterations"": 150, ""initial_energy"": 1.0, ""jump_probability"": 0.5, ""max_no_improvement"": 100, ""dive_count"": 2, ""levy_scale"": 0.5, ""polish_interval"": 25, ""polish_iters"": 15, ""final_polish_iters"": 300}"
02:12:26,config_eil51_20260701_012653.json,eil51,HHO-LKH,17,437.4,"{""hawks"": 50, ""max_iterations"": 150, ""initial_energy"": 0.5, ""jump_probability"": 0.7, ""max_no_improvement"": 50, ""dive_count"": 5, ""levy_scale"": 0.3, ""polish_interval"": 35, ""polish_iters"": 10, ""final_polish_iters"": 200}"
02:12:31,config_eil51_20260701_012653.json,eil51,HHO-LKH,18,434.8,"{""hawks"": 70, ""max_iterations"": 150, ""initial_energy"": 0.5, ""jump_probability"": 0.7, ""max_no_improvement"": 100, ""dive_count"": 5, ""levy_scale"": 0.3, ""polish_interval"": 25, ""polish_iters"": 15, ""final_polish_iters"": 200}"
02:12:37,config_eil51_20260701_012653.json,eil51,HHO-LKH,19,437.4,"{""hawks"": 70, ""max_iterations"": 150, ""initial_energy"": 0.5, ""jump_probability"": 0.5, ""max_no_improvement"": 100, ""dive_count"": 2, ""levy_scale"": 0.3, ""polish_interval"": 25, ""polish_iters"": 15, ""final_polish_iters"": 100}"
02:12:44,config_eil51_20260701_012653.json,eil51,HHO-LKH,20,437.8,"{""hawks"": 70, ""max_iterations"": 350, ""initial_energy"": 0.5, ""jump_probability"": 0.7, ""max_no_improvement"": 100, ""dive_count"": 3, ""levy_scale"": 0.3, ""polish_interval"": 25, ""polish_iters"": 15, ""final_polish_iters"": 300}"
02:12:50,config_eil51_20260701_012653.json,eil51,HHO-LKH,21,433.2,"{""hawks"": 70, ""max_iterations"": 150, ""initial_energy"": 0.5, ""jump_probability"": 0.5, ""max_no_improvement"": 100, ""dive_count"": 5, ""levy_scale"": 0.3, ""polish_interval"": 25, ""polish_iters"": 15, ""final_polish_iters"": 200}"
02:12:55,config_eil51_20260701_012653.json,eil51,HHO-LKH,22,436.4,"{""hawks"": 70, ""max_iterations"": 150, ""initial_energy"": 0.5, ""jump_probability"": 0.5, ""max_no_improvement"": 100, ""dive_count"": 5, ""levy_scale"": 0.3, ""polish_interval"": 25, ""polish_iters"": 15, ""final_polish_iters"": 200}"
02:13:01,config_eil51_20260701_012653.json,eil51,HHO-LKH,23,434.2,"{""hawks"": 70, ""max_iterations"": 150, ""initial_energy"": 0.5, ""jump_probability"": 0.5, ""max_no_improvement"": 100, ""dive_count"": 5, ""levy_scale"": 0.3, ""polish_interval"": 25, ""polish_iters"": 15, ""final_polish_iters"": 200}"
02:13:07,config_eil51_20260701_012653.json,eil51,HHO-LKH,24,437.0,"{""hawks"": 70, ""max_iterations"": 150, ""initial_energy"": 0.5, ""jump_probability"": 0.5, ""max_no_improvement"": 100, ""dive_count"": 5, ""levy_scale"": 0.3, ""polish_interval"": 25, ""polish_iters"": 15, ""final_polish_iters"": 200}"
02:13:13,config_eil51_20260701_012653.json,eil51,HHO-LKH,25,434.8,"{""hawks"": 70, ""max_iterations"": 150, ""initial_energy"": 0.5, ""jump_probability"": 0.5, ""max_no_improvement"": 100, ""dive_count"": 5, ""levy_scale"": 0.3, ""polish_interval"": 25, ""polish_iters"": 15, ""final_polish_iters"": 200}"
02:13:18,config_eil51_20260701_012653.json,eil51,HHO-LKH,26,436.4,"{""hawks"": 70, ""max_iterations"": 150, ""initial_energy"": 0.5, ""jump_probability"": 0.5, ""max_no_improvement"": 100, ""dive_count"": 5, ""levy_scale"": 0.3, ""polish_interval"": 25, ""polish_iters"": 15, ""final_polish_iters"": 200}"
02:13:22,config_eil51_20260701_012653.json,eil51,HHO-LKH,27,440.0,"{""hawks"": 30, ""max_iterations"": 150, ""initial_energy"": 1.5, ""jump_probability"": 0.7, ""max_no_improvement"": 75, ""dive_count"": 5, ""levy_scale"": 0.2, ""polish_interval"": 15, ""polish_iters"": 5, ""final_polish_iters"": 200}"
02:13:28,config_eil51_20260701_012653.json,eil51,HHO-LKH,28,439.4,"{""hawks"": 70, ""max_iterations"": 150, ""initial_energy"": 0.5, ""jump_probability"": 0.5, ""max_no_improvement"": 100, ""dive_count"": 5, ""levy_scale"": 0.3, ""polish_interval"": 25, ""polish_iters"": 15, ""final_polish_iters"": 200}"
02:13:33,config_eil51_20260701_012653.json,eil51,HHO-LKH,29,438.4,"{""hawks"": 70, ""max_iterations"": 350, ""initial_energy"": 0.5, ""jump_probability"": 0.5, ""max_no_improvement"": 100, ""dive_count"": 3, ""levy_scale"": 0.3, ""polish_interval"": 25, ""polish_iters"": 15, ""final_polish_iters"": 100}"
02:13:39,config_eil51_20260701_012653.json,eil51,HHO-LKH,30,439.4,"{""hawks"": 70, ""max_iterations"": 250, ""initial_energy"": 0.5, ""jump_probability"": 0.7, ""max_no_improvement"": 100, ""dive_count"": 2, ""levy_scale"": 0.3, ""polish_interval"": 25, ""polish_iters"": 15, ""final_polish_iters"": 300}"
02:13:45,config_eil51_20260701_012653.json,eil51,HHO-ALNS,1,429.8,"{""hawks"": 50, ""max_iterations"": 150, ""initial_energy"": 1.0, ""jump_probability"": 0.7, ""max_no_improvement"": 50, ""dive_count"": 5, ""levy_scale"": 0.5, ""polish_interval"": 35, ""alns_iterations"": 100, ""alns_remove_ratio"": 0.15, ""final_polish_iters"": 100}"
02:13:57,config_eil51_20260701_012653.json,eil51,HHO-ALNS,2,427.0,"{""hawks"": 50, ""max_iterations"": 350, ""initial_energy"": 1.5, ""jump_probability"": 0.5, ""max_no_improvement"": 50, ""dive_count"": 5, ""levy_scale"": 0.3, ""polish_interval"": 25, ""alns_iterations"": 150, ""alns_remove_ratio"": 0.2, ""final_polish_iters"": 300}"
02:14:05,config_eil51_20260701_012653.json,eil51,HHO-ALNS,3,426.8,"{""hawks"": 50, ""max_iterations"": 150, ""initial_energy"": 1.0, ""jump_probability"": 0.5, ""max_no_improvement"": 100, ""dive_count"": 2, ""levy_scale"": 0.5, ""polish_interval"": 25, ""alns_iterations"": 150, ""alns_remove_ratio"": 0.15, ""final_polish_iters"": 100}"
02:14:15,config_eil51_20260701_012653.json,eil51,HHO-ALNS,4,427.8,"{""hawks"": 70, ""max_iterations"": 350, ""initial_energy"": 1.5, ""jump_probability"": 0.7, ""max_no_improvement"": 75, ""dive_count"": 3, ""levy_scale"": 0.3, ""polish_interval"": 25, ""alns_iterations"": 150, ""alns_remove_ratio"": 0.15, ""final_polish_iters"": 100}"
02:14:22,config_eil51_20260701_012653.json,eil51,HHO-ALNS,5,429.8,"{""hawks"": 70, ""max_iterations"": 350, ""initial_energy"": 1.0, ""jump_probability"": 0.5, ""max_no_improvement"": 100, ""dive_count"": 2, ""levy_scale"": 0.2, ""polish_interval"": 25, ""alns_iterations"": 100, ""alns_remove_ratio"": 0.1, ""final_polish_iters"": 100}"
02:14:27,config_eil51_20260701_012653.json,eil51,HHO-ALNS,6,430.4,"{""hawks"": 30, ""max_iterations"": 350, ""initial_energy"": 1.0, ""jump_probability"": 0.7, ""max_no_improvement"": 75, ""dive_count"": 5, ""levy_scale"": 0.2, ""polish_interval"": 15, ""alns_iterations"": 150, ""alns_remove_ratio"": 0.1, ""final_polish_iters"": 300}"
02:14:31,config_eil51_20260701_012653.json,eil51,HHO-ALNS,7,427.0,"{""hawks"": 30, ""max_iterations"": 350, ""initial_energy"": 0.5, ""jump_probability"": 0.3, ""max_no_improvement"": 75, ""dive_count"": 3, ""levy_scale"": 0.3, ""polish_interval"": 15, ""alns_iterations"": 100, ""alns_remove_ratio"": 0.15, ""final_polish_iters"": 100}"
02:14:41,config_eil51_20260701_012653.json,eil51,HHO-ALNS,8,427.4,"{""hawks"": 50, ""max_iterations"": 250, ""initial_energy"": 1.0, ""jump_probability"": 0.5, ""max_no_improvement"": 100, ""dive_count"": 3, ""levy_scale"": 0.2, ""polish_interval"": 15, ""alns_iterations"": 100, ""alns_remove_ratio"": 0.2, ""final_polish_iters"": 100}"
02:14:45,config_eil51_20260701_012653.json,eil51,HHO-ALNS,9,430.0,"{""hawks"": 30, ""max_iterations"": 150, ""initial_energy"": 1.5, ""jump_probability"": 0.3, ""max_no_improvement"": 50, ""dive_count"": 3, ""levy_scale"": 0.5, ""polish_interval"": 35, ""alns_iterations"": 100, ""alns_remove_ratio"": 0.15, ""final_polish_iters"": 300}"
02:14:49,config_eil51_20260701_012653.json,eil51,HHO-ALNS,10,433.6,"{""hawks"": 50, ""max_iterations"": 350, ""initial_energy"": 1.5, ""jump_probability"": 0.7, ""max_no_improvement"": 75, ""dive_count"": 3, ""levy_scale"": 0.2, ""polish_interval"": 35, ""alns_iterations"": 50, ""alns_remove_ratio"": 0.1, ""final_polish_iters"": 100}"
02:14:54,config_eil51_20260701_012653.json,eil51,HHO-ALNS,11,430.6,"{""hawks"": 50, ""max_iterations"": 150, ""initial_energy"": 0.5, ""jump_probability"": 0.5, ""max_no_improvement"": 100, ""dive_count"": 2, ""levy_scale"": 0.5, ""polish_interval"": 25, ""alns_iterations"": 50, ""alns_remove_ratio"": 0.15, ""final_polish_iters"": 200}"
02:15:05,config_eil51_20260701_012653.json,eil51,HHO-ALNS,12,426.6,"{""hawks"": 50, ""max_iterations"": 250, ""initial_energy"": 1.5, ""jump_probability"": 0.5, ""max_no_improvement"": 50, ""dive_count"": 2, ""levy_scale"": 0.3, ""polish_interval"": 25, ""alns_iterations"": 150, ""alns_remove_ratio"": 0.2, ""final_polish_iters"": 300}"
02:15:17,config_eil51_20260701_012653.json,eil51,HHO-ALNS,13,426.8,"{""hawks"": 50, ""max_iterations"": 250, ""initial_energy"": 1.5, ""jump_probability"": 0.5, ""max_no_improvement"": 100, ""dive_count"": 2, ""levy_scale"": 0.5, ""polish_interval"": 25, ""alns_iterations"": 150, ""alns_remove_ratio"": 0.2, ""final_polish_iters"": 200}"
02:15:28,config_eil51_20260701_012653.json,eil51,HHO-ALNS,14,426.6,"{""hawks"": 50, ""max_iterations"": 250, ""initial_energy"": 1.0, ""jump_probability"": 0.5, ""max_no_improvement"": 50, ""dive_count"": 2, ""levy_scale"": 0.3, ""polish_interval"": 25, ""alns_iterations"": 150, ""alns_remove_ratio"": 0.2, ""final_polish_iters"": 300}"
02:15:43,config_eil51_20260701_012653.json,eil51,HHO-ALNS,15,426.6,"{""hawks"": 70, ""max_iterations"": 250, ""initial_energy"": 0.5, ""jump_probability"": 0.5, ""max_no_improvement"": 50, ""dive_count"": 2, ""levy_scale"": 0.3, ""polish_interval"": 25, ""alns_iterations"": 150, ""alns_remove_ratio"": 0.2, ""final_polish_iters"": 300}"
02:15:54,config_eil51_20260701_012653.json,eil51,HHO-ALNS,16,426.8,"{""hawks"": 50, ""max_iterations"": 250, ""initial_energy"": 1.0, ""jump_probability"": 0.5, ""max_no_improvement"": 50, ""dive_count"": 2, ""levy_scale"": 0.3, ""polish_interval"": 25, ""alns_iterations"": 150, ""alns_remove_ratio"": 0.2, ""final_polish_iters"": 300}"
02:16:05,config_eil51_20260701_012653.json,eil51,HHO-ALNS,17,427.6,"{""hawks"": 50, ""max_iterations"": 250, ""initial_energy"": 1.5, ""jump_probability"": 0.3, ""max_no_improvement"": 50, ""dive_count"": 2, ""levy_scale"": 0.3, ""polish_interval"": 25, ""alns_iterations"": 150, ""alns_remove_ratio"": 0.2, ""final_polish_iters"": 300}"
02:16:11,config_eil51_20260701_012653.json,eil51,HHO-ALNS,18,428.2,"{""hawks"": 50, ""max_iterations"": 250, ""initial_energy"": 1.0, ""jump_probability"": 0.5, ""max_no_improvement"": 50, ""dive_count"": 2, ""levy_scale"": 0.3, ""polish_interval"": 25, ""alns_iterations"": 50, ""alns_remove_ratio"": 0.2, ""final_polish_iters"": 300}"
02:16:27,config_eil51_20260701_012653.json,eil51,HHO-ALNS,19,426.6,"{""hawks"": 70, ""max_iterations"": 250, ""initial_energy"": 1.5, ""jump_probability"": 0.5, ""max_no_improvement"": 50, ""dive_count"": 2, ""levy_scale"": 0.3, ""polish_interval"": 35, ""alns_iterations"": 150, ""alns_remove_ratio"": 0.2, ""final_polish_iters"": 300}"
02:16:36,config_eil51_20260701_012653.json,eil51,HHO-ALNS,20,427.4,"{""hawks"": 30, ""max_iterations"": 250, ""initial_energy"": 0.5, ""jump_probability"": 0.3, ""max_no_improvement"": 50, ""dive_count"": 2, ""levy_scale"": 0.3, ""polish_interval"": 15, ""alns_iterations"": 150, ""alns_remove_ratio"": 0.2, ""final_polish_iters"": 200}"
02:16:43,config_eil51_20260701_012653.json,eil51,HHO-ALNS,21,429.6,"{""hawks"": 50, ""max_iterations"": 250, ""initial_energy"": 1.5, ""jump_probability"": 0.5, ""max_no_improvement"": 50, ""dive_count"": 5, ""levy_scale"": 0.3, ""polish_interval"": 25, ""alns_iterations"": 50, ""alns_remove_ratio"": 0.2, ""final_polish_iters"": 300}"
02:16:59,config_eil51_20260701_012653.json,eil51,HHO-ALNS,22,426.6,"{""hawks"": 70, ""max_iterations"": 250, ""initial_energy"": 0.5, ""jump_probability"": 0.5, ""max_no_improvement"": 50, ""dive_count"": 2, ""levy_scale"": 0.3, ""polish_interval"": 25, ""alns_iterations"": 150, ""alns_remove_ratio"": 0.2, ""final_polish_iters"": 300}"
02:17:14,config_eil51_20260701_012653.json,eil51,HHO-ALNS,23,426.8,"{""hawks"": 70, ""max_iterations"": 250, ""initial_energy"": 0.5, ""jump_probability"": 0.5, ""max_no_improvement"": 50, ""dive_count"": 2, ""levy_scale"": 0.3, ""polish_interval"": 25, ""alns_iterations"": 150, ""alns_remove_ratio"": 0.2, ""final_polish_iters"": 300}"
02:17:29,config_eil51_20260701_012653.json,eil51,HHO-ALNS,24,426.6,"{""hawks"": 70, ""max_iterations"": 250, ""initial_energy"": 0.5, ""jump_probability"": 0.5, ""max_no_improvement"": 50, ""dive_count"": 2, ""levy_scale"": 0.3, ""polish_interval"": 25, ""alns_iterations"": 150, ""alns_remove_ratio"": 0.2, ""final_polish_iters"": 300}"
02:17:45,config_eil51_20260701_012653.json,eil51,HHO-ALNS,25,427.0,"{""hawks"": 70, ""max_iterations"": 250, ""initial_energy"": 0.5, ""jump_probability"": 0.5, ""max_no_improvement"": 50, ""dive_count"": 2, ""levy_scale"": 0.3, ""polish_interval"": 25, ""alns_iterations"": 150, ""alns_remove_ratio"": 0.2, ""final_polish_iters"": 300}"
02:17:52,config_eil51_20260701_012653.json,eil51,HHO-ALNS,26,429.2,"{""hawks"": 70, ""max_iterations"": 250, ""initial_energy"": 0.5, ""jump_probability"": 0.5, ""max_no_improvement"": 50, ""dive_count"": 2, ""levy_scale"": 0.3, ""polish_interval"": 25, ""alns_iterations"": 150, ""alns_remove_ratio"": 0.1, ""final_polish_iters"": 300}"
02:18:04,config_eil51_20260701_012653.json,eil51,HHO-ALNS,27,426.8,"{""hawks"": 50, ""max_iterations"": 250, ""initial_energy"": 1.0, ""jump_probability"": 0.5, ""max_no_improvement"": 50, ""dive_count"": 2, ""levy_scale"": 0.3, ""polish_interval"": 25, ""alns_iterations"": 150, ""alns_remove_ratio"": 0.2, ""final_polish_iters"": 200}"
02:18:19,config_eil51_20260701_012653.json,eil51,HHO-ALNS,28,426.6,"{""hawks"": 70, ""max_iterations"": 250, ""initial_energy"": 1.0, ""jump_probability"": 0.5, ""max_no_improvement"": 50, ""dive_count"": 2, ""levy_scale"": 0.3, ""polish_interval"": 25, ""alns_iterations"": 150, ""alns_remove_ratio"": 0.2, ""final_polish_iters"": 300}"
02:18:24,config_eil51_20260701_012653.json,eil51,HHO-ALNS,29,431.8,"{""hawks"": 30, ""max_iterations"": 250, ""initial_energy"": 1.5, ""jump_probability"": 0.7, ""max_no_improvement"": 75, ""dive_count"": 5, ""levy_scale"": 0.3, ""polish_interval"": 35, ""alns_iterations"": 50, ""alns_remove_ratio"": 0.2, ""final_polish_iters"": 300}"
02:18:30,config_eil51_20260701_012653.json,eil51,HHO-ALNS,30,429.2,"{""hawks"": 50, ""max_iterations"": 150, ""initial_energy"": 0.5, ""jump_probability"": 0.3, ""max_no_improvement"": 50, ""dive_count"": 2, ""levy_scale"": 0.2, ""polish_interval"": 15, ""alns_iterations"": 150, ""alns_remove_ratio"": 0.1, ""final_polish_iters"": 300}"
02:18:33,config_kroA100_20260701_012653.json,kroA100,2-opt,1,21620.8,"{""max_iterations"": 1000, ""first_improvement"": true, ""num_starts"": 10}"
02:18:35,config_kroA100_20260701_012653.json,kroA100,2-opt,2,22343.2,"{""max_iterations"": 1000, ""first_improvement"": true, ""num_starts"": 1}"
02:18:38,config_kroA100_20260701_012653.json,kroA100,2-opt,3,22155.6,"{""max_iterations"": 1000, ""first_improvement"": false, ""num_starts"": 10}"
02:18:40,config_kroA100_20260701_012653.json,kroA100,2-opt,4,22292.2,"{""max_iterations"": 1000, ""first_improvement"": false, ""num_starts"": 5}"
02:18:43,config_kroA100_20260701_012653.json,kroA100,2-opt,5,21815.8,"{""max_iterations"": 2000, ""first_improvement"": true, ""num_starts"": 5}"
02:18:46,config_kroA100_20260701_012653.json,kroA100,2-opt,6,22123.4,"{""max_iterations"": 1000, ""first_improvement"": true, ""num_starts"": 1}"
02:18:48,config_kroA100_20260701_012653.json,kroA100,2-opt,7,21936.8,"{""max_iterations"": 2000, ""first_improvement"": false, ""num_starts"": 10}"
02:18:51,config_kroA100_20260701_012653.json,kroA100,2-opt,8,22243.4,"{""max_iterations"": 1000, ""first_improvement"": false, ""num_starts"": 5}"
02:18:54,config_kroA100_20260701_012653.json,kroA100,2-opt,9,22273.0,"{""max_iterations"": 1000, ""first_improvement"": true, ""num_starts"": 1}"
02:18:56,config_kroA100_20260701_012653.json,kroA100,2-opt,10,22529.6,"{""max_iterations"": 1000, ""first_improvement"": false, ""num_starts"": 5}"
02:19:00,config_kroA100_20260701_012653.json,kroA100,2-opt,11,21661.6,"{""max_iterations"": 500, ""first_improvement"": true, ""num_starts"": 10}"
02:19:03,config_kroA100_20260701_012653.json,kroA100,2-opt,12,21619.0,"{""max_iterations"": 500, ""first_improvement"": true, ""num_starts"": 10}"
02:19:06,config_kroA100_20260701_012653.json,kroA100,2-opt,13,21721.0,"{""max_iterations"": 500, ""first_improvement"": true, ""num_starts"": 10}"
02:19:10,config_kroA100_20260701_012653.json,kroA100,2-opt,14,21714.8,"{""max_iterations"": 500, ""first_improvement"": true, ""num_starts"": 10}"
02:19:13,config_kroA100_20260701_012653.json,kroA100,2-opt,15,21607.2,"{""max_iterations"": 500, ""first_improvement"": true, ""num_starts"": 10}"
02:19:16,config_kroA100_20260701_012653.json,kroA100,2-opt,16,21714.4,"{""max_iterations"": 500, ""first_improvement"": true, ""num_starts"": 10}"
02:19:19,config_kroA100_20260701_012653.json,kroA100,2-opt,17,21799.2,"{""max_iterations"": 500, ""first_improvement"": true, ""num_starts"": 10}"
02:19:22,config_kroA100_20260701_012653.json,kroA100,2-opt,18,21621.0,"{""max_iterations"": 500, ""first_improvement"": true, ""num_starts"": 10}"
02:19:26,config_kroA100_20260701_012653.json,kroA100,2-opt,19,21559.6,"{""max_iterations"": 500, ""first_improvement"": true, ""num_starts"": 10}"
02:19:29,config_kroA100_20260701_012653.json,kroA100,2-opt,20,22281.4,"{""max_iterations"": 500, ""first_improvement"": true, ""num_starts"": 1}"
02:19:33,config_kroA100_20260701_012653.json,kroA100,2-opt,21,21667.0,"{""max_iterations"": 2000, ""first_improvement"": true, ""num_starts"": 10}"
02:19:37,config_kroA100_20260701_012653.json,kroA100,2-opt,22,21613.0,"{""max_iterations"": 500, ""first_improvement"": true, ""num_starts"": 10}"
02:19:40,config_kroA100_20260701_012653.json,kroA100,2-opt,23,21743.2,"{""max_iterations"": 500, ""first_improvement"": true, ""num_starts"": 10}"
02:19:44,config_kroA100_20260701_012653.json,kroA100,2-opt,24,21745.8,"{""max_iterations"": 500, ""first_improvement"": true, ""num_starts"": 10}"
02:19:47,config_kroA100_20260701_012653.json,kroA100,2-opt,25,21599.8,"{""max_iterations"": 500, ""first_improvement"": true, ""num_starts"": 10}"
02:19:50,config_kroA100_20260701_012653.json,kroA100,2-opt,26,21666.4,"{""max_iterations"": 500, ""first_improvement"": true, ""num_starts"": 10}"
02:19:52,config_kroA100_20260701_012653.json,kroA100,2-opt,27,22255.0,"{""max_iterations"": 500, ""first_improvement"": false, ""num_starts"": 10}"
02:19:56,config_kroA100_20260701_012653.json,kroA100,2-opt,28,21796.2,"{""max_iterations"": 2000, ""first_improvement"": true, ""num_starts"": 10}"
02:19:58,config_kroA100_20260701_012653.json,kroA100,2-opt,29,22170.8,"{""max_iterations"": 500, ""first_improvement"": true, ""num_starts"": 1}"
02:20:01,config_kroA100_20260701_012653.json,kroA100,2-opt,30,21737.0,"{""max_iterations"": 500, ""first_improvement"": true, ""num_starts"": 5}"
02:20:17,config_kroA100_20260701_012653.json,kroA100,3-opt,1,45014.8,"{""max_iterations"": 400, ""first_improvement"": true, ""num_starts"": 5}"
02:20:22,config_kroA100_20260701_012653.json,kroA100,3-opt,2,55180.4,"{""max_iterations"": 400, ""first_improvement"": true, ""num_starts"": 1}"
02:20:25,config_kroA100_20260701_012653.json,kroA100,3-opt,3,31623.2,"{""max_iterations"": 400, ""first_improvement"": false, ""num_starts"": 5}"
02:20:28,config_kroA100_20260701_012653.json,kroA100,3-opt,4,31689.2,"{""max_iterations"": 400, ""first_improvement"": false, ""num_starts"": 3}"
02:20:47,config_kroA100_20260701_012653.json,kroA100,3-opt,5,27721.2,"{""max_iterations"": 800, ""first_improvement"": true, ""num_starts"": 3}"
02:20:52,config_kroA100_20260701_012653.json,kroA100,3-opt,6,53628.2,"{""max_iterations"": 400, ""first_improvement"": true, ""num_starts"": 1}"
02:20:55,config_kroA100_20260701_012653.json,kroA100,3-opt,7,30779.0,"{""max_iterations"": 800, ""first_improvement"": false, ""num_starts"": 5}"
02:20:58,config_kroA100_20260701_012653.json,kroA100,3-opt,8,32054.2,"{""max_iterations"": 400, ""first_improvement"": false, ""num_starts"": 3}"
02:21:04,config_kroA100_20260701_012653.json,kroA100,3-opt,9,52550.4,"{""max_iterations"": 400, ""first_improvement"": true, ""num_starts"": 1}"
02:21:06,config_kroA100_20260701_012653.json,kroA100,3-opt,10,32554.6,"{""max_iterations"": 400, ""first_improvement"": false, ""num_starts"": 3}"
02:21:25,config_kroA100_20260701_012653.json,kroA100,3-opt,11,28385.6,"{""max_iterations"": 800, ""first_improvement"": true, ""num_starts"": 3}"
02:21:43,config_kroA100_20260701_012653.json,kroA100,3-opt,12,28375.2,"{""max_iterations"": 800, ""first_improvement"": true, ""num_starts"": 3}"
02:21:47,config_kroA100_20260701_012653.json,kroA100,3-opt,13,94852.4,"{""max_iterations"": 200, ""first_improvement"": true, ""num_starts"": 3}"
02:22:06,config_kroA100_20260701_012653.json,kroA100,3-opt,14,28616.2,"{""max_iterations"": 800, ""first_improvement"": true, ""num_starts"": 3}"
02:22:23,config_kroA100_20260701_012653.json,kroA100,3-opt,15,28133.8,"{""max_iterations"": 800, ""first_improvement"": true, ""num_starts"": 3}"
02:22:39,config_kroA100_20260701_012653.json,kroA100,3-opt,16,29604.4,"{""max_iterations"": 800, ""first_improvement"": true, ""num_starts"": 3}"
02:22:43,config_kroA100_20260701_012653.json,kroA100,3-opt,17,95152.8,"{""max_iterations"": 200, ""first_improvement"": true, ""num_starts"": 3}"
02:23:02,config_kroA100_20260701_012653.json,kroA100,3-opt,18,28291.2,"{""max_iterations"": 800, ""first_improvement"": true, ""num_starts"": 3}"
02:23:29,config_kroA100_20260701_012653.json,kroA100,3-opt,19,26751.8,"{""max_iterations"": 800, ""first_improvement"": true, ""num_starts"": 5}"
02:23:56,config_kroA100_20260701_012653.json,kroA100,3-opt,20,27300.4,"{""max_iterations"": 800, ""first_improvement"": true, ""num_starts"": 5}"
02:24:01,config_kroA100_20260701_012653.json,kroA100,3-opt,21,92632.2,"{""max_iterations"": 200, ""first_improvement"": true, ""num_starts"": 5}"
02:24:32,config_kroA100_20260701_012653.json,kroA100,3-opt,22,27758.8,"{""max_iterations"": 800, ""first_improvement"": true, ""num_starts"": 5}"
02:25:01,config_kroA100_20260701_012653.json,kroA100,3-opt,23,27017.0,"{""max_iterations"": 800, ""first_improvement"": true, ""num_starts"": 5}"
02:25:29,config_kroA100_20260701_012653.json,kroA100,3-opt,24,27789.4,"{""max_iterations"": 800, ""first_improvement"": true, ""num_starts"": 5}"
02:25:57,config_kroA100_20260701_012653.json,kroA100,3-opt,25,28522.6,"{""max_iterations"": 800, ""first_improvement"": true, ""num_starts"": 5}"
02:26:26,config_kroA100_20260701_012653.json,kroA100,3-opt,26,27330.2,"{""max_iterations"": 800, ""first_improvement"": true, ""num_starts"": 5}"
02:26:29,config_kroA100_20260701_012653.json,kroA100,3-opt,27,31765.4,"{""max_iterations"": 800, ""first_improvement"": false, ""num_starts"": 5}"
02:26:33,config_kroA100_20260701_012653.json,kroA100,3-opt,28,90998.2,"{""max_iterations"": 200, ""first_improvement"": true, ""num_starts"": 5}"
02:27:03,config_kroA100_20260701_012653.json,kroA100,3-opt,29,27368.0,"{""max_iterations"": 800, ""first_improvement"": true, ""num_starts"": 5}"
02:27:30,config_kroA100_20260701_012653.json,kroA100,3-opt,30,27870.4,"{""max_iterations"": 800, ""first_improvement"": true, ""num_starts"": 5}"
02:27:33,config_kroA100_20260701_012653.json,kroA100,Or-opt,1,37610.0,"{""max_iterations"": 600, ""max_segment_size"": 1, ""num_starts"": 3}"
02:27:37,config_kroA100_20260701_012653.json,kroA100,Or-opt,2,27825.4,"{""max_iterations"": 1000, ""max_segment_size"": 1, ""num_starts"": 5}"
02:27:41,config_kroA100_20260701_012653.json,kroA100,Or-opt,3,24778.2,"{""max_iterations"": 1000, ""max_segment_size"": 3, ""num_starts"": 3}"
02:27:44,config_kroA100_20260701_012653.json,kroA100,Or-opt,4,39763.2,"{""max_iterations"": 600, ""max_segment_size"": 1, ""num_starts"": 3}"
02:27:49,config_kroA100_20260701_012653.json,kroA100,Or-opt,5,23907.0,"{""max_iterations"": 1000, ""max_segment_size"": 3, ""num_starts"": 3}"
02:27:51,config_kroA100_20260701_012653.json,kroA100,Or-opt,6,84351.6,"{""max_iterations"": 300, ""max_segment_size"": 3, ""num_starts"": 3}"
02:27:54,config_kroA100_20260701_012653.json,kroA100,Or-opt,7,36443.0,"{""max_iterations"": 600, ""max_segment_size"": 3, ""num_starts"": 5}"
02:27:57,config_kroA100_20260701_012653.json,kroA100,Or-opt,8,27574.2,"{""max_iterations"": 1000, ""max_segment_size"": 2, ""num_starts"": 1}"
02:28:00,config_kroA100_20260701_012653.json,kroA100,Or-opt,9,32347.2,"{""max_iterations"": 600, ""max_segment_size"": 2, ""num_starts"": 5}"
02:28:02,config_kroA100_20260701_012653.json,kroA100,Or-opt,10,81668.6,"{""max_iterations"": 300, ""max_segment_size"": 3, ""num_starts"": 3}"
02:28:05,config_kroA100_20260701_012653.json,kroA100,Or-opt,11,26237.2,"{""max_iterations"": 1000, ""max_segment_size"": 3, ""num_starts"": 1}"
02:28:09,config_kroA100_20260701_012653.json,kroA100,Or-opt,12,24879.0,"{""max_iterations"": 1000, ""max_segment_size"": 3, ""num_starts"": 3}"
02:28:12,config_kroA100_20260701_012653.json,kroA100,Or-opt,13,25207.2,"{""max_iterations"": 1000, ""max_segment_size"": 3, ""num_starts"": 3}"
02:28:16,config_kroA100_20260701_012653.json,kroA100,Or-opt,14,25245.0,"{""max_iterations"": 1000, ""max_segment_size"": 3, ""num_starts"": 3}"
02:28:19,config_kroA100_20260701_012653.json,kroA100,Or-opt,15,24918.0,"{""max_iterations"": 1000, ""max_segment_size"": 3, ""num_starts"": 3}"
02:28:22,config_kroA100_20260701_012653.json,kroA100,Or-opt,16,27683.4,"{""max_iterations"": 1000, ""max_segment_size"": 2, ""num_starts"": 1}"
02:28:24,config_kroA100_20260701_012653.json,kroA100,Or-opt,17,80005.0,"{""max_iterations"": 300, ""max_segment_size"": 3, ""num_starts"": 3}"
02:28:28,config_kroA100_20260701_012653.json,kroA100,Or-opt,18,24562.2,"{""max_iterations"": 1000, ""max_segment_size"": 3, ""num_starts"": 3}"
02:28:32,config_kroA100_20260701_012653.json,kroA100,Or-opt,19,24727.2,"{""max_iterations"": 1000, ""max_segment_size"": 2, ""num_starts"": 5}"
02:28:35,config_kroA100_20260701_012653.json,kroA100,Or-opt,20,91816.6,"{""max_iterations"": 300, ""max_segment_size"": 1, ""num_starts"": 1}"
02:28:38,config_kroA100_20260701_012653.json,kroA100,Or-opt,21,24933.4,"{""max_iterations"": 1000, ""max_segment_size"": 3, ""num_starts"": 3}"
02:28:42,config_kroA100_20260701_012653.json,kroA100,Or-opt,22,25490.8,"{""max_iterations"": 1000, ""max_segment_size"": 2, ""num_starts"": 5}"
02:28:47,config_kroA100_20260701_012653.json,kroA100,Or-opt,23,24975.0,"{""max_iterations"": 1000, ""max_segment_size"": 2, ""num_starts"": 5}"
02:28:51,config_kroA100_20260701_012653.json,kroA100,Or-opt,24,25741.4,"{""max_iterations"": 1000, ""max_segment_size"": 2, ""num_starts"": 5}"
02:28:55,config_kroA100_20260701_012653.json,kroA100,Or-opt,25,25520.8,"{""max_iterations"": 1000, ""max_segment_size"": 2, ""num_starts"": 5}"
02:28:59,config_kroA100_20260701_012653.json,kroA100,Or-opt,26,24554.4,"{""max_iterations"": 1000, ""max_segment_size"": 2, ""num_starts"": 5}"
02:29:02,config_kroA100_20260701_012653.json,kroA100,Or-opt,27,24230.6,"{""max_iterations"": 1000, ""max_segment_size"": 3, ""num_starts"": 3}"
02:29:06,config_kroA100_20260701_012653.json,kroA100,Or-opt,28,25433.8,"{""max_iterations"": 1000, ""max_segment_size"": 3, ""num_starts"": 3}"
02:29:08,config_kroA100_20260701_012653.json,kroA100,Or-opt,29,38691.4,"{""max_iterations"": 600, ""max_segment_size"": 1, ""num_starts"": 1}"
02:29:10,config_kroA100_20260701_012653.json,kroA100,Or-opt,30,77518.0,"{""max_iterations"": 300, ""max_segment_size"": 2, ""num_starts"": 5}"
02:29:13,config_kroA100_20260701_012653.json,kroA100,GWO-2opt,1,21680.2,"{""pack_size"": 50, ""max_iterations"": 150, ""initial_a"": 2.0, ""exploration_rate"": 0.6, ""max_no_improvement"": 50, ""polish_interval"": 35, ""polish_iters"": 15, ""final_polish_iters"": 300}"
02:29:16,config_kroA100_20260701_012653.json,kroA100,GWO-2opt,2,21841.6,"{""pack_size"": 50, ""max_iterations"": 250, ""initial_a"": 1.0, ""exploration_rate"": 0.4, ""max_no_improvement"": 100, ""polish_interval"": 35, ""polish_iters"": 10, ""final_polish_iters"": 100}"
02:29:20,config_kroA100_20260701_012653.json,kroA100,GWO-2opt,3,21712.0,"{""pack_size"": 70, ""max_iterations"": 250, ""initial_a"": 2.0, ""exploration_rate"": 0.6, ""max_no_improvement"": 100, ""polish_interval"": 35, ""polish_iters"": 10, ""final_polish_iters"": 100}"
02:29:23,config_kroA100_20260701_012653.json,kroA100,GWO-2opt,4,21861.2,"{""pack_size"": 50, ""max_iterations"": 250, ""initial_a"": 3.0, ""exploration_rate"": 0.2, ""max_no_improvement"": 100, ""polish_interval"": 25, ""polish_iters"": 15, ""final_polish_iters"": 200}"
02:29:26,config_kroA100_20260701_012653.json,kroA100,GWO-2opt,5,22089.8,"{""pack_size"": 30, ""max_iterations"": 350, ""initial_a"": 3.0, ""exploration_rate"": 0.6, ""max_no_improvement"": 100, ""polish_interval"": 25, ""polish_iters"": 10, ""final_polish_iters"": 200}"
02:29:29,config_kroA100_20260701_012653.json,kroA100,GWO-2opt,6,21736.8,"{""pack_size"": 50, ""max_iterations"": 350, ""initial_a"": 2.0, ""exploration_rate"": 0.2, ""max_no_improvement"": 100, ""polish_interval"": 35, ""polish_iters"": 10, ""final_polish_iters"": 200}"
02:29:33,config_kroA100_20260701_012653.json,kroA100,GWO-2opt,7,21707.8,"{""pack_size"": 70, ""max_iterations"": 150, ""initial_a"": 1.0, ""exploration_rate"": 0.4, ""max_no_improvement"": 75, ""polish_interval"": 15, ""polish_iters"": 5, ""final_polish_iters"": 100}"
02:29:37,config_kroA100_20260701_012653.json,kroA100,GWO-2opt,8,21821.6,"{""pack_size"": 70, ""max_iterations"": 250, ""initial_a"": 3.0, ""exploration_rate"": 0.4, ""max_no_improvement"": 100, ""polish_interval"": 15, ""polish_iters"": 5, ""final_polish_iters"": 300}"
02:29:39,config_kroA100_20260701_012653.json,kroA100,GWO-2opt,9,21974.2,"{""pack_size"": 30, ""max_iterations"": 350, ""initial_a"": 1.0, ""exploration_rate"": 0.6, ""max_no_improvement"": 50, ""polish_interval"": 15, ""polish_iters"": 10, ""final_polish_iters"": 200}"
02:29:42,config_kroA100_20260701_012653.json,kroA100,GWO-2opt,10,21820.4,"{""pack_size"": 50, ""max_iterations"": 150, ""initial_a"": 2.0, ""exploration_rate"": 0.4, ""max_no_improvement"": 50, ""polish_interval"": 25, ""polish_iters"": 10, ""final_polish_iters"": 200}"
02:29:45,config_kroA100_20260701_012653.json,kroA100,GWO-2opt,11,21759.0,"{""pack_size"": 50, ""max_iterations"": 150, ""initial_a"": 2.0, ""exploration_rate"": 0.6, ""max_no_improvement"": 50, ""polish_interval"": 35, ""polish_iters"": 15, ""final_polish_iters"": 300}"
02:29:48,config_kroA100_20260701_012653.json,kroA100,GWO-2opt,12,21779.6,"{""pack_size"": 70, ""max_iterations"": 150, ""initial_a"": 1.0, ""exploration_rate"": 0.4, ""max_no_improvement"": 75, ""polish_interval"": 15, ""polish_iters"": 5, ""final_polish_iters"": 100}"
02:29:52,config_kroA100_20260701_012653.json,kroA100,GWO-2opt,13,21886.6,"{""pack_size"": 70, ""max_iterations"": 150, ""initial_a"": 1.0, ""exploration_rate"": 0.6, ""max_no_improvement"": 75, ""polish_interval"": 15, ""polish_iters"": 15, ""final_polish_iters"": 300}"
02:29:55,config_kroA100_20260701_012653.json,kroA100,GWO-2opt,14,21800.8,"{""pack_size"": 70, ""max_iterations"": 150, ""initial_a"": 1.0, ""exploration_rate"": 0.4, ""max_no_improvement"": 75, ""polish_interval"": 15, ""polish_iters"": 5, ""final_polish_iters"": 300}"
02:29:57,config_kroA100_20260701_012653.json,kroA100,GWO-2opt,15,21921.2,"{""pack_size"": 30, ""max_iterations"": 150, ""initial_a"": 2.0, ""exploration_rate"": 0.2, ""max_no_improvement"": 50, ""polish_interval"": 35, ""polish_iters"": 15, ""final_polish_iters"": 100}"
02:30:00,config_kroA100_20260701_012653.json,kroA100,GWO-2opt,16,21770.4,"{""pack_size"": 50, ""max_iterations"": 150, ""initial_a"": 2.0, ""exploration_rate"": 0.6, ""max_no_improvement"": 75, ""polish_interval"": 35, ""polish_iters"": 5, ""final_polish_iters"": 300}"
02:30:03,config_kroA100_20260701_012653.json,kroA100,GWO-2opt,17,21931.0,"{""pack_size"": 70, ""max_iterations"": 150, ""initial_a"": 1.0, ""exploration_rate"": 0.4, ""max_no_improvement"": 75, ""polish_interval"": 15, ""polish_iters"": 5, ""final_polish_iters"": 100}"
02:30:07,config_kroA100_20260701_012653.json,kroA100,GWO-2opt,18,21746.8,"{""pack_size"": 70, ""max_iterations"": 150, ""initial_a"": 2.0, ""exploration_rate"": 0.4, ""max_no_improvement"": 50, ""polish_interval"": 35, ""polish_iters"": 15, ""final_polish_iters"": 300}"
02:30:09,config_kroA100_20260701_012653.json,kroA100,GWO-2opt,19,21883.8,"{""pack_size"": 50, ""max_iterations"": 150, ""initial_a"": 1.0, ""exploration_rate"": 0.6, ""max_no_improvement"": 50, ""polish_interval"": 15, ""polish_iters"": 5, ""final_polish_iters"": 100}"
02:30:12,config_kroA100_20260701_012653.json,kroA100,GWO-2opt,20,21791.6,"{""pack_size"": 30, ""max_iterations"": 350, ""initial_a"": 3.0, ""exploration_rate"": 0.2, ""max_no_improvement"": 75, ""polish_interval"": 25, ""polish_iters"": 15, ""final_polish_iters"": 300}"
02:30:15,config_kroA100_20260701_012653.json,kroA100,GWO-2opt,21,21612.4,"{""pack_size"": 70, ""max_iterations"": 150, ""initial_a"": 1.0, ""exploration_rate"": 0.6, ""max_no_improvement"": 75, ""polish_interval"": 35, ""polish_iters"": 15, ""final_polish_iters"": 100}"
02:30:18,config_kroA100_20260701_012653.json,kroA100,GWO-2opt,22,21653.8,"{""pack_size"": 70, ""max_iterations"": 150, ""initial_a"": 1.0, ""exploration_rate"": 0.6, ""max_no_improvement"": 75, ""polish_interval"": 35, ""polish_iters"": 15, ""final_polish_iters"": 100}"
02:30:22,config_kroA100_20260701_012653.json,kroA100,GWO-2opt,23,21775.6,"{""pack_size"": 70, ""max_iterations"": 150, ""initial_a"": 1.0, ""exploration_rate"": 0.6, ""max_no_improvement"": 75, ""polish_interval"": 35, ""polish_iters"": 15, ""final_polish_iters"": 100}"
02:30:25,config_kroA100_20260701_012653.json,kroA100,GWO-2opt,24,21775.6,"{""pack_size"": 70, ""max_iterations"": 150, ""initial_a"": 1.0, ""exploration_rate"": 0.6, ""max_no_improvement"": 75, ""polish_interval"": 35, ""polish_iters"": 15, ""final_polish_iters"": 100}"
02:30:28,config_kroA100_20260701_012653.json,kroA100,GWO-2opt,25,21621.4,"{""pack_size"": 70, ""max_iterations"": 150, ""initial_a"": 1.0, ""exploration_rate"": 0.6, ""max_no_improvement"": 75, ""polish_interval"": 35, ""polish_iters"": 15, ""final_polish_iters"": 100}"
02:30:31,config_kroA100_20260701_012653.json,kroA100,GWO-2opt,26,21632.8,"{""pack_size"": 70, ""max_iterations"": 150, ""initial_a"": 1.0, ""exploration_rate"": 0.6, ""max_no_improvement"": 75, ""polish_interval"": 35, ""polish_iters"": 15, ""final_polish_iters"": 100}"
02:30:34,config_kroA100_20260701_012653.json,kroA100,GWO-2opt,27,21872.6,"{""pack_size"": 70, ""max_iterations"": 150, ""initial_a"": 1.0, ""exploration_rate"": 0.6, ""max_no_improvement"": 75, ""polish_interval"": 35, ""polish_iters"": 15, ""final_polish_iters"": 100}"
02:30:37,config_kroA100_20260701_012653.json,kroA100,GWO-2opt,28,21873.4,"{""pack_size"": 70, ""max_iterations"": 150, ""initial_a"": 1.0, ""exploration_rate"": 0.6, ""max_no_improvement"": 75, ""polish_interval"": 35, ""polish_iters"": 15, ""final_polish_iters"": 100}"
02:30:40,config_kroA100_20260701_012653.json,kroA100,GWO-2opt,29,21792.2,"{""pack_size"": 70, ""max_iterations"": 250, ""initial_a"": 1.0, ""exploration_rate"": 0.6, ""max_no_improvement"": 75, ""polish_interval"": 35, ""polish_iters"": 15, ""final_polish_iters"": 100}"
02:30:43,config_kroA100_20260701_012653.json,kroA100,GWO-2opt,30,21766.2,"{""pack_size"": 70, ""max_iterations"": 350, ""initial_a"": 1.0, ""exploration_rate"": 0.6, ""max_no_improvement"": 75, ""polish_interval"": 35, ""polish_iters"": 15, ""final_polish_iters"": 100}"
02:30:46,config_kroA100_20260701_012653.json,kroA100,GWO-Pure,1,98985.8,"{""pack_size"": 50, ""max_iterations"": 150, ""initial_a"": 2.0, ""exploration_rate"": 0.6, ""max_no_improvement"": 50}"
02:30:52,config_kroA100_20260701_012653.json,kroA100,GWO-Pure,2,102379.8,"{""pack_size"": 70, ""max_iterations"": 350, ""initial_a"": 3.0, ""exploration_rate"": 0.4, ""max_no_improvement"": 75}"
02:30:55,config_kroA100_20260701_012653.json,kroA100,GWO-Pure,3,138316.6,"{""pack_size"": 30, ""max_iterations"": 250, ""initial_a"": 3.0, ""exploration_rate"": 0.6, ""max_no_improvement"": 75}"
02:30:59,config_kroA100_20260701_012653.json,kroA100,GWO-Pure,4,85263.6,"{""pack_size"": 30, ""max_iterations"": 350, ""initial_a"": 2.0, ""exploration_rate"": 0.4, ""max_no_improvement"": 100}"
02:31:04,config_kroA100_20260701_012653.json,kroA100,GWO-Pure,5,105253.8,"{""pack_size"": 70, ""max_iterations"": 350, ""initial_a"": 2.0, ""exploration_rate"": 0.2, ""max_no_improvement"": 75}"
02:31:08,config_kroA100_20260701_012653.json,kroA100,GWO-Pure,6,104534.4,"{""pack_size"": 50, ""max_iterations"": 350, ""initial_a"": 1.0, ""exploration_rate"": 0.6, ""max_no_improvement"": 75}"
02:31:13,config_kroA100_20260701_012653.json,kroA100,GWO-Pure,7,90897.8,"{""pack_size"": 70, ""max_iterations"": 250, ""initial_a"": 1.0, ""exploration_rate"": 0.6, ""max_no_improvement"": 100}"
02:31:18,config_kroA100_20260701_012653.json,kroA100,GWO-Pure,8,110521.0,"{""pack_size"": 70, ""max_iterations"": 350, ""initial_a"": 2.0, ""exploration_rate"": 0.4, ""max_no_improvement"": 75}"
02:31:22,config_kroA100_20260701_012653.json,kroA100,GWO-Pure,9,118913.8,"{""pack_size"": 50, ""max_iterations"": 350, ""initial_a"": 2.0, ""exploration_rate"": 0.2, ""max_no_improvement"": 100}"
02:31:26,config_kroA100_20260701_012653.json,kroA100,GWO-Pure,10,108190.4,"{""pack_size"": 70, ""max_iterations"": 250, ""initial_a"": 2.0, ""exploration_rate"": 0.6, ""max_no_improvement"": 50}"
02:31:28,config_kroA100_20260701_012653.json,kroA100,GWO-Pure,11,98195.0,"{""pack_size"": 30, ""max_iterations"": 150, ""initial_a"": 1.0, ""exploration_rate"": 0.4, ""max_no_improvement"": 100}"
02:31:31,config_kroA100_20260701_012653.json,kroA100,GWO-Pure,12,108045.2,"{""pack_size"": 30, ""max_iterations"": 250, ""initial_a"": 1.0, ""exploration_rate"": 0.4, ""max_no_improvement"": 100}"
02:31:34,config_kroA100_20260701_012653.json,kroA100,GWO-Pure,13,102308.6,"{""pack_size"": 30, ""max_iterations"": 250, ""initial_a"": 1.0, ""exploration_rate"": 0.6, ""max_no_improvement"": 100}"
02:31:39,config_kroA100_20260701_012653.json,kroA100,GWO-Pure,14,89746.4,"{""pack_size"": 70, ""max_iterations"": 250, ""initial_a"": 1.0, ""exploration_rate"": 0.4, ""max_no_improvement"": 100}"
02:31:41,config_kroA100_20260701_012653.json,kroA100,GWO-Pure,15,121475.4,"{""pack_size"": 30, ""max_iterations"": 150, ""initial_a"": 3.0, ""exploration_rate"": 0.4, ""max_no_improvement"": 100}"
02:31:47,config_kroA100_20260701_012653.json,kroA100,GWO-Pure,16,85676.0,"{""pack_size"": 70, ""max_iterations"": 350, ""initial_a"": 2.0, ""exploration_rate"": 0.4, ""max_no_improvement"": 100}"
02:31:50,config_kroA100_20260701_012653.json,kroA100,GWO-Pure,17,99081.2,"{""pack_size"": 30, ""max_iterations"": 350, ""initial_a"": 2.0, ""exploration_rate"": 0.4, ""max_no_improvement"": 100}"
02:31:55,config_kroA100_20260701_012653.json,kroA100,GWO-Pure,18,103853.4,"{""pack_size"": 70, ""max_iterations"": 350, ""initial_a"": 2.0, ""exploration_rate"": 0.4, ""max_no_improvement"": 50}"
02:31:59,config_kroA100_20260701_012653.json,kroA100,GWO-Pure,19,99397.8,"{""pack_size"": 30, ""max_iterations"": 350, ""initial_a"": 2.0, ""exploration_rate"": 0.2, ""max_no_improvement"": 100}"
02:32:03,config_kroA100_20260701_012653.json,kroA100,GWO-Pure,20,92385.8,"{""pack_size"": 50, ""max_iterations"": 350, ""initial_a"": 2.0, ""exploration_rate"": 0.4, ""max_no_improvement"": 100}"
02:32:08,config_kroA100_20260701_012653.json,kroA100,GWO-Pure,21,116690.0,"{""pack_size"": 70, ""max_iterations"": 350, ""initial_a"": 2.0, ""exploration_rate"": 0.4, ""max_no_improvement"": 50}"
02:32:12,config_kroA100_20260701_012653.json,kroA100,GWO-Pure,22,100227.2,"{""pack_size"": 70, ""max_iterations"": 250, ""initial_a"": 1.0, ""exploration_rate"": 0.4, ""max_no_improvement"": 100}"
02:32:16,config_kroA100_20260701_012653.json,kroA100,GWO-Pure,23,107446.0,"{""pack_size"": 70, ""max_iterations"": 250, ""initial_a"": 1.0, ""exploration_rate"": 0.4, ""max_no_improvement"": 100}"
02:32:20,config_kroA100_20260701_012653.json,kroA100,GWO-Pure,24,122851.4,"{""pack_size"": 70, ""max_iterations"": 150, ""initial_a"": 3.0, ""exploration_rate"": 0.4, ""max_no_improvement"": 100}"
02:32:25,config_kroA100_20260701_012653.json,kroA100,GWO-Pure,25,98596.8,"{""pack_size"": 70, ""max_iterations"": 350, ""initial_a"": 2.0, ""exploration_rate"": 0.4, ""max_no_improvement"": 100}"
02:32:28,config_kroA100_20260701_012653.json,kroA100,GWO-Pure,26,115020.0,"{""pack_size"": 30, ""max_iterations"": 250, ""initial_a"": 1.0, ""exploration_rate"": 0.2, ""max_no_improvement"": 100}"
02:32:34,config_kroA100_20260701_012653.json,kroA100,GWO-Pure,27,96873.6,"{""pack_size"": 70, ""max_iterations"": 350, ""initial_a"": 2.0, ""exploration_rate"": 0.4, ""max_no_improvement"": 100}"
02:32:39,config_kroA100_20260701_012653.json,kroA100,GWO-Pure,28,93393.0,"{""pack_size"": 70, ""max_iterations"": 350, ""initial_a"": 2.0, ""exploration_rate"": 0.4, ""max_no_improvement"": 100}"
02:32:42,config_kroA100_20260701_012653.json,kroA100,GWO-Pure,29,130295.4,"{""pack_size"": 50, ""max_iterations"": 150, ""initial_a"": 3.0, ""exploration_rate"": 0.4, ""max_no_improvement"": 100}"
02:32:45,config_kroA100_20260701_012653.json,kroA100,GWO-Pure,30,98744.6,"{""pack_size"": 30, ""max_iterations"": 250, ""initial_a"": 1.0, ""exploration_rate"": 0.2, ""max_no_improvement"": 50}"
02:32:48,config_kroA100_20260701_012653.json,kroA100,HHO-2opt,1,21680.2,"{""hawks"": 50, ""max_iterations"": 150, ""initial_energy"": 1.0, ""jump_probability"": 0.7, ""max_no_improvement"": 50, ""dive_count"": 5, ""levy_scale"": 0.5, ""polish_interval"": 35, ""polish_iters"": 10, ""final_polish_iters"": 200}"
02:32:50,config_kroA100_20260701_012653.json,kroA100,HHO-2opt,2,21939.2,"{""hawks"": 30, ""max_iterations"": 250, ""initial_energy"": 1.5, ""jump_probability"": 0.7, ""max_no_improvement"": 75, ""dive_count"": 2, ""levy_scale"": 0.5, ""polish_interval"": 25, ""polish_iters"": 10, ""final_polish_iters"": 300}"
02:32:54,config_kroA100_20260701_012653.json,kroA100,HHO-2opt,3,21712.0,"{""hawks"": 70, ""max_iterations"": 350, ""initial_energy"": 1.0, ""jump_probability"": 0.3, ""max_no_improvement"": 75, ""dive_count"": 3, ""levy_scale"": 0.5, ""polish_interval"": 15, ""polish_iters"": 15, ""final_polish_iters"": 200}"
02:32:57,config_kroA100_20260701_012653.json,kroA100,HHO-2opt,4,21774.0,"{""hawks"": 70, ""max_iterations"": 250, ""initial_energy"": 0.5, ""jump_probability"": 0.7, ""max_no_improvement"": 100, ""dive_count"": 5, ""levy_scale"": 0.5, ""polish_interval"": 25, ""polish_iters"": 10, ""final_polish_iters"": 200}"
02:33:00,config_kroA100_20260701_012653.json,kroA100,HHO-2opt,5,21770.6,"{""hawks"": 50, ""max_iterations"": 350, ""initial_energy"": 1.0, ""jump_probability"": 0.3, ""max_no_improvement"": 100, ""dive_count"": 5, ""levy_scale"": 0.3, ""polish_interval"": 25, ""polish_iters"": 15, ""final_polish_iters"": 100}"
02:33:03,config_kroA100_20260701_012653.json,kroA100,HHO-2opt,6,21736.8,"{""hawks"": 30, ""max_iterations"": 250, ""initial_energy"": 1.0, ""jump_probability"": 0.3, ""max_no_improvement"": 50, ""dive_count"": 2, ""levy_scale"": 0.5, ""polish_interval"": 25, ""polish_iters"": 15, ""final_polish_iters"": 200}"
02:33:07,config_kroA100_20260701_012653.json,kroA100,HHO-2opt,7,21707.8,"{""hawks"": 70, ""max_iterations"": 150, ""initial_energy"": 0.5, ""jump_probability"": 0.7, ""max_no_improvement"": 50, ""dive_count"": 5, ""levy_scale"": 0.2, ""polish_interval"": 35, ""polish_iters"": 5, ""final_polish_iters"": 100}"
02:33:09,config_kroA100_20260701_012653.json,kroA100,HHO-2opt,8,21735.6,"{""hawks"": 50, ""max_iterations"": 250, ""initial_energy"": 1.0, ""jump_probability"": 0.3, ""max_no_improvement"": 75, ""dive_count"": 3, ""levy_scale"": 0.2, ""polish_interval"": 25, ""polish_iters"": 10, ""final_polish_iters"": 200}"
02:33:12,config_kroA100_20260701_012653.json,kroA100,HHO-2opt,9,21932.4,"{""hawks"": 50, ""max_iterations"": 350, ""initial_energy"": 1.0, ""jump_probability"": 0.3, ""max_no_improvement"": 50, ""dive_count"": 3, ""levy_scale"": 0.5, ""polish_interval"": 15, ""polish_iters"": 5, ""final_polish_iters"": 100}"
02:33:15,config_kroA100_20260701_012653.json,kroA100,HHO-2opt,10,21820.4,"{""hawks"": 70, ""max_iterations"": 150, ""initial_energy"": 0.5, ""jump_probability"": 0.5, ""max_no_improvement"": 100, ""dive_count"": 5, ""levy_scale"": 0.3, ""polish_interval"": 25, ""polish_iters"": 15, ""final_polish_iters"": 200}"
02:33:18,config_kroA100_20260701_012653.json,kroA100,HHO-2opt,11,21759.0,"{""hawks"": 50, ""max_iterations"": 150, ""initial_energy"": 1.5, ""jump_probability"": 0.5, ""max_no_improvement"": 50, ""dive_count"": 5, ""levy_scale"": 0.2, ""polish_interval"": 35, ""polish_iters"": 10, ""final_polish_iters"": 300}"
02:33:21,config_kroA100_20260701_012653.json,kroA100,HHO-2opt,12,21779.6,"{""hawks"": 70, ""max_iterations"": 150, ""initial_energy"": 0.5, ""jump_probability"": 0.7, ""max_no_improvement"": 50, ""dive_count"": 5, ""levy_scale"": 0.2, ""polish_interval"": 35, ""polish_iters"": 5, ""final_polish_iters"": 100}"
02:33:24,config_kroA100_20260701_012653.json,kroA100,HHO-2opt,13,21950.0,"{""hawks"": 50, ""max_iterations"": 150, ""initial_energy"": 0.5, ""jump_probability"": 0.7, ""max_no_improvement"": 50, ""dive_count"": 5, ""levy_scale"": 0.2, ""polish_interval"": 35, ""polish_iters"": 5, ""final_polish_iters"": 100}"
02:33:28,config_kroA100_20260701_012653.json,kroA100,HHO-2opt,14,21800.8,"{""hawks"": 70, ""max_iterations"": 150, ""initial_energy"": 0.5, ""jump_probability"": 0.7, ""max_no_improvement"": 50, ""dive_count"": 5, ""levy_scale"": 0.2, ""polish_interval"": 35, ""polish_iters"": 5, ""final_polish_iters"": 100}"
02:33:30,config_kroA100_20260701_012653.json,kroA100,HHO-2opt,15,21921.2,"{""hawks"": 30, ""max_iterations"": 150, ""initial_energy"": 1.5, ""jump_probability"": 0.7, ""max_no_improvement"": 50, ""dive_count"": 5, ""levy_scale"": 0.3, ""polish_interval"": 35, ""polish_iters"": 10, ""final_polish_iters"": 300}"
02:33:33,config_kroA100_20260701_012653.json,kroA100,HHO-2opt,16,21770.4,"{""hawks"": 50, ""max_iterations"": 150, ""initial_energy"": 1.0, ""jump_probability"": 0.7, ""max_no_improvement"": 50, ""dive_count"": 2, ""levy_scale"": 0.5, ""polish_interval"": 35, ""polish_iters"": 5, ""final_polish_iters"": 200}"
02:33:36,config_kroA100_20260701_012653.json,kroA100,HHO-2opt,17,21885.0,"{""hawks"": 70, ""max_iterations"": 150, ""initial_energy"": 0.5, ""jump_probability"": 0.7, ""max_no_improvement"": 50, ""dive_count"": 5, ""levy_scale"": 0.2, ""polish_interval"": 35, ""polish_iters"": 10, ""final_polish_iters"": 100}"
02:33:39,config_kroA100_20260701_012653.json,kroA100,HHO-2opt,18,21746.8,"{""hawks"": 70, ""max_iterations"": 150, ""initial_energy"": 0.5, ""jump_probability"": 0.5, ""max_no_improvement"": 50, ""dive_count"": 5, ""levy_scale"": 0.2, ""polish_interval"": 35, ""polish_iters"": 5, ""final_polish_iters"": 100}"
02:33:42,config_kroA100_20260701_012653.json,kroA100,HHO-2opt,19,21883.8,"{""hawks"": 50, ""max_iterations"": 150, ""initial_energy"": 1.0, ""jump_probability"": 0.7, ""max_no_improvement"": 75, ""dive_count"": 2, ""levy_scale"": 0.5, ""polish_interval"": 15, ""polish_iters"": 5, ""final_polish_iters"": 200}"
02:33:44,config_kroA100_20260701_012653.json,kroA100,HHO-2opt,20,21791.6,"{""hawks"": 30, ""max_iterations"": 350, ""initial_energy"": 1.5, ""jump_probability"": 0.7, ""max_no_improvement"": 100, ""dive_count"": 3, ""levy_scale"": 0.3, ""polish_interval"": 35, ""polish_iters"": 10, ""final_polish_iters"": 300}"
02:33:47,config_kroA100_20260701_012653.json,kroA100,HHO-2opt,21,21612.4,"{""hawks"": 70, ""max_iterations"": 150, ""initial_energy"": 1.0, ""jump_probability"": 0.5, ""max_no_improvement"": 50, ""dive_count"": 5, ""levy_scale"": 0.5, ""polish_interval"": 35, ""polish_iters"": 5, ""final_polish_iters"": 100}"
02:33:50,config_kroA100_20260701_012653.json,kroA100,HHO-2opt,22,21666.6,"{""hawks"": 70, ""max_iterations"": 150, ""initial_energy"": 1.0, ""jump_probability"": 0.5, ""max_no_improvement"": 50, ""dive_count"": 5, ""levy_scale"": 0.5, ""polish_interval"": 35, ""polish_iters"": 5, ""final_polish_iters"": 100}"
02:33:53,config_kroA100_20260701_012653.json,kroA100,HHO-2opt,23,21775.6,"{""hawks"": 70, ""max_iterations"": 150, ""initial_energy"": 1.0, ""jump_probability"": 0.5, ""max_no_improvement"": 50, ""dive_count"": 5, ""levy_scale"": 0.5, ""polish_interval"": 35, ""polish_iters"": 5, ""final_polish_iters"": 100}"
02:33:56,config_kroA100_20260701_012653.json,kroA100,HHO-2opt,24,21775.6,"{""hawks"": 70, ""max_iterations"": 150, ""initial_energy"": 1.0, ""jump_probability"": 0.5, ""max_no_improvement"": 50, ""dive_count"": 5, ""levy_scale"": 0.5, ""polish_interval"": 35, ""polish_iters"": 5, ""final_polish_iters"": 100}"
02:33:59,config_kroA100_20260701_012653.json,kroA100,HHO-2opt,25,21622.4,"{""hawks"": 70, ""max_iterations"": 150, ""initial_energy"": 1.0, ""jump_probability"": 0.5, ""max_no_improvement"": 50, ""dive_count"": 5, ""levy_scale"": 0.5, ""polish_interval"": 35, ""polish_iters"": 5, ""final_polish_iters"": 100}"
02:34:03,config_kroA100_20260701_012653.json,kroA100,HHO-2opt,26,21632.8,"{""hawks"": 70, ""max_iterations"": 150, ""initial_energy"": 1.0, ""jump_probability"": 0.5, ""max_no_improvement"": 50, ""dive_count"": 5, ""levy_scale"": 0.5, ""polish_interval"": 15, ""polish_iters"": 5, ""final_polish_iters"": 100}"
02:34:06,config_kroA100_20260701_012653.json,kroA100,HHO-2opt,27,21909.2,"{""hawks"": 70, ""max_iterations"": 150, ""initial_energy"": 1.0, ""jump_probability"": 0.5, ""max_no_improvement"": 50, ""dive_count"": 5, ""levy_scale"": 0.5, ""polish_interval"": 15, ""polish_iters"": 5, ""final_polish_iters"": 100}"
02:34:09,config_kroA100_20260701_012653.json,kroA100,HHO-2opt,28,21873.4,"{""hawks"": 70, ""max_iterations"": 150, ""initial_energy"": 1.0, ""jump_probability"": 0.5, ""max_no_improvement"": 50, ""dive_count"": 5, ""levy_scale"": 0.5, ""polish_interval"": 15, ""polish_iters"": 5, ""final_polish_iters"": 100}"
02:34:12,config_kroA100_20260701_012653.json,kroA100,HHO-2opt,29,21792.2,"{""hawks"": 70, ""max_iterations"": 350, ""initial_energy"": 1.0, ""jump_probability"": 0.5, ""max_no_improvement"": 75, ""dive_count"": 3, ""levy_scale"": 0.5, ""polish_interval"": 15, ""polish_iters"": 5, ""final_polish_iters"": 100}"
02:34:16,config_kroA100_20260701_012653.json,kroA100,HHO-2opt,30,21773.6,"{""hawks"": 70, ""max_iterations"": 250, ""initial_energy"": 1.0, ""jump_probability"": 0.5, ""max_no_improvement"": 100, ""dive_count"": 2, ""levy_scale"": 0.5, ""polish_interval"": 15, ""polish_iters"": 5, ""final_polish_iters"": 100}"
02:34:19,config_kroA100_20260701_012653.json,kroA100,HHO-Pure,1,121600.8,"{""hawks"": 50, ""max_iterations"": 150, ""initial_energy"": 1.0, ""jump_probability"": 0.7, ""max_no_improvement"": 50, ""dive_count"": 5, ""levy_scale"": 0.5}"
02:34:23,config_kroA100_20260701_012653.json,kroA100,HHO-Pure,2,126364.2,"{""hawks"": 70, ""max_iterations"": 250, ""initial_energy"": 1.0, ""jump_probability"": 0.3, ""max_no_improvement"": 75, ""dive_count"": 5, ""levy_scale"": 0.5}"
02:34:26,config_kroA100_20260701_012653.json,kroA100,HHO-Pure,3,126670.6,"{""hawks"": 50, ""max_iterations"": 150, ""initial_energy"": 1.5, ""jump_probability"": 0.5, ""max_no_improvement"": 75, ""dive_count"": 5, ""levy_scale"": 0.5}"
02:34:30,config_kroA100_20260701_012653.json,kroA100,HHO-Pure,4,122613.2,"{""hawks"": 70, ""max_iterations"": 250, ""initial_energy"": 0.5, ""jump_probability"": 0.5, ""max_no_improvement"": 75, ""dive_count"": 5, ""levy_scale"": 0.2}"
02:34:34,config_kroA100_20260701_012653.json,kroA100,HHO-Pure,5,122430.6,"{""hawks"": 70, ""max_iterations"": 250, ""initial_energy"": 1.5, ""jump_probability"": 0.5, ""max_no_improvement"": 50, ""dive_count"": 5, ""levy_scale"": 0.5}"
02:34:39,config_kroA100_20260701_012653.json,kroA100,HHO-Pure,6,119832.0,"{""hawks"": 70, ""max_iterations"": 350, ""initial_energy"": 1.0, ""jump_probability"": 0.5, ""max_no_improvement"": 75, ""dive_count"": 3, ""levy_scale"": 0.5}"
02:34:42,config_kroA100_20260701_012653.json,kroA100,HHO-Pure,7,122982.2,"{""hawks"": 50, ""max_iterations"": 150, ""initial_energy"": 1.5, ""jump_probability"": 0.7, ""max_no_improvement"": 75, ""dive_count"": 3, ""levy_scale"": 0.5}"
02:34:45,config_kroA100_20260701_012653.json,kroA100,HHO-Pure,8,130328.2,"{""hawks"": 30, ""max_iterations"": 150, ""initial_energy"": 1.0, ""jump_probability"": 0.5, ""max_no_improvement"": 50, ""dive_count"": 2, ""levy_scale"": 0.2}"
02:34:49,config_kroA100_20260701_012653.json,kroA100,HHO-Pure,9,125806.8,"{""hawks"": 70, ""max_iterations"": 250, ""initial_energy"": 1.5, ""jump_probability"": 0.5, ""max_no_improvement"": 100, ""dive_count"": 2, ""levy_scale"": 0.2}"
02:34:53,config_kroA100_20260701_012653.json,kroA100,HHO-Pure,10,119442.8,"{""hawks"": 70, ""max_iterations"": 150, ""initial_energy"": 1.5, ""jump_probability"": 0.3, ""max_no_improvement"": 100, ""dive_count"": 2, ""levy_scale"": 0.2}"
02:34:56,config_kroA100_20260701_012653.json,kroA100,HHO-Pure,11,121941.0,"{""hawks"": 30, ""max_iterations"": 350, ""initial_energy"": 0.5, ""jump_probability"": 0.3, ""max_no_improvement"": 100, ""dive_count"": 2, ""levy_scale"": 0.3}"
02:35:01,config_kroA100_20260701_012653.json,kroA100,HHO-Pure,12,115994.8,"{""hawks"": 70, ""max_iterations"": 350, ""initial_energy"": 1.0, ""jump_probability"": 0.3, ""max_no_improvement"": 100, ""dive_count"": 3, ""levy_scale"": 0.3}"
02:35:06,config_kroA100_20260701_012653.json,kroA100,HHO-Pure,13,119903.0,"{""hawks"": 70, ""max_iterations"": 350, ""initial_energy"": 1.5, ""jump_probability"": 0.3, ""max_no_improvement"": 100, ""dive_count"": 3, ""levy_scale"": 0.3}"
02:35:11,config_kroA100_20260701_012653.json,kroA100,HHO-Pure,14,128798.4,"{""hawks"": 70, ""max_iterations"": 350, ""initial_energy"": 1.0, ""jump_probability"": 0.3, ""max_no_improvement"": 100, ""dive_count"": 2, ""levy_scale"": 0.3}"
02:35:15,config_kroA100_20260701_012653.json,kroA100,HHO-Pure,15,124022.4,"{""hawks"": 70, ""max_iterations"": 150, ""initial_energy"": 0.5, ""jump_probability"": 0.3, ""max_no_improvement"": 100, ""dive_count"": 3, ""levy_scale"": 0.3}"
02:35:18,config_kroA100_20260701_012653.json,kroA100,HHO-Pure,16,125078.0,"{""hawks"": 30, ""max_iterations"": 350, ""initial_energy"": 1.5, ""jump_probability"": 0.3, ""max_no_improvement"": 100, ""dive_count"": 2, ""levy_scale"": 0.2}"
02:35:23,config_kroA100_20260701_012653.json,kroA100,HHO-Pure,17,124798.4,"{""hawks"": 70, ""max_iterations"": 350, ""initial_energy"": 1.0, ""jump_probability"": 0.3, ""max_no_improvement"": 100, ""dive_count"": 3, ""levy_scale"": 0.3}"
02:35:26,config_kroA100_20260701_012653.json,kroA100,HHO-Pure,18,125145.4,"{""hawks"": 70, ""max_iterations"": 150, ""initial_energy"": 1.5, ""jump_probability"": 0.3, ""max_no_improvement"": 100, ""dive_count"": 3, ""levy_scale"": 0.2}"
02:35:29,config_kroA100_20260701_012653.json,kroA100,HHO-Pure,19,124684.0,"{""hawks"": 30, ""max_iterations"": 150, ""initial_energy"": 1.0, ""jump_probability"": 0.7, ""max_no_improvement"": 100, ""dive_count"": 2, ""levy_scale"": 0.3}"
02:35:33,config_kroA100_20260701_012653.json,kroA100,HHO-Pure,20,121108.8,"{""hawks"": 50, ""max_iterations"": 350, ""initial_energy"": 0.5, ""jump_probability"": 0.3, ""max_no_improvement"": 100, ""dive_count"": 3, ""levy_scale"": 0.2}"
02:35:38,config_kroA100_20260701_012653.json,kroA100,HHO-Pure,21,121154.2,"{""hawks"": 70, ""max_iterations"": 350, ""initial_energy"": 1.5, ""jump_probability"": 0.3, ""max_no_improvement"": 50, ""dive_count"": 2, ""levy_scale"": 0.3}"
02:35:43,config_kroA100_20260701_012653.json,kroA100,HHO-Pure,22,124575.6,"{""hawks"": 70, ""max_iterations"": 350, ""initial_energy"": 1.0, ""jump_probability"": 0.5, ""max_no_improvement"": 75, ""dive_count"": 3, ""levy_scale"": 0.5}"
02:35:47,config_kroA100_20260701_012653.json,kroA100,HHO-Pure,23,124460.8,"{""hawks"": 70, ""max_iterations"": 350, ""initial_energy"": 1.0, ""jump_probability"": 0.5, ""max_no_improvement"": 75, ""dive_count"": 3, ""levy_scale"": 0.2}"
02:35:52,config_kroA100_20260701_012653.json,kroA100,HHO-Pure,24,115332.0,"{""hawks"": 70, ""max_iterations"": 350, ""initial_energy"": 1.0, ""jump_probability"": 0.7, ""max_no_improvement"": 75, ""dive_count"": 3, ""levy_scale"": 0.5}"
02:35:57,config_kroA100_20260701_012653.json,kroA100,HHO-Pure,25,119302.4,"{""hawks"": 70, ""max_iterations"": 350, ""initial_energy"": 1.0, ""jump_probability"": 0.7, ""max_no_improvement"": 100, ""dive_count"": 3, ""levy_scale"": 0.2}"
02:36:02,config_kroA100_20260701_012653.json,kroA100,HHO-Pure,26,125832.4,"{""hawks"": 70, ""max_iterations"": 350, ""initial_energy"": 1.0, ""jump_probability"": 0.7, ""max_no_improvement"": 75, ""dive_count"": 3, ""levy_scale"": 0.5}"
02:36:06,config_kroA100_20260701_012653.json,kroA100,HHO-Pure,27,120201.0,"{""hawks"": 70, ""max_iterations"": 350, ""initial_energy"": 1.0, ""jump_probability"": 0.7, ""max_no_improvement"": 100, ""dive_count"": 3, ""levy_scale"": 0.3}"
02:36:11,config_kroA100_20260701_012653.json,kroA100,HHO-Pure,28,123954.0,"{""hawks"": 70, ""max_iterations"": 350, ""initial_energy"": 1.0, ""jump_probability"": 0.7, ""max_no_improvement"": 100, ""dive_count"": 3, ""levy_scale"": 0.2}"
02:36:14,config_kroA100_20260701_012653.json,kroA100,HHO-Pure,29,127166.6,"{""hawks"": 30, ""max_iterations"": 350, ""initial_energy"": 1.0, ""jump_probability"": 0.7, ""max_no_improvement"": 50, ""dive_count"": 3, ""levy_scale"": 0.3}"
02:36:17,config_kroA100_20260701_012653.json,kroA100,HHO-Pure,30,124127.4,"{""hawks"": 50, ""max_iterations"": 350, ""initial_energy"": 1.0, ""jump_probability"": 0.7, ""max_no_improvement"": 75, ""dive_count"": 3, ""levy_scale"": 0.5}"
02:36:29,config_kroA100_20260701_012653.json,kroA100,GWO-LKH,1,27534.0,"{""pack_size"": 50, ""max_iterations"": 150, ""initial_a"": 2.0, ""exploration_rate"": 0.6, ""max_no_improvement"": 50, ""polish_interval"": 35, ""polish_iters"": 15, ""final_polish_iters"": 300}"
02:36:40,config_kroA100_20260701_012653.json,kroA100,GWO-LKH,2,28960.8,"{""pack_size"": 50, ""max_iterations"": 250, ""initial_a"": 1.0, ""exploration_rate"": 0.4, ""max_no_improvement"": 100, ""polish_interval"": 35, ""polish_iters"": 10, ""final_polish_iters"": 100}"
02:36:56,config_kroA100_20260701_012653.json,kroA100,GWO-LKH,3,27532.4,"{""pack_size"": 70, ""max_iterations"": 250, ""initial_a"": 2.0, ""exploration_rate"": 0.6, ""max_no_improvement"": 100, ""polish_interval"": 35, ""polish_iters"": 10, ""final_polish_iters"": 100}"
02:37:07,config_kroA100_20260701_012653.json,kroA100,GWO-LKH,4,29014.6,"{""pack_size"": 50, ""max_iterations"": 250, ""initial_a"": 3.0, ""exploration_rate"": 0.2, ""max_no_improvement"": 100, ""polish_interval"": 25, ""polish_iters"": 15, ""final_polish_iters"": 200}"
02:37:15,config_kroA100_20260701_012653.json,kroA100,GWO-LKH,5,28878.0,"{""pack_size"": 30, ""max_iterations"": 350, ""initial_a"": 3.0, ""exploration_rate"": 0.6, ""max_no_improvement"": 100, ""polish_interval"": 25, ""polish_iters"": 10, ""final_polish_iters"": 200}"
02:37:26,config_kroA100_20260701_012653.json,kroA100,GWO-LKH,6,27437.6,"{""pack_size"": 50, ""max_iterations"": 350, ""initial_a"": 2.0, ""exploration_rate"": 0.2, ""max_no_improvement"": 100, ""polish_interval"": 35, ""polish_iters"": 10, ""final_polish_iters"": 200}"
02:37:40,config_kroA100_20260701_012653.json,kroA100,GWO-LKH,7,27995.6,"{""pack_size"": 70, ""max_iterations"": 150, ""initial_a"": 1.0, ""exploration_rate"": 0.4, ""max_no_improvement"": 75, ""polish_interval"": 15, ""polish_iters"": 5, ""final_polish_iters"": 100}"
02:37:55,config_kroA100_20260701_012653.json,kroA100,GWO-LKH,8,28335.8,"{""pack_size"": 70, ""max_iterations"": 250, ""initial_a"": 3.0, ""exploration_rate"": 0.4, ""max_no_improvement"": 100, ""polish_interval"": 15, ""polish_iters"": 5, ""final_polish_iters"": 300}"
02:38:02,config_kroA100_20260701_012653.json,kroA100,GWO-LKH,9,29424.2,"{""pack_size"": 30, ""max_iterations"": 350, ""initial_a"": 1.0, ""exploration_rate"": 0.6, ""max_no_improvement"": 50, ""polish_interval"": 15, ""polish_iters"": 10, ""final_polish_iters"": 200}"
02:38:14,config_kroA100_20260701_012653.json,kroA100,GWO-LKH,10,27755.2,"{""pack_size"": 50, ""max_iterations"": 150, ""initial_a"": 2.0, ""exploration_rate"": 0.4, ""max_no_improvement"": 50, ""polish_interval"": 25, ""polish_iters"": 10, ""final_polish_iters"": 200}"
02:38:24,config_kroA100_20260701_012653.json,kroA100,GWO-LKH,11,29229.6,"{""pack_size"": 50, ""max_iterations"": 350, ""initial_a"": 2.0, ""exploration_rate"": 0.2, ""max_no_improvement"": 75, ""polish_interval"": 35, ""polish_iters"": 5, ""final_polish_iters"": 200}"
02:38:40,config_kroA100_20260701_012653.json,kroA100,GWO-LKH,12,28192.8,"{""pack_size"": 70, ""max_iterations"": 250, ""initial_a"": 2.0, ""exploration_rate"": 0.2, ""max_no_improvement"": 100, ""polish_interval"": 35, ""polish_iters"": 10, ""final_polish_iters"": 100}"
02:38:56,config_kroA100_20260701_012653.json,kroA100,GWO-LKH,13,27672.0,"{""pack_size"": 70, ""max_iterations"": 350, ""initial_a"": 2.0, ""exploration_rate"": 0.6, ""max_no_improvement"": 100, ""polish_interval"": 35, ""polish_iters"": 10, ""final_polish_iters"": 100}"
02:39:10,config_kroA100_20260701_012653.json,kroA100,GWO-LKH,14,28450.8,"{""pack_size"": 70, ""max_iterations"": 250, ""initial_a"": 2.0, ""exploration_rate"": 0.2, ""max_no_improvement"": 100, ""polish_interval"": 35, ""polish_iters"": 10, ""final_polish_iters"": 100}"
02:39:18,config_kroA100_20260701_012653.json,kroA100,GWO-LKH,15,28372.0,"{""pack_size"": 30, ""max_iterations"": 350, ""initial_a"": 2.0, ""exploration_rate"": 0.6, ""max_no_improvement"": 100, ""polish_interval"": 35, ""polish_iters"": 15, ""final_polish_iters"": 300}"
02:39:29,config_kroA100_20260701_012653.json,kroA100,GWO-LKH,16,28116.4,"{""pack_size"": 50, ""max_iterations"": 350, ""initial_a"": 2.0, ""exploration_rate"": 0.2, ""max_no_improvement"": 75, ""polish_interval"": 35, ""polish_iters"": 10, ""final_polish_iters"": 200}"
02:39:45,config_kroA100_20260701_012653.json,kroA100,GWO-LKH,17,28336.8,"{""pack_size"": 70, ""max_iterations"": 250, ""initial_a"": 2.0, ""exploration_rate"": 0.6, ""max_no_improvement"": 100, ""polish_interval"": 35, ""polish_iters"": 10, ""final_polish_iters"": 100}"
02:39:57,config_kroA100_20260701_012653.json,kroA100,GWO-LKH,18,27431.2,"{""pack_size"": 50, ""max_iterations"": 250, ""initial_a"": 2.0, ""exploration_rate"": 0.2, ""max_no_improvement"": 100, ""polish_interval"": 35, ""polish_iters"": 10, ""final_polish_iters"": 100}"
02:40:08,config_kroA100_20260701_012653.json,kroA100,GWO-LKH,19,28286.2,"{""pack_size"": 50, ""max_iterations"": 350, ""initial_a"": 3.0, ""exploration_rate"": 0.2, ""max_no_improvement"": 75, ""polish_interval"": 25, ""polish_iters"": 5, ""final_polish_iters"": 200}"
02:40:20,config_kroA100_20260701_012653.json,kroA100,GWO-LKH,20,29015.8,"{""pack_size"": 50, ""max_iterations"": 150, ""initial_a"": 1.0, ""exploration_rate"": 0.2, ""max_no_improvement"": 50, ""polish_interval"": 15, ""polish_iters"": 15, ""final_polish_iters"": 300}"
02:40:32,config_kroA100_20260701_012653.json,kroA100,GWO-LKH,21,28354.2,"{""pack_size"": 50, ""max_iterations"": 350, ""initial_a"": 2.0, ""exploration_rate"": 0.2, ""max_no_improvement"": 100, ""polish_interval"": 35, ""polish_iters"": 10, ""final_polish_iters"": 100}"
02:40:44,config_kroA100_20260701_012653.json,kroA100,GWO-LKH,22,28359.4,"{""pack_size"": 50, ""max_iterations"": 250, ""initial_a"": 2.0, ""exploration_rate"": 0.2, ""max_no_improvement"": 100, ""polish_interval"": 35, ""polish_iters"": 10, ""final_polish_iters"": 100}"
02:40:59,config_kroA100_20260701_012653.json,kroA100,GWO-LKH,23,27599.6,"{""pack_size"": 70, ""max_iterations"": 250, ""initial_a"": 2.0, ""exploration_rate"": 0.2, ""max_no_improvement"": 100, ""polish_interval"": 35, ""polish_iters"": 10, ""final_polish_iters"": 100}"
02:41:07,config_kroA100_20260701_012653.json,kroA100,GWO-LKH,24,28545.8,"{""pack_size"": 30, ""max_iterations"": 250, ""initial_a"": 2.0, ""exploration_rate"": 0.6, ""max_no_improvement"": 100, ""polish_interval"": 35, ""polish_iters"": 10, ""final_polish_iters"": 100}"
02:41:18,config_kroA100_20260701_012653.json,kroA100,GWO-LKH,25,27967.4,"{""pack_size"": 50, ""max_iterations"": 250, ""initial_a"": 2.0, ""exploration_rate"": 0.2, ""max_no_improvement"": 100, ""polish_interval"": 35, ""polish_iters"": 10, ""final_polish_iters"": 100}"
02:41:33,config_kroA100_20260701_012653.json,kroA100,GWO-LKH,26,27793.4,"{""pack_size"": 70, ""max_iterations"": 250, ""initial_a"": 2.0, ""exploration_rate"": 0.6, ""max_no_improvement"": 100, ""polish_interval"": 35, ""polish_iters"": 10, ""final_polish_iters"": 200}"
02:41:44,config_kroA100_20260701_012653.json,kroA100,GWO-LKH,27,29763.4,"{""pack_size"": 50, ""max_iterations"": 250, ""initial_a"": 2.0, ""exploration_rate"": 0.2, ""max_no_improvement"": 100, ""polish_interval"": 35, ""polish_iters"": 10, ""final_polish_iters"": 100}"
02:41:56,config_kroA100_20260701_012653.json,kroA100,GWO-LKH,28,27943.2,"{""pack_size"": 50, ""max_iterations"": 250, ""initial_a"": 2.0, ""exploration_rate"": 0.2, ""max_no_improvement"": 100, ""polish_interval"": 35, ""polish_iters"": 10, ""final_polish_iters"": 100}"
02:42:04,config_kroA100_20260701_012653.json,kroA100,GWO-LKH,29,28912.4,"{""pack_size"": 30, ""max_iterations"": 150, ""initial_a"": 3.0, ""exploration_rate"": 0.4, ""max_no_improvement"": 75, ""polish_interval"": 25, ""polish_iters"": 15, ""final_polish_iters"": 300}"
02:42:17,config_kroA100_20260701_012653.json,kroA100,GWO-LKH,30,27163.0,"{""pack_size"": 70, ""max_iterations"": 350, ""initial_a"": 1.0, ""exploration_rate"": 0.6, ""max_no_improvement"": 50, ""polish_interval"": 15, ""polish_iters"": 5, ""final_polish_iters"": 200}"
02:43:29,config_kroA100_20260701_012653.json,kroA100,GWO-ALNS,1,21282.0,"{""pack_size"": 50, ""max_iterations"": 150, ""initial_a"": 2.0, ""exploration_rate"": 0.6, ""max_no_improvement"": 50, ""polish_interval"": 35, ""alns_iterations"": 150, ""alns_remove_ratio"": 0.2, ""final_polish_iters"": 200}"
02:43:55,config_kroA100_20260701_012653.json,kroA100,GWO-ALNS,2,21339.2,"{""pack_size"": 50, ""max_iterations"": 150, ""initial_a"": 2.0, ""exploration_rate"": 0.6, ""max_no_improvement"": 100, ""polish_interval"": 25, ""alns_iterations"": 50, ""alns_remove_ratio"": 0.2, ""final_polish_iters"": 200}"
02:44:27,config_kroA100_20260701_012653.json,kroA100,GWO-ALNS,3,21329.8,"{""pack_size"": 50, ""max_iterations"": 350, ""initial_a"": 3.0, ""exploration_rate"": 0.6, ""max_no_improvement"": 75, ""polish_interval"": 15, ""alns_iterations"": 100, ""alns_remove_ratio"": 0.15, ""final_polish_iters"": 300}"
02:45:15,config_kroA100_20260701_012653.json,kroA100,GWO-ALNS,4,21289.6,"{""pack_size"": 30, ""max_iterations"": 350, ""initial_a"": 2.0, ""exploration_rate"": 0.6, ""max_no_improvement"": 75, ""polish_interval"": 15, ""alns_iterations"": 150, ""alns_remove_ratio"": 0.2, ""final_polish_iters"": 300}"
02:45:39,config_kroA100_20260701_012653.json,kroA100,GWO-ALNS,5,21656.4,"{""pack_size"": 70, ""max_iterations"": 250, ""initial_a"": 2.0, ""exploration_rate"": 0.4, ""max_no_improvement"": 75, ""polish_interval"": 35, ""alns_iterations"": 100, ""alns_remove_ratio"": 0.1, ""final_polish_iters"": 300}"
02:46:23,config_kroA100_20260701_012653.json,kroA100,GWO-ALNS,6,21282.0,"{""pack_size"": 70, ""max_iterations"": 250, ""initial_a"": 2.0, ""exploration_rate"": 0.6, ""max_no_improvement"": 50, ""polish_interval"": 15, ""alns_iterations"": 100, ""alns_remove_ratio"": 0.15, ""final_polish_iters"": 100}"
02:46:41,config_kroA100_20260701_012653.json,kroA100,GWO-ALNS,7,21376.2,"{""pack_size"": 30, ""max_iterations"": 150, ""initial_a"": 3.0, ""exploration_rate"": 0.4, ""max_no_improvement"": 100, ""polish_interval"": 25, ""alns_iterations"": 150, ""alns_remove_ratio"": 0.1, ""final_polish_iters"": 100}"
02:47:05,config_kroA100_20260701_012653.json,kroA100,GWO-ALNS,8,21388.0,"{""pack_size"": 70, ""max_iterations"": 150, ""initial_a"": 3.0, ""exploration_rate"": 0.2, ""max_no_improvement"": 100, ""polish_interval"": 15, ""alns_iterations"": 50, ""alns_remove_ratio"": 0.15, ""final_polish_iters"": 200}"
02:47:36,config_kroA100_20260701_012653.json,kroA100,GWO-ALNS,9,21300.8,"{""pack_size"": 50, ""max_iterations"": 150, ""initial_a"": 2.0, ""exploration_rate"": 0.4, ""max_no_improvement"": 50, ""polish_interval"": 25, ""alns_iterations"": 100, ""alns_remove_ratio"": 0.15, ""final_polish_iters"": 200}"
02:47:52,config_kroA100_20260701_012653.json,kroA100,GWO-ALNS,10,21713.6,"{""pack_size"": 70, ""max_iterations"": 250, ""initial_a"": 1.0, ""exploration_rate"": 0.2, ""max_no_improvement"": 75, ""polish_interval"": 35, ""alns_iterations"": 50, ""alns_remove_ratio"": 0.1, ""final_polish_iters"": 100}"
02:49:02,config_kroA100_20260701_012653.json,kroA100,GWO-ALNS,11,21282.0,"{""pack_size"": 50, ""max_iterations"": 150, ""initial_a"": 1.0, ""exploration_rate"": 0.6, ""max_no_improvement"": 50, ""polish_interval"": 35, ""alns_iterations"": 150, ""alns_remove_ratio"": 0.2, ""final_polish_iters"": 200}"
02:49:48,config_kroA100_20260701_012653.json,kroA100,GWO-ALNS,12,21309.0,"{""pack_size"": 70, ""max_iterations"": 250, ""initial_a"": 2.0, ""exploration_rate"": 0.6, ""max_no_improvement"": 50, ""polish_interval"": 15, ""alns_iterations"": 100, ""alns_remove_ratio"": 0.15, ""final_polish_iters"": 100}"
02:50:58,config_kroA100_20260701_012653.json,kroA100,GWO-ALNS,13,21282.0,"{""pack_size"": 50, ""max_iterations"": 250, ""initial_a"": 2.0, ""exploration_rate"": 0.6, ""max_no_improvement"": 50, ""polish_interval"": 35, ""alns_iterations"": 150, ""alns_remove_ratio"": 0.2, ""final_polish_iters"": 100}"
02:52:01,config_kroA100_20260701_012653.json,kroA100,GWO-ALNS,14,21284.0,"{""pack_size"": 70, ""max_iterations"": 250, ""initial_a"": 2.0, ""exploration_rate"": 0.6, ""max_no_improvement"": 50, ""polish_interval"": 35, ""alns_iterations"": 150, ""alns_remove_ratio"": 0.15, ""final_polish_iters"": 100}"
02:52:36,config_kroA100_20260701_012653.json,kroA100,GWO-ALNS,15,21301.8,"{""pack_size"": 30, ""max_iterations"": 350, ""initial_a"": 2.0, ""exploration_rate"": 0.6, ""max_no_improvement"": 50, ""polish_interval"": 15, ""alns_iterations"": 100, ""alns_remove_ratio"": 0.2, ""final_polish_iters"": 200}"
02:53:21,config_kroA100_20260701_012653.json,kroA100,GWO-ALNS,16,21294.2,"{""pack_size"": 50, ""max_iterations"": 150, ""initial_a"": 1.0, ""exploration_rate"": 0.2, ""max_no_improvement"": 50, ""polish_interval"": 15, ""alns_iterations"": 150, ""alns_remove_ratio"": 0.15, ""final_polish_iters"": 200}"
02:54:25,config_kroA100_20260701_012653.json,kroA100,GWO-ALNS,17,21289.6,"{""pack_size"": 70, ""max_iterations"": 250, ""initial_a"": 2.0, ""exploration_rate"": 0.6, ""max_no_improvement"": 50, ""polish_interval"": 35, ""alns_iterations"": 100, ""alns_remove_ratio"": 0.2, ""final_polish_iters"": 100}"
02:55:34,config_kroA100_20260701_012653.json,kroA100,GWO-ALNS,18,21282.0,"{""pack_size"": 50, ""max_iterations"": 150, ""initial_a"": 2.0, ""exploration_rate"": 0.6, ""max_no_improvement"": 50, ""polish_interval"": 35, ""alns_iterations"": 150, ""alns_remove_ratio"": 0.2, ""final_polish_iters"": 200}"
02:56:16,config_kroA100_20260701_012653.json,kroA100,GWO-ALNS,19,21302.6,"{""pack_size"": 70, ""max_iterations"": 250, ""initial_a"": 3.0, ""exploration_rate"": 0.4, ""max_no_improvement"": 50, ""polish_interval"": 15, ""alns_iterations"": 100, ""alns_remove_ratio"": 0.15, ""final_polish_iters"": 100}"
02:56:23,config_kroA100_20260701_012653.json,kroA100,GWO-ALNS,20,22520.6,"{""pack_size"": 30, ""max_iterations"": 350, ""initial_a"": 1.0, ""exploration_rate"": 0.2, ""max_no_improvement"": 100, ""polish_interval"": 25, ""alns_iterations"": 50, ""alns_remove_ratio"": 0.1, ""final_polish_iters"": 300}"
02:57:57,config_kroA100_20260701_012653.json,kroA100,GWO-ALNS,21,21282.0,"{""pack_size"": 70, ""max_iterations"": 250, ""initial_a"": 2.0, ""exploration_rate"": 0.6, ""max_no_improvement"": 50, ""polish_interval"": 35, ""alns_iterations"": 150, ""alns_remove_ratio"": 0.2, ""final_polish_iters"": 100}"
02:59:04,config_kroA100_20260701_012653.json,kroA100,GWO-ALNS,22,21282.0,"{""pack_size"": 50, ""max_iterations"": 150, ""initial_a"": 1.0, ""exploration_rate"": 0.6, ""max_no_improvement"": 50, ""polish_interval"": 35, ""alns_iterations"": 150, ""alns_remove_ratio"": 0.2, ""final_polish_iters"": 200}"
03:00:13,config_kroA100_20260701_012653.json,kroA100,GWO-ALNS,23,21297.2,"{""pack_size"": 50, ""max_iterations"": 150, ""initial_a"": 1.0, ""exploration_rate"": 0.6, ""max_no_improvement"": 50, ""polish_interval"": 35, ""alns_iterations"": 150, ""alns_remove_ratio"": 0.2, ""final_polish_iters"": 200}"
03:01:24,config_kroA100_20260701_012653.json,kroA100,GWO-ALNS,24,21282.0,"{""pack_size"": 50, ""max_iterations"": 150, ""initial_a"": 1.0, ""exploration_rate"": 0.6, ""max_no_improvement"": 50, ""polish_interval"": 35, ""alns_iterations"": 150, ""alns_remove_ratio"": 0.2, ""final_polish_iters"": 200}"
03:02:28,config_kroA100_20260701_012653.json,kroA100,GWO-ALNS,25,21282.0,"{""pack_size"": 50, ""max_iterations"": 150, ""initial_a"": 1.0, ""exploration_rate"": 0.6, ""max_no_improvement"": 50, ""polish_interval"": 35, ""alns_iterations"": 150, ""alns_remove_ratio"": 0.2, ""final_polish_iters"": 200}"
03:02:57,config_kroA100_20260701_012653.json,kroA100,GWO-ALNS,26,21313.0,"{""pack_size"": 50, ""max_iterations"": 150, ""initial_a"": 1.0, ""exploration_rate"": 0.6, ""max_no_improvement"": 50, ""polish_interval"": 15, ""alns_iterations"": 100, ""alns_remove_ratio"": 0.15, ""final_polish_iters"": 200}"
03:03:59,config_kroA100_20260701_012653.json,kroA100,GWO-ALNS,27,21282.0,"{""pack_size"": 50, ""max_iterations"": 150, ""initial_a"": 2.0, ""exploration_rate"": 0.6, ""max_no_improvement"": 50, ""polish_interval"": 35, ""alns_iterations"": 150, ""alns_remove_ratio"": 0.2, ""final_polish_iters"": 200}"
03:05:02,config_kroA100_20260701_012653.json,kroA100,GWO-ALNS,28,21294.2,"{""pack_size"": 50, ""max_iterations"": 150, ""initial_a"": 2.0, ""exploration_rate"": 0.6, ""max_no_improvement"": 50, ""polish_interval"": 35, ""alns_iterations"": 150, ""alns_remove_ratio"": 0.2, ""final_polish_iters"": 200}"
03:05:09,config_kroA100_20260701_012653.json,kroA100,GWO-ALNS,29,22637.6,"{""pack_size"": 30, ""max_iterations"": 350, ""initial_a"": 3.0, ""exploration_rate"": 0.2, ""max_no_improvement"": 75, ""polish_interval"": 25, ""alns_iterations"": 50, ""alns_remove_ratio"": 0.1, ""final_polish_iters"": 300}"
03:05:48,config_kroA100_20260701_012653.json,kroA100,GWO-ALNS,30,21288.6,"{""pack_size"": 70, ""max_iterations"": 250, ""initial_a"": 1.0, ""exploration_rate"": 0.4, ""max_no_improvement"": 100, ""polish_interval"": 15, ""alns_iterations"": 100, ""alns_remove_ratio"": 0.15, ""final_polish_iters"": 100}"
03:05:58,config_kroA100_20260701_012653.json,kroA100,HHO-LKH,1,27534.0,"{""hawks"": 50, ""max_iterations"": 150, ""initial_energy"": 1.0, ""jump_probability"": 0.7, ""max_no_improvement"": 50, ""dive_count"": 5, ""levy_scale"": 0.5, ""polish_interval"": 35, ""polish_iters"": 10, ""final_polish_iters"": 200}"
03:06:05,config_kroA100_20260701_012653.json,kroA100,HHO-LKH,2,29144.6,"{""hawks"": 30, ""max_iterations"": 250, ""initial_energy"": 1.5, ""jump_probability"": 0.7, ""max_no_improvement"": 75, ""dive_count"": 2, ""levy_scale"": 0.5, ""polish_interval"": 25, ""polish_iters"": 10, ""final_polish_iters"": 300}"
03:06:17,config_kroA100_20260701_012653.json,kroA100,HHO-LKH,3,27532.4,"{""hawks"": 70, ""max_iterations"": 350, ""initial_energy"": 1.0, ""jump_probability"": 0.3, ""max_no_improvement"": 75, ""dive_count"": 3, ""levy_scale"": 0.5, ""polish_interval"": 15, ""polish_iters"": 15, ""final_polish_iters"": 200}"
03:06:30,config_kroA100_20260701_012653.json,kroA100,HHO-LKH,4,28340.4,"{""hawks"": 70, ""max_iterations"": 250, ""initial_energy"": 0.5, ""jump_probability"": 0.7, ""max_no_improvement"": 100, ""dive_count"": 5, ""levy_scale"": 0.5, ""polish_interval"": 25, ""polish_iters"": 10, ""final_polish_iters"": 200}"
03:06:40,config_kroA100_20260701_012653.json,kroA100,HHO-LKH,5,28878.0,"{""hawks"": 50, ""max_iterations"": 350, ""initial_energy"": 1.0, ""jump_probability"": 0.3, ""max_no_improvement"": 100, ""dive_count"": 5, ""levy_scale"": 0.3, ""polish_interval"": 25, ""polish_iters"": 15, ""final_polish_iters"": 100}"
03:06:47,config_kroA100_20260701_012653.json,kroA100,HHO-LKH,6,28024.0,"{""hawks"": 30, ""max_iterations"": 250, ""initial_energy"": 1.0, ""jump_probability"": 0.3, ""max_no_improvement"": 50, ""dive_count"": 2, ""levy_scale"": 0.5, ""polish_interval"": 25, ""polish_iters"": 15, ""final_polish_iters"": 200}"
03:06:59,config_kroA100_20260701_012653.json,kroA100,HHO-LKH,7,27995.6,"{""hawks"": 70, ""max_iterations"": 150, ""initial_energy"": 0.5, ""jump_probability"": 0.7, ""max_no_improvement"": 50, ""dive_count"": 5, ""levy_scale"": 0.2, ""polish_interval"": 35, ""polish_iters"": 5, ""final_polish_iters"": 100}"
03:07:09,config_kroA100_20260701_012653.json,kroA100,HHO-LKH,8,28898.0,"{""hawks"": 50, ""max_iterations"": 250, ""initial_energy"": 1.0, ""jump_probability"": 0.3, ""max_no_improvement"": 75, ""dive_count"": 3, ""levy_scale"": 0.2, ""polish_interval"": 25, ""polish_iters"": 10, ""final_polish_iters"": 200}"
03:07:18,config_kroA100_20260701_012653.json,kroA100,HHO-LKH,9,29082.4,"{""hawks"": 50, ""max_iterations"": 350, ""initial_energy"": 1.0, ""jump_probability"": 0.3, ""max_no_improvement"": 50, ""dive_count"": 3, ""levy_scale"": 0.5, ""polish_interval"": 15, ""polish_iters"": 5, ""final_polish_iters"": 100}"
03:07:31,config_kroA100_20260701_012653.json,kroA100,HHO-LKH,10,27555.0,"{""hawks"": 70, ""max_iterations"": 150, ""initial_energy"": 0.5, ""jump_probability"": 0.5, ""max_no_improvement"": 100, ""dive_count"": 5, ""levy_scale"": 0.3, ""polish_interval"": 25, ""polish_iters"": 15, ""final_polish_iters"": 200}"
03:07:44,config_kroA100_20260701_012653.json,kroA100,HHO-LKH,11,28481.4,"{""hawks"": 70, ""max_iterations"": 350, ""initial_energy"": 1.5, ""jump_probability"": 0.5, ""max_no_improvement"": 75, ""dive_count"": 3, ""levy_scale"": 0.2, ""polish_interval"": 15, ""polish_iters"": 15, ""final_polish_iters"": 300}"
03:07:54,config_kroA100_20260701_012653.json,kroA100,HHO-LKH,12,28385.8,"{""hawks"": 50, ""max_iterations"": 150, ""initial_energy"": 1.0, ""jump_probability"": 0.7, ""max_no_improvement"": 50, ""dive_count"": 3, ""levy_scale"": 0.5, ""polish_interval"": 35, ""polish_iters"": 10, ""final_polish_iters"": 200}"
03:08:06,config_kroA100_20260701_012653.json,kroA100,HHO-LKH,13,27672.0,"{""hawks"": 70, ""max_iterations"": 350, ""initial_energy"": 1.0, ""jump_probability"": 0.3, ""max_no_improvement"": 75, ""dive_count"": 5, ""levy_scale"": 0.5, ""polish_interval"": 35, ""polish_iters"": 15, ""final_polish_iters"": 200}"
03:08:16,config_kroA100_20260701_012653.json,kroA100,HHO-LKH,14,28698.2,"{""hawks"": 50, ""max_iterations"": 150, ""initial_energy"": 1.0, ""jump_probability"": 0.7, ""max_no_improvement"": 75, ""dive_count"": 3, ""levy_scale"": 0.5, ""polish_interval"": 15, ""polish_iters"": 10, ""final_polish_iters"": 200}"
03:08:23,config_kroA100_20260701_012653.json,kroA100,HHO-LKH,15,28372.0,"{""hawks"": 30, ""max_iterations"": 350, ""initial_energy"": 1.5, ""jump_probability"": 0.5, ""max_no_improvement"": 50, ""dive_count"": 2, ""levy_scale"": 0.5, ""polish_interval"": 35, ""polish_iters"": 5, ""final_polish_iters"": 200}"
03:08:35,config_kroA100_20260701_012653.json,kroA100,HHO-LKH,16,27749.4,"{""hawks"": 70, ""max_iterations"": 150, ""initial_energy"": 1.0, ""jump_probability"": 0.3, ""max_no_improvement"": 75, ""dive_count"": 5, ""levy_scale"": 0.3, ""polish_interval"": 15, ""polish_iters"": 15, ""final_polish_iters"": 300}"
03:08:45,config_kroA100_20260701_012653.json,kroA100,HHO-LKH,17,28368.4,"{""hawks"": 50, ""max_iterations"": 350, ""initial_energy"": 1.0, ""jump_probability"": 0.7, ""max_no_improvement"": 50, ""dive_count"": 3, ""levy_scale"": 0.5, ""polish_interval"": 35, ""polish_iters"": 10, ""final_polish_iters"": 200}"
03:08:58,config_kroA100_20260701_012653.json,kroA100,HHO-LKH,18,27195.2,"{""hawks"": 70, ""max_iterations"": 150, ""initial_energy"": 1.0, ""jump_probability"": 0.7, ""max_no_improvement"": 75, ""dive_count"": 3, ""levy_scale"": 0.5, ""polish_interval"": 15, ""polish_iters"": 15, ""final_polish_iters"": 200}"
03:09:10,config_kroA100_20260701_012653.json,kroA100,HHO-LKH,19,28114.8,"{""hawks"": 70, ""max_iterations"": 150, ""initial_energy"": 0.5, ""jump_probability"": 0.3, ""max_no_improvement"": 75, ""dive_count"": 3, ""levy_scale"": 0.3, ""polish_interval"": 15, ""polish_iters"": 15, ""final_polish_iters"": 100}"
03:09:23,config_kroA100_20260701_012653.json,kroA100,HHO-LKH,20,28623.4,"{""hawks"": 70, ""max_iterations"": 350, ""initial_energy"": 1.5, ""jump_probability"": 0.5, ""max_no_improvement"": 75, ""dive_count"": 3, ""levy_scale"": 0.2, ""polish_interval"": 15, ""polish_iters"": 15, ""final_polish_iters"": 300}"
03:09:36,config_kroA100_20260701_012653.json,kroA100,HHO-LKH,21,28225.2,"{""hawks"": 70, ""max_iterations"": 350, ""initial_energy"": 1.0, ""jump_probability"": 0.7, ""max_no_improvement"": 75, ""dive_count"": 3, ""levy_scale"": 0.5, ""polish_interval"": 15, ""polish_iters"": 15, ""final_polish_iters"": 200}"
03:09:49,config_kroA100_20260701_012653.json,kroA100,HHO-LKH,22,28359.4,"{""hawks"": 70, ""max_iterations"": 150, ""initial_energy"": 1.0, ""jump_probability"": 0.7, ""max_no_improvement"": 75, ""dive_count"": 3, ""levy_scale"": 0.5, ""polish_interval"": 15, ""polish_iters"": 15, ""final_polish_iters"": 200}"
03:09:59,config_kroA100_20260701_012653.json,kroA100,HHO-LKH,23,28123.0,"{""hawks"": 50, ""max_iterations"": 150, ""initial_energy"": 1.0, ""jump_probability"": 0.7, ""max_no_improvement"": 50, ""dive_count"": 5, ""levy_scale"": 0.5, ""polish_interval"": 35, ""polish_iters"": 10, ""final_polish_iters"": 200}"
03:10:05,config_kroA100_20260701_012653.json,kroA100,HHO-LKH,24,28545.8,"{""hawks"": 30, ""max_iterations"": 150, ""initial_energy"": 1.0, ""jump_probability"": 0.7, ""max_no_improvement"": 100, ""dive_count"": 2, ""levy_scale"": 0.5, ""polish_interval"": 15, ""polish_iters"": 5, ""final_polish_iters"": 200}"
03:10:19,config_kroA100_20260701_012653.json,kroA100,HHO-LKH,25,27863.0,"{""hawks"": 70, ""max_iterations"": 150, ""initial_energy"": 1.0, ""jump_probability"": 0.7, ""max_no_improvement"": 75, ""dive_count"": 3, ""levy_scale"": 0.5, ""polish_interval"": 15, ""polish_iters"": 15, ""final_polish_iters"": 200}"
03:10:28,config_kroA100_20260701_012653.json,kroA100,HHO-LKH,26,28155.4,"{""hawks"": 50, ""max_iterations"": 150, ""initial_energy"": 1.0, ""jump_probability"": 0.3, ""max_no_improvement"": 50, ""dive_count"": 5, ""levy_scale"": 0.5, ""polish_interval"": 35, ""polish_iters"": 10, ""final_polish_iters"": 200}"
03:10:41,config_kroA100_20260701_012653.json,kroA100,HHO-LKH,27,29589.4,"{""hawks"": 70, ""max_iterations"": 150, ""initial_energy"": 1.0, ""jump_probability"": 0.7, ""max_no_improvement"": 75, ""dive_count"": 3, ""levy_scale"": 0.5, ""polish_interval"": 15, ""polish_iters"": 15, ""final_polish_iters"": 200}"
03:10:54,config_kroA100_20260701_012653.json,kroA100,HHO-LKH,28,27750.6,"{""hawks"": 70, ""max_iterations"": 150, ""initial_energy"": 1.0, ""jump_probability"": 0.7, ""max_no_improvement"": 75, ""dive_count"": 3, ""levy_scale"": 0.5, ""polish_interval"": 35, ""polish_iters"": 15, ""final_polish_iters"": 200}"
03:11:00,config_kroA100_20260701_012653.json,kroA100,HHO-LKH,29,28912.4,"{""hawks"": 30, ""max_iterations"": 250, ""initial_energy"": 0.5, ""jump_probability"": 0.5, ""max_no_improvement"": 100, ""dive_count"": 2, ""levy_scale"": 0.2, ""polish_interval"": 15, ""polish_iters"": 5, ""final_polish_iters"": 100}"
03:11:10,config_kroA100_20260701_012653.json,kroA100,HHO-LKH,30,28140.8,"{""hawks"": 50, ""max_iterations"": 350, ""initial_energy"": 1.5, ""jump_probability"": 0.3, ""max_no_improvement"": 50, ""dive_count"": 5, ""levy_scale"": 0.3, ""polish_interval"": 35, ""polish_iters"": 10, ""final_polish_iters"": 300}"
03:11:37,config_kroA100_20260701_012653.json,kroA100,HHO-ALNS,1,21294.2,"{""hawks"": 50, ""max_iterations"": 150, ""initial_energy"": 1.0, ""jump_probability"": 0.7, ""max_no_improvement"": 50, ""dive_count"": 5, ""levy_scale"": 0.5, ""polish_interval"": 35, ""alns_iterations"": 100, ""alns_remove_ratio"": 0.15, ""final_polish_iters"": 100}"
03:12:39,config_kroA100_20260701_012653.json,kroA100,HHO-ALNS,2,21284.0,"{""hawks"": 50, ""max_iterations"": 350, ""initial_energy"": 1.5, ""jump_probability"": 0.5, ""max_no_improvement"": 50, ""dive_count"": 5, ""levy_scale"": 0.3, ""polish_interval"": 25, ""alns_iterations"": 150, ""alns_remove_ratio"": 0.2, ""final_polish_iters"": 300}"
03:13:21,config_kroA100_20260701_012653.json,kroA100,HHO-ALNS,3,21288.6,"{""hawks"": 50, ""max_iterations"": 150, ""initial_energy"": 1.0, ""jump_probability"": 0.5, ""max_no_improvement"": 100, ""dive_count"": 2, ""levy_scale"": 0.5, ""polish_interval"": 25, ""alns_iterations"": 150, ""alns_remove_ratio"": 0.15, ""final_polish_iters"": 100}"
03:14:16,config_kroA100_20260701_012653.json,kroA100,HHO-ALNS,4,21282.0,"{""hawks"": 70, ""max_iterations"": 350, ""initial_energy"": 1.5, ""jump_probability"": 0.7, ""max_no_improvement"": 75, ""dive_count"": 3, ""levy_scale"": 0.3, ""polish_interval"": 25, ""alns_iterations"": 150, ""alns_remove_ratio"": 0.15, ""final_polish_iters"": 100}"
03:14:37,config_kroA100_20260701_012653.json,kroA100,HHO-ALNS,5,21656.4,"{""hawks"": 70, ""max_iterations"": 350, ""initial_energy"": 1.0, ""jump_probability"": 0.5, ""max_no_improvement"": 100, ""dive_count"": 2, ""levy_scale"": 0.2, ""polish_interval"": 25, ""alns_iterations"": 100, ""alns_remove_ratio"": 0.1, ""final_polish_iters"": 100}"
03:14:53,config_kroA100_20260701_012653.json,kroA100,HHO-ALNS,6,21387.6,"{""hawks"": 30, ""max_iterations"": 350, ""initial_energy"": 1.0, ""jump_probability"": 0.7, ""max_no_improvement"": 75, ""dive_count"": 5, ""levy_scale"": 0.2, ""polish_interval"": 15, ""alns_iterations"": 150, ""alns_remove_ratio"": 0.1, ""final_polish_iters"": 300}"
03:15:13,config_kroA100_20260701_012653.json,kroA100,HHO-ALNS,7,21298.2,"{""hawks"": 30, ""max_iterations"": 350, ""initial_energy"": 0.5, ""jump_probability"": 0.3, ""max_no_improvement"": 75, ""dive_count"": 3, ""levy_scale"": 0.3, ""polish_interval"": 15, ""alns_iterations"": 100, ""alns_remove_ratio"": 0.15, ""final_polish_iters"": 100}"
03:15:58,config_kroA100_20260701_012653.json,kroA100,HHO-ALNS,8,21301.8,"{""hawks"": 50, ""max_iterations"": 250, ""initial_energy"": 1.0, ""jump_probability"": 0.5, ""max_no_improvement"": 100, ""dive_count"": 3, ""levy_scale"": 0.2, ""polish_interval"": 15, ""alns_iterations"": 100, ""alns_remove_ratio"": 0.2, ""final_polish_iters"": 100}"
03:16:16,config_kroA100_20260701_012653.json,kroA100,HHO-ALNS,9,21293.4,"{""hawks"": 30, ""max_iterations"": 150, ""initial_energy"": 1.5, ""jump_probability"": 0.3, ""max_no_improvement"": 50, ""dive_count"": 3, ""levy_scale"": 0.5, ""polish_interval"": 35, ""alns_iterations"": 100, ""alns_remove_ratio"": 0.15, ""final_polish_iters"": 300}"
03:16:25,config_kroA100_20260701_012653.json,kroA100,HHO-ALNS,10,22638.6,"{""hawks"": 50, ""max_iterations"": 350, ""initial_energy"": 1.5, ""jump_probability"": 0.7, ""max_no_improvement"": 75, ""dive_count"": 3, ""levy_scale"": 0.2, ""polish_interval"": 35, ""alns_iterations"": 50, ""alns_remove_ratio"": 0.1, ""final_polish_iters"": 100}"
03:16:46,config_kroA100_20260701_012653.json,kroA100,HHO-ALNS,11,21398.4,"{""hawks"": 70, ""max_iterations"": 250, ""initial_energy"": 0.5, ""jump_probability"": 0.7, ""max_no_improvement"": 75, ""dive_count"": 3, ""levy_scale"": 0.3, ""polish_interval"": 25, ""alns_iterations"": 50, ""alns_remove_ratio"": 0.15, ""final_polish_iters"": 200}"
03:18:09,config_kroA100_20260701_012653.json,kroA100,HHO-ALNS,12,21282.0,"{""hawks"": 70, ""max_iterations"": 350, ""initial_energy"": 1.5, ""jump_probability"": 0.5, ""max_no_improvement"": 50, ""dive_count"": 5, ""levy_scale"": 0.3, ""polish_interval"": 25, ""alns_iterations"": 150, ""alns_remove_ratio"": 0.2, ""final_polish_iters"": 300}"
03:19:35,config_kroA100_20260701_012653.json,kroA100,HHO-ALNS,13,21282.0,"{""hawks"": 70, ""max_iterations"": 350, ""initial_energy"": 1.5, ""jump_probability"": 0.5, ""max_no_improvement"": 50, ""dive_count"": 5, ""levy_scale"": 0.3, ""polish_interval"": 25, ""alns_iterations"": 150, ""alns_remove_ratio"": 0.2, ""final_polish_iters"": 200}"
03:21:01,config_kroA100_20260701_012653.json,kroA100,HHO-ALNS,14,21284.0,"{""hawks"": 70, ""max_iterations"": 350, ""initial_energy"": 1.5, ""jump_probability"": 0.7, ""max_no_improvement"": 75, ""dive_count"": 5, ""levy_scale"": 0.3, ""polish_interval"": 25, ""alns_iterations"": 150, ""alns_remove_ratio"": 0.2, ""final_polish_iters"": 300}"
03:22:25,config_kroA100_20260701_012653.json,kroA100,HHO-ALNS,15,21282.0,"{""hawks"": 70, ""max_iterations"": 350, ""initial_energy"": 1.5, ""jump_probability"": 0.3, ""max_no_improvement"": 50, ""dive_count"": 2, ""levy_scale"": 0.3, ""polish_interval"": 25, ""alns_iterations"": 150, ""alns_remove_ratio"": 0.2, ""final_polish_iters"": 300}"
03:23:22,config_kroA100_20260701_012653.json,kroA100,HHO-ALNS,16,21286.6,"{""hawks"": 70, ""max_iterations"": 250, ""initial_energy"": 1.5, ""jump_probability"": 0.5, ""max_no_improvement"": 75, ""dive_count"": 3, ""levy_scale"": 0.3, ""polish_interval"": 25, ""alns_iterations"": 150, ""alns_remove_ratio"": 0.15, ""final_polish_iters"": 200}"
03:24:49,config_kroA100_20260701_012653.json,kroA100,HHO-ALNS,17,21289.6,"{""hawks"": 70, ""max_iterations"": 350, ""initial_energy"": 1.5, ""jump_probability"": 0.7, ""max_no_improvement"": 50, ""dive_count"": 5, ""levy_scale"": 0.3, ""polish_interval"": 25, ""alns_iterations"": 150, ""alns_remove_ratio"": 0.2, ""final_polish_iters"": 300}"
03:25:11,config_kroA100_20260701_012653.json,kroA100,HHO-ALNS,18,21575.2,"{""hawks"": 70, ""max_iterations"": 350, ""initial_energy"": 0.5, ""jump_probability"": 0.7, ""max_no_improvement"": 50, ""dive_count"": 5, ""levy_scale"": 0.3, ""polish_interval"": 25, ""alns_iterations"": 50, ""alns_remove_ratio"": 0.15, ""final_polish_iters"": 300}"
03:26:41,config_kroA100_20260701_012653.json,kroA100,HHO-ALNS,19,21282.0,"{""hawks"": 70, ""max_iterations"": 150, ""initial_energy"": 1.5, ""jump_probability"": 0.5, ""max_no_improvement"": 75, ""dive_count"": 3, ""levy_scale"": 0.3, ""polish_interval"": 35, ""alns_iterations"": 150, ""alns_remove_ratio"": 0.2, ""final_polish_iters"": 100}"
03:27:12,config_kroA100_20260701_012653.json,kroA100,HHO-ALNS,20,21475.6,"{""hawks"": 70, ""max_iterations"": 250, ""initial_energy"": 1.5, ""jump_probability"": 0.3, ""max_no_improvement"": 100, ""dive_count"": 2, ""levy_scale"": 0.5, ""polish_interval"": 15, ""alns_iterations"": 150, ""alns_remove_ratio"": 0.1, ""final_polish_iters"": 200}"
03:27:28,config_kroA100_20260701_012653.json,kroA100,HHO-ALNS,21,21486.4,"{""hawks"": 30, ""max_iterations"": 350, ""initial_energy"": 0.5, ""jump_probability"": 0.7, ""max_no_improvement"": 75, ""dive_count"": 5, ""levy_scale"": 0.3, ""polish_interval"": 25, ""alns_iterations"": 50, ""alns_remove_ratio"": 0.2, ""final_polish_iters"": 100}"
03:28:53,config_kroA100_20260701_012653.json,kroA100,HHO-ALNS,22,21282.0,"{""hawks"": 70, ""max_iterations"": 350, ""initial_energy"": 1.5, ""jump_probability"": 0.5, ""max_no_improvement"": 50, ""dive_count"": 5, ""levy_scale"": 0.3, ""polish_interval"": 25, ""alns_iterations"": 150, ""alns_remove_ratio"": 0.2, ""final_polish_iters"": 200}"
03:30:21,config_kroA100_20260701_012653.json,kroA100,HHO-ALNS,23,21282.0,"{""hawks"": 70, ""max_iterations"": 350, ""initial_energy"": 1.5, ""jump_probability"": 0.5, ""max_no_improvement"": 50, ""dive_count"": 5, ""levy_scale"": 0.3, ""polish_interval"": 25, ""alns_iterations"": 150, ""alns_remove_ratio"": 0.2, ""final_polish_iters"": 200}"
03:31:49,config_kroA100_20260701_012653.json,kroA100,HHO-ALNS,24,21282.0,"{""hawks"": 70, ""max_iterations"": 350, ""initial_energy"": 1.5, ""jump_probability"": 0.5, ""max_no_improvement"": 50, ""dive_count"": 5, ""levy_scale"": 0.3, ""polish_interval"": 25, ""alns_iterations"": 150, ""alns_remove_ratio"": 0.2, ""final_polish_iters"": 200}"
03:33:17,config_kroA100_20260701_012653.json,kroA100,HHO-ALNS,25,21282.0,"{""hawks"": 70, ""max_iterations"": 350, ""initial_energy"": 1.5, ""jump_probability"": 0.5, ""max_no_improvement"": 50, ""dive_count"": 5, ""levy_scale"": 0.3, ""polish_interval"": 25, ""alns_iterations"": 150, ""alns_remove_ratio"": 0.2, ""final_polish_iters"": 200}"
03:34:13,config_kroA100_20260701_012653.json,kroA100,HHO-ALNS,26,21286.6,"{""hawks"": 70, ""max_iterations"": 350, ""initial_energy"": 1.5, ""jump_probability"": 0.5, ""max_no_improvement"": 50, ""dive_count"": 3, ""levy_scale"": 0.3, ""polish_interval"": 25, ""alns_iterations"": 150, ""alns_remove_ratio"": 0.15, ""final_polish_iters"": 200}"
03:35:38,config_kroA100_20260701_012653.json,kroA100,HHO-ALNS,27,21282.0,"{""hawks"": 70, ""max_iterations"": 350, ""initial_energy"": 1.5, ""jump_probability"": 0.5, ""max_no_improvement"": 50, ""dive_count"": 5, ""levy_scale"": 0.3, ""polish_interval"": 25, ""alns_iterations"": 150, ""alns_remove_ratio"": 0.2, ""final_polish_iters"": 300}"
03:37:04,config_kroA100_20260701_012653.json,kroA100,HHO-ALNS,28,21282.0,"{""hawks"": 70, ""max_iterations"": 350, ""initial_energy"": 1.5, ""jump_probability"": 0.5, ""max_no_improvement"": 50, ""dive_count"": 5, ""levy_scale"": 0.3, ""polish_interval"": 25, ""alns_iterations"": 150, ""alns_remove_ratio"": 0.2, ""final_polish_iters"": 100}"
03:37:11,config_kroA100_20260701_012653.json,kroA100,HHO-ALNS,29,22637.6,"{""hawks"": 30, ""max_iterations"": 150, ""initial_energy"": 0.5, ""jump_probability"": 0.3, ""max_no_improvement"": 100, ""dive_count"": 2, ""levy_scale"": 0.2, ""polish_interval"": 15, ""alns_iterations"": 50, ""alns_remove_ratio"": 0.1, ""final_polish_iters"": 300}"
03:38:07,config_kroA100_20260701_012653.json,kroA100,HHO-ALNS,30,21284.0,"{""hawks"": 70, ""max_iterations"": 250, ""initial_energy"": 1.5, ""jump_probability"": 0.7, ""max_no_improvement"": 75, ""dive_count"": 3, ""levy_scale"": 0.5, ""polish_interval"": 35, ""alns_iterations"": 150, ""alns_remove_ratio"": 0.15, ""final_polish_iters"": 200}"
03:38:09,config_st70_20260701_012653.json,st70,2-opt,1,689.8,"{""max_iterations"": 1000, ""first_improvement"": true, ""num_starts"": 10}"
03:38:11,config_st70_20260701_012653.json,st70,2-opt,2,710.8,"{""max_iterations"": 1000, ""first_improvement"": true, ""num_starts"": 1}"
03:38:14,config_st70_20260701_012653.json,st70,2-opt,3,701.6,"{""max_iterations"": 1000, ""first_improvement"": false, ""num_starts"": 10}"
03:38:16,config_st70_20260701_012653.json,st70,2-opt,4,704.6,"{""max_iterations"": 1000, ""first_improvement"": false, ""num_starts"": 5}"
03:38:18,config_st70_20260701_012653.json,st70,2-opt,5,690.6,"{""max_iterations"": 2000, ""first_improvement"": true, ""num_starts"": 5}"
03:38:20,config_st70_20260701_012653.json,st70,2-opt,6,707.0,"{""max_iterations"": 1000, ""first_improvement"": true, ""num_starts"": 1}"
03:38:22,config_st70_20260701_012653.json,st70,2-opt,7,699.6,"{""max_iterations"": 2000, ""first_improvement"": false, ""num_starts"": 10}"
03:38:25,config_st70_20260701_012653.json,st70,2-opt,8,702.8,"{""max_iterations"": 1000, ""first_improvement"": false, ""num_starts"": 5}"
03:38:27,config_st70_20260701_012653.json,st70,2-opt,9,701.6,"{""max_iterations"": 1000, ""first_improvement"": true, ""num_starts"": 1}"
03:38:29,config_st70_20260701_012653.json,st70,2-opt,10,704.6,"{""max_iterations"": 1000, ""first_improvement"": false, ""num_starts"": 5}"
03:38:31,config_st70_20260701_012653.json,st70,2-opt,11,691.0,"{""max_iterations"": 500, ""first_improvement"": true, ""num_starts"": 10}"
03:38:33,config_st70_20260701_012653.json,st70,2-opt,12,694.2,"{""max_iterations"": 2000, ""first_improvement"": true, ""num_starts"": 5}"
03:38:36,config_st70_20260701_012653.json,st70,2-opt,13,688.2,"{""max_iterations"": 2000, ""first_improvement"": true, ""num_starts"": 10}"
03:38:38,config_st70_20260701_012653.json,st70,2-opt,14,683.8,"{""max_iterations"": 500, ""first_improvement"": true, ""num_starts"": 10}"
03:38:41,config_st70_20260701_012653.json,st70,2-opt,15,684.4,"{""max_iterations"": 500, ""first_improvement"": true, ""num_starts"": 10}"
03:38:43,config_st70_20260701_012653.json,st70,2-opt,16,686.8,"{""max_iterations"": 500, ""first_improvement"": true, ""num_starts"": 10}"
03:38:46,config_st70_20260701_012653.json,st70,2-opt,17,690.4,"{""max_iterations"": 500, ""first_improvement"": true, ""num_starts"": 10}"
03:38:48,config_st70_20260701_012653.json,st70,2-opt,18,686.8,"{""max_iterations"": 500, ""first_improvement"": true, ""num_starts"": 10}"
03:38:51,config_st70_20260701_012653.json,st70,2-opt,19,686.4,"{""max_iterations"": 500, ""first_improvement"": true, ""num_starts"": 10}"
03:38:53,config_st70_20260701_012653.json,st70,2-opt,20,694.0,"{""max_iterations"": 500, ""first_improvement"": true, ""num_starts"": 10}"
03:38:55,config_st70_20260701_012653.json,st70,2-opt,21,706.6,"{""max_iterations"": 500, ""first_improvement"": true, ""num_starts"": 1}"
03:38:58,config_st70_20260701_012653.json,st70,2-opt,22,690.6,"{""max_iterations"": 500, ""first_improvement"": true, ""num_starts"": 10}"
03:39:00,config_st70_20260701_012653.json,st70,2-opt,23,689.0,"{""max_iterations"": 500, ""first_improvement"": true, ""num_starts"": 10}"
03:39:02,config_st70_20260701_012653.json,st70,2-opt,24,683.0,"{""max_iterations"": 500, ""first_improvement"": true, ""num_starts"": 10}"
03:39:05,config_st70_20260701_012653.json,st70,2-opt,25,688.8,"{""max_iterations"": 500, ""first_improvement"": true, ""num_starts"": 10}"
03:39:07,config_st70_20260701_012653.json,st70,2-opt,26,687.0,"{""max_iterations"": 500, ""first_improvement"": true, ""num_starts"": 10}"
03:39:09,config_st70_20260701_012653.json,st70,2-opt,27,692.6,"{""max_iterations"": 500, ""first_improvement"": false, ""num_starts"": 10}"
03:39:12,config_st70_20260701_012653.json,st70,2-opt,28,684.4,"{""max_iterations"": 500, ""first_improvement"": true, ""num_starts"": 10}"
03:39:14,config_st70_20260701_012653.json,st70,2-opt,29,686.2,"{""max_iterations"": 500, ""first_improvement"": true, ""num_starts"": 10}"
03:39:16,config_st70_20260701_012653.json,st70,2-opt,30,710.6,"{""max_iterations"": 500, ""first_improvement"": true, ""num_starts"": 1}"
03:39:23,config_st70_20260701_012653.json,st70,3-opt,1,761.2,"{""max_iterations"": 400, ""first_improvement"": true, ""num_starts"": 5}"
03:39:27,config_st70_20260701_012653.json,st70,3-opt,2,775.2,"{""max_iterations"": 400, ""first_improvement"": true, ""num_starts"": 1}"
03:39:29,config_st70_20260701_012653.json,st70,3-opt,3,816.2,"{""max_iterations"": 400, ""first_improvement"": false, ""num_starts"": 5}"
03:39:31,config_st70_20260701_012653.json,st70,3-opt,4,848.4,"{""max_iterations"": 400, ""first_improvement"": false, ""num_starts"": 3}"
03:39:37,config_st70_20260701_012653.json,st70,3-opt,5,782.2,"{""max_iterations"": 800, ""first_improvement"": true, ""num_starts"": 3}"
03:39:40,config_st70_20260701_012653.json,st70,3-opt,6,811.2,"{""max_iterations"": 400, ""first_improvement"": true, ""num_starts"": 1}"
03:39:42,config_st70_20260701_012653.json,st70,3-opt,7,782.6,"{""max_iterations"": 800, ""first_improvement"": false, ""num_starts"": 5}"
03:39:44,config_st70_20260701_012653.json,st70,3-opt,8,787.4,"{""max_iterations"": 400, ""first_improvement"": false, ""num_starts"": 3}"
03:39:47,config_st70_20260701_012653.json,st70,3-opt,9,787.8,"{""max_iterations"": 400, ""first_improvement"": true, ""num_starts"": 1}"
03:39:50,config_st70_20260701_012653.json,st70,3-opt,10,811.8,"{""max_iterations"": 400, ""first_improvement"": false, ""num_starts"": 3}"
03:39:54,config_st70_20260701_012653.json,st70,3-opt,11,1185.8,"{""max_iterations"": 200, ""first_improvement"": true, ""num_starts"": 5}"
03:39:56,config_st70_20260701_012653.json,st70,3-opt,12,1441.6,"{""max_iterations"": 200, ""first_improvement"": true, ""num_starts"": 1}"
03:40:03,config_st70_20260701_012653.json,st70,3-opt,13,751.8,"{""max_iterations"": 400, ""first_improvement"": true, ""num_starts"": 5}"
03:40:07,config_st70_20260701_012653.json,st70,3-opt,14,1292.4,"{""max_iterations"": 200, ""first_improvement"": true, ""num_starts"": 5}"
03:40:14,config_st70_20260701_012653.json,st70,3-opt,15,737.6,"{""max_iterations"": 400, ""first_improvement"": true, ""num_starts"": 5}"
03:40:21,config_st70_20260701_012653.json,st70,3-opt,16,754.4,"{""max_iterations"": 800, ""first_improvement"": true, ""num_starts"": 5}"
03:40:29,config_st70_20260701_012653.json,st70,3-opt,17,745.2,"{""max_iterations"": 400, ""first_improvement"": true, ""num_starts"": 5}"
03:40:36,config_st70_20260701_012653.json,st70,3-opt,18,745.8,"{""max_iterations"": 400, ""first_improvement"": true, ""num_starts"": 5}"
03:40:44,config_st70_20260701_012653.json,st70,3-opt,19,739.6,"{""max_iterations"": 800, ""first_improvement"": true, ""num_starts"": 5}"
03:40:51,config_st70_20260701_012653.json,st70,3-opt,20,748.0,"{""max_iterations"": 800, ""first_improvement"": true, ""num_starts"": 5}"
03:40:59,config_st70_20260701_012653.json,st70,3-opt,21,736.2,"{""max_iterations"": 800, ""first_improvement"": true, ""num_starts"": 5}"
03:41:06,config_st70_20260701_012653.json,st70,3-opt,22,761.4,"{""max_iterations"": 800, ""first_improvement"": true, ""num_starts"": 5}"
03:41:13,config_st70_20260701_012653.json,st70,3-opt,23,762.6,"{""max_iterations"": 800, ""first_improvement"": true, ""num_starts"": 5}"
03:41:20,config_st70_20260701_012653.json,st70,3-opt,24,739.0,"{""max_iterations"": 800, ""first_improvement"": true, ""num_starts"": 5}"
03:41:27,config_st70_20260701_012653.json,st70,3-opt,25,759.6,"{""max_iterations"": 800, ""first_improvement"": true, ""num_starts"": 5}"
03:41:35,config_st70_20260701_012653.json,st70,3-opt,26,747.2,"{""max_iterations"": 800, ""first_improvement"": true, ""num_starts"": 5}"
03:41:37,config_st70_20260701_012653.json,st70,3-opt,27,797.4,"{""max_iterations"": 800, ""first_improvement"": false, ""num_starts"": 5}"
03:41:41,config_st70_20260701_012653.json,st70,3-opt,28,1248.6,"{""max_iterations"": 200, ""first_improvement"": true, ""num_starts"": 5}"
03:41:45,config_st70_20260701_012653.json,st70,3-opt,29,810.0,"{""max_iterations"": 800, ""first_improvement"": true, ""num_starts"": 1}"
03:41:50,config_st70_20260701_012653.json,st70,3-opt,30,792.4,"{""max_iterations"": 800, ""first_improvement"": true, ""num_starts"": 3}"
03:41:52,config_st70_20260701_012653.json,st70,Or-opt,1,848.6,"{""max_iterations"": 600, ""max_segment_size"": 1, ""num_starts"": 3}"
03:41:55,config_st70_20260701_012653.json,st70,Or-opt,2,810.6,"{""max_iterations"": 1000, ""max_segment_size"": 1, ""num_starts"": 5}"
03:41:57,config_st70_20260701_012653.json,st70,Or-opt,3,750.6,"{""max_iterations"": 1000, ""max_segment_size"": 3, ""num_starts"": 3}"
03:41:59,config_st70_20260701_012653.json,st70,Or-opt,4,871.2,"{""max_iterations"": 600, ""max_segment_size"": 1, ""num_starts"": 3}"
03:42:02,config_st70_20260701_012653.json,st70,Or-opt,5,764.8,"{""max_iterations"": 1000, ""max_segment_size"": 3, ""num_starts"": 3}"
03:42:04,config_st70_20260701_012653.json,st70,Or-opt,6,984.2,"{""max_iterations"": 300, ""max_segment_size"": 3, ""num_starts"": 3}"
03:42:07,config_st70_20260701_012653.json,st70,Or-opt,7,734.0,"{""max_iterations"": 600, ""max_segment_size"": 3, ""num_starts"": 5}"
03:42:09,config_st70_20260701_012653.json,st70,Or-opt,8,800.2,"{""max_iterations"": 1000, ""max_segment_size"": 2, ""num_starts"": 1}"
03:42:11,config_st70_20260701_012653.json,st70,Or-opt,9,733.6,"{""max_iterations"": 600, ""max_segment_size"": 2, ""num_starts"": 5}"
03:42:14,config_st70_20260701_012653.json,st70,Or-opt,10,924.8,"{""max_iterations"": 300, ""max_segment_size"": 3, ""num_starts"": 3}"
03:42:16,config_st70_20260701_012653.json,st70,Or-opt,11,738.6,"{""max_iterations"": 600, ""max_segment_size"": 2, ""num_starts"": 5}"
03:42:19,config_st70_20260701_012653.json,st70,Or-opt,12,750.6,"{""max_iterations"": 600, ""max_segment_size"": 2, ""num_starts"": 5}"
03:42:21,config_st70_20260701_012653.json,st70,Or-opt,13,754.8,"{""max_iterations"": 600, ""max_segment_size"": 2, ""num_starts"": 5}"
03:42:24,config_st70_20260701_012653.json,st70,Or-opt,14,730.2,"{""max_iterations"": 600, ""max_segment_size"": 3, ""num_starts"": 5}"
03:42:26,config_st70_20260701_012653.json,st70,Or-opt,15,822.2,"{""max_iterations"": 600, ""max_segment_size"": 2, ""num_starts"": 1}"
03:42:29,config_st70_20260701_012653.json,st70,Or-opt,16,742.0,"{""max_iterations"": 600, ""max_segment_size"": 3, ""num_starts"": 5}"
03:42:31,config_st70_20260701_012653.json,st70,Or-opt,17,952.2,"{""max_iterations"": 300, ""max_segment_size"": 2, ""num_starts"": 5}"
03:42:34,config_st70_20260701_012653.json,st70,Or-opt,18,729.8,"{""max_iterations"": 600, ""max_segment_size"": 3, ""num_starts"": 5}"
03:42:36,config_st70_20260701_012653.json,st70,Or-opt,19,775.4,"{""max_iterations"": 600, ""max_segment_size"": 3, ""num_starts"": 1}"
03:42:38,config_st70_20260701_012653.json,st70,Or-opt,20,985.4,"{""max_iterations"": 300, ""max_segment_size"": 3, ""num_starts"": 5}"
03:42:41,config_st70_20260701_012653.json,st70,Or-opt,21,738.0,"{""max_iterations"": 600, ""max_segment_size"": 3, ""num_starts"": 5}"
03:42:44,config_st70_20260701_012653.json,st70,Or-opt,22,741.0,"{""max_iterations"": 600, ""max_segment_size"": 3, ""num_starts"": 5}"
03:42:46,config_st70_20260701_012653.json,st70,Or-opt,23,762.0,"{""max_iterations"": 600, ""max_segment_size"": 2, ""num_starts"": 5}"
03:42:49,config_st70_20260701_012653.json,st70,Or-opt,24,823.6,"{""max_iterations"": 600, ""max_segment_size"": 1, ""num_starts"": 5}"
03:42:51,config_st70_20260701_012653.json,st70,Or-opt,25,747.0,"{""max_iterations"": 600, ""max_segment_size"": 3, ""num_starts"": 5}"
03:42:54,config_st70_20260701_012653.json,st70,Or-opt,26,819.8,"{""max_iterations"": 600, ""max_segment_size"": 2, ""num_starts"": 1}"
03:42:56,config_st70_20260701_012653.json,st70,Or-opt,27,728.2,"{""max_iterations"": 600, ""max_segment_size"": 3, ""num_starts"": 5}"
03:42:59,config_st70_20260701_012653.json,st70,Or-opt,28,733.8,"{""max_iterations"": 600, ""max_segment_size"": 3, ""num_starts"": 5}"
03:43:01,config_st70_20260701_012653.json,st70,Or-opt,29,897.8,"{""max_iterations"": 300, ""max_segment_size"": 3, ""num_starts"": 5}"
03:43:03,config_st70_20260701_012653.json,st70,Or-opt,30,841.6,"{""max_iterations"": 1000, ""max_segment_size"": 1, ""num_starts"": 1}"
03:43:06,config_st70_20260701_012653.json,st70,GWO-2opt,1,688.2,"{""pack_size"": 50, ""max_iterations"": 150, ""initial_a"": 2.0, ""exploration_rate"": 0.6, ""max_no_improvement"": 50, ""polish_interval"": 35, ""polish_iters"": 15, ""final_polish_iters"": 300}"
03:43:09,config_st70_20260701_012653.json,st70,GWO-2opt,2,689.8,"{""pack_size"": 50, ""max_iterations"": 250, ""initial_a"": 1.0, ""exploration_rate"": 0.4, ""max_no_improvement"": 100, ""polish_interval"": 35, ""polish_iters"": 10, ""final_polish_iters"": 100}"
03:43:12,config_st70_20260701_012653.json,st70,GWO-2opt,3,689.2,"{""pack_size"": 70, ""max_iterations"": 250, ""initial_a"": 2.0, ""exploration_rate"": 0.6, ""max_no_improvement"": 100, ""polish_interval"": 35, ""polish_iters"": 10, ""final_polish_iters"": 100}"
03:43:14,config_st70_20260701_012653.json,st70,GWO-2opt,4,689.0,"{""pack_size"": 50, ""max_iterations"": 250, ""initial_a"": 3.0, ""exploration_rate"": 0.2, ""max_no_improvement"": 100, ""polish_interval"": 25, ""polish_iters"": 15, ""final_polish_iters"": 200}"
03:43:17,config_st70_20260701_012653.json,st70,GWO-2opt,5,688.2,"{""pack_size"": 30, ""max_iterations"": 350, ""initial_a"": 3.0, ""exploration_rate"": 0.6, ""max_no_improvement"": 100, ""polish_interval"": 25, ""polish_iters"": 10, ""final_polish_iters"": 200}"
03:43:20,config_st70_20260701_012653.json,st70,GWO-2opt,6,688.2,"{""pack_size"": 50, ""max_iterations"": 350, ""initial_a"": 2.0, ""exploration_rate"": 0.2, ""max_no_improvement"": 100, ""polish_interval"": 35, ""polish_iters"": 10, ""final_polish_iters"": 200}"
03:43:22,config_st70_20260701_012653.json,st70,GWO-2opt,7,684.2,"{""pack_size"": 70, ""max_iterations"": 150, ""initial_a"": 1.0, ""exploration_rate"": 0.4, ""max_no_improvement"": 75, ""polish_interval"": 15, ""polish_iters"": 5, ""final_polish_iters"": 100}"
03:43:25,config_st70_20260701_012653.json,st70,GWO-2opt,8,687.8,"{""pack_size"": 70, ""max_iterations"": 250, ""initial_a"": 3.0, ""exploration_rate"": 0.4, ""max_no_improvement"": 100, ""polish_interval"": 15, ""polish_iters"": 5, ""final_polish_iters"": 300}"
03:43:28,config_st70_20260701_012653.json,st70,GWO-2opt,9,691.4,"{""pack_size"": 30, ""max_iterations"": 350, ""initial_a"": 1.0, ""exploration_rate"": 0.6, ""max_no_improvement"": 50, ""polish_interval"": 15, ""polish_iters"": 10, ""final_polish_iters"": 200}"
03:43:30,config_st70_20260701_012653.json,st70,GWO-2opt,10,685.0,"{""pack_size"": 50, ""max_iterations"": 150, ""initial_a"": 2.0, ""exploration_rate"": 0.4, ""max_no_improvement"": 50, ""polish_interval"": 25, ""polish_iters"": 10, ""final_polish_iters"": 200}"
03:43:33,config_st70_20260701_012653.json,st70,GWO-2opt,11,684.6,"{""pack_size"": 70, ""max_iterations"": 150, ""initial_a"": 1.0, ""exploration_rate"": 0.4, ""max_no_improvement"": 75, ""polish_interval"": 15, ""polish_iters"": 5, ""final_polish_iters"": 100}"
03:43:36,config_st70_20260701_012653.json,st70,GWO-2opt,12,685.0,"{""pack_size"": 70, ""max_iterations"": 150, ""initial_a"": 1.0, ""exploration_rate"": 0.4, ""max_no_improvement"": 75, ""polish_interval"": 15, ""polish_iters"": 5, ""final_polish_iters"": 100}"
03:43:39,config_st70_20260701_012653.json,st70,GWO-2opt,13,686.2,"{""pack_size"": 70, ""max_iterations"": 150, ""initial_a"": 1.0, ""exploration_rate"": 0.4, ""max_no_improvement"": 75, ""polish_interval"": 15, ""polish_iters"": 5, ""final_polish_iters"": 100}"
03:43:42,config_st70_20260701_012653.json,st70,GWO-2opt,14,687.6,"{""pack_size"": 70, ""max_iterations"": 150, ""initial_a"": 1.0, ""exploration_rate"": 0.4, ""max_no_improvement"": 75, ""polish_interval"": 15, ""polish_iters"": 5, ""final_polish_iters"": 100}"
03:43:45,config_st70_20260701_012653.json,st70,GWO-2opt,15,687.0,"{""pack_size"": 70, ""max_iterations"": 150, ""initial_a"": 1.0, ""exploration_rate"": 0.4, ""max_no_improvement"": 75, ""polish_interval"": 15, ""polish_iters"": 5, ""final_polish_iters"": 100}"
03:43:47,config_st70_20260701_012653.json,st70,GWO-2opt,16,685.0,"{""pack_size"": 70, ""max_iterations"": 150, ""initial_a"": 1.0, ""exploration_rate"": 0.4, ""max_no_improvement"": 75, ""polish_interval"": 15, ""polish_iters"": 5, ""final_polish_iters"": 100}"
03:43:50,config_st70_20260701_012653.json,st70,GWO-2opt,17,690.4,"{""pack_size"": 30, ""max_iterations"": 150, ""initial_a"": 1.0, ""exploration_rate"": 0.2, ""max_no_improvement"": 75, ""polish_interval"": 15, ""polish_iters"": 5, ""final_polish_iters"": 100}"
03:43:53,config_st70_20260701_012653.json,st70,GWO-2opt,18,687.2,"{""pack_size"": 70, ""max_iterations"": 150, ""initial_a"": 1.0, ""exploration_rate"": 0.4, ""max_no_improvement"": 75, ""polish_interval"": 15, ""polish_iters"": 5, ""final_polish_iters"": 300}"
03:43:55,config_st70_20260701_012653.json,st70,GWO-2opt,19,685.0,"{""pack_size"": 70, ""max_iterations"": 150, ""initial_a"": 1.0, ""exploration_rate"": 0.4, ""max_no_improvement"": 75, ""polish_interval"": 15, ""polish_iters"": 15, ""final_polish_iters"": 100}"
03:43:58,config_st70_20260701_012653.json,st70,GWO-2opt,20,683.6,"{""pack_size"": 70, ""max_iterations"": 350, ""initial_a"": 3.0, ""exploration_rate"": 0.2, ""max_no_improvement"": 75, ""polish_interval"": 25, ""polish_iters"": 5, ""final_polish_iters"": 100}"
03:44:01,config_st70_20260701_012653.json,st70,GWO-2opt,21,682.4,"{""pack_size"": 30, ""max_iterations"": 350, ""initial_a"": 3.0, ""exploration_rate"": 0.2, ""max_no_improvement"": 75, ""polish_interval"": 25, ""polish_iters"": 5, ""final_polish_iters"": 300}"
03:44:03,config_st70_20260701_012653.json,st70,GWO-2opt,22,691.2,"{""pack_size"": 30, ""max_iterations"": 350, ""initial_a"": 3.0, ""exploration_rate"": 0.2, ""max_no_improvement"": 75, ""polish_interval"": 25, ""polish_iters"": 5, ""final_polish_iters"": 300}"
03:44:05,config_st70_20260701_012653.json,st70,GWO-2opt,23,689.8,"{""pack_size"": 30, ""max_iterations"": 350, ""initial_a"": 3.0, ""exploration_rate"": 0.2, ""max_no_improvement"": 75, ""polish_interval"": 25, ""polish_iters"": 5, ""final_polish_iters"": 300}"
03:44:08,config_st70_20260701_012653.json,st70,GWO-2opt,24,693.6,"{""pack_size"": 30, ""max_iterations"": 350, ""initial_a"": 3.0, ""exploration_rate"": 0.2, ""max_no_improvement"": 75, ""polish_interval"": 25, ""polish_iters"": 5, ""final_polish_iters"": 300}"
03:44:10,config_st70_20260701_012653.json,st70,GWO-2opt,25,692.6,"{""pack_size"": 30, ""max_iterations"": 350, ""initial_a"": 3.0, ""exploration_rate"": 0.2, ""max_no_improvement"": 75, ""polish_interval"": 25, ""polish_iters"": 5, ""final_polish_iters"": 300}"
03:44:13,config_st70_20260701_012653.json,st70,GWO-2opt,26,682.8,"{""pack_size"": 70, ""max_iterations"": 350, ""initial_a"": 3.0, ""exploration_rate"": 0.2, ""max_no_improvement"": 50, ""polish_interval"": 25, ""polish_iters"": 15, ""final_polish_iters"": 100}"
03:44:15,config_st70_20260701_012653.json,st70,GWO-2opt,27,692.4,"{""pack_size"": 30, ""max_iterations"": 350, ""initial_a"": 3.0, ""exploration_rate"": 0.2, ""max_no_improvement"": 50, ""polish_interval"": 25, ""polish_iters"": 15, ""final_polish_iters"": 300}"
03:44:18,config_st70_20260701_012653.json,st70,GWO-2opt,28,686.0,"{""pack_size"": 70, ""max_iterations"": 350, ""initial_a"": 3.0, ""exploration_rate"": 0.2, ""max_no_improvement"": 50, ""polish_interval"": 25, ""polish_iters"": 15, ""final_polish_iters"": 100}"
03:44:20,config_st70_20260701_012653.json,st70,GWO-2opt,29,687.4,"{""pack_size"": 70, ""max_iterations"": 350, ""initial_a"": 3.0, ""exploration_rate"": 0.2, ""max_no_improvement"": 50, ""polish_interval"": 25, ""polish_iters"": 15, ""final_polish_iters"": 100}"
03:44:23,config_st70_20260701_012653.json,st70,GWO-2opt,30,688.2,"{""pack_size"": 30, ""max_iterations"": 350, ""initial_a"": 3.0, ""exploration_rate"": 0.2, ""max_no_improvement"": 50, ""polish_interval"": 25, ""polish_iters"": 15, ""final_polish_iters"": 300}"
03:44:26,config_st70_20260701_012653.json,st70,GWO-Pure,1,2438.0,"{""pack_size"": 50, ""max_iterations"": 150, ""initial_a"": 2.0, ""exploration_rate"": 0.6, ""max_no_improvement"": 50}"
03:44:30,config_st70_20260701_012653.json,st70,GWO-Pure,2,2145.8,"{""pack_size"": 70, ""max_iterations"": 350, ""initial_a"": 3.0, ""exploration_rate"": 0.4, ""max_no_improvement"": 75}"
03:44:33,config_st70_20260701_012653.json,st70,GWO-Pure,3,2480.8,"{""pack_size"": 30, ""max_iterations"": 250, ""initial_a"": 3.0, ""exploration_rate"": 0.6, ""max_no_improvement"": 75}"
03:44:36,config_st70_20260701_012653.json,st70,GWO-Pure,4,2038.2,"{""pack_size"": 30, ""max_iterations"": 350, ""initial_a"": 2.0, ""exploration_rate"": 0.4, ""max_no_improvement"": 100}"
03:44:41,config_st70_20260701_012653.json,st70,GWO-Pure,5,2342.6,"{""pack_size"": 70, ""max_iterations"": 350, ""initial_a"": 2.0, ""exploration_rate"": 0.2, ""max_no_improvement"": 75}"
03:44:44,config_st70_20260701_012653.json,st70,GWO-Pure,6,1987.6,"{""pack_size"": 50, ""max_iterations"": 350, ""initial_a"": 1.0, ""exploration_rate"": 0.6, ""max_no_improvement"": 75}"
03:44:48,config_st70_20260701_012653.json,st70,GWO-Pure,7,2008.2,"{""pack_size"": 70, ""max_iterations"": 250, ""initial_a"": 1.0, ""exploration_rate"": 0.6, ""max_no_improvement"": 100}"
03:44:53,config_st70_20260701_012653.json,st70,GWO-Pure,8,2421.4,"{""pack_size"": 70, ""max_iterations"": 350, ""initial_a"": 2.0, ""exploration_rate"": 0.4, ""max_no_improvement"": 75}"
03:44:56,config_st70_20260701_012653.json,st70,GWO-Pure,9,2515.2,"{""pack_size"": 50, ""max_iterations"": 350, ""initial_a"": 2.0, ""exploration_rate"": 0.2, ""max_no_improvement"": 100}"
03:45:00,config_st70_20260701_012653.json,st70,GWO-Pure,10,1948.4,"{""pack_size"": 70, ""max_iterations"": 250, ""initial_a"": 2.0, ""exploration_rate"": 0.6, ""max_no_improvement"": 50}"
03:45:04,config_st70_20260701_012653.json,st70,GWO-Pure,11,2116.0,"{""pack_size"": 70, ""max_iterations"": 250, ""initial_a"": 1.0, ""exploration_rate"": 0.6, ""max_no_improvement"": 50}"
03:45:07,config_st70_20260701_012653.json,st70,GWO-Pure,12,2264.8,"{""pack_size"": 50, ""max_iterations"": 150, ""initial_a"": 1.0, ""exploration_rate"": 0.6, ""max_no_improvement"": 50}"
03:45:10,config_st70_20260701_012653.json,st70,GWO-Pure,13,2547.8,"{""pack_size"": 50, ""max_iterations"": 250, ""initial_a"": 1.0, ""exploration_rate"": 0.6, ""max_no_improvement"": 50}"
03:45:13,config_st70_20260701_012653.json,st70,GWO-Pure,14,1998.4,"{""pack_size"": 50, ""max_iterations"": 250, ""initial_a"": 1.0, ""exploration_rate"": 0.6, ""max_no_improvement"": 75}"
03:45:16,config_st70_20260701_012653.json,st70,GWO-Pure,15,2393.2,"{""pack_size"": 30, ""max_iterations"": 150, ""initial_a"": 3.0, ""exploration_rate"": 0.6, ""max_no_improvement"": 50}"
03:45:20,config_st70_20260701_012653.json,st70,GWO-Pure,16,1992.0,"{""pack_size"": 70, ""max_iterations"": 350, ""initial_a"": 2.0, ""exploration_rate"": 0.2, ""max_no_improvement"": 75}"
03:45:24,config_st70_20260701_012653.json,st70,GWO-Pure,17,1926.6,"{""pack_size"": 50, ""max_iterations"": 250, ""initial_a"": 1.0, ""exploration_rate"": 0.6, ""max_no_improvement"": 50}"
03:45:27,config_st70_20260701_012653.json,st70,GWO-Pure,18,2197.8,"{""pack_size"": 50, ""max_iterations"": 250, ""initial_a"": 2.0, ""exploration_rate"": 0.6, ""max_no_improvement"": 50}"
03:45:31,config_st70_20260701_012653.json,st70,GWO-Pure,19,2075.8,"{""pack_size"": 70, ""max_iterations"": 250, ""initial_a"": 1.0, ""exploration_rate"": 0.4, ""max_no_improvement"": 50}"
03:45:34,config_st70_20260701_012653.json,st70,GWO-Pure,20,2755.0,"{""pack_size"": 30, ""max_iterations"": 250, ""initial_a"": 3.0, ""exploration_rate"": 0.2, ""max_no_improvement"": 50}"
03:45:37,config_st70_20260701_012653.json,st70,GWO-Pure,21,2326.0,"{""pack_size"": 70, ""max_iterations"": 250, ""initial_a"": 2.0, ""exploration_rate"": 0.6, ""max_no_improvement"": 50}"
03:45:41,config_st70_20260701_012653.json,st70,GWO-Pure,22,2339.2,"{""pack_size"": 50, ""max_iterations"": 250, ""initial_a"": 1.0, ""exploration_rate"": 0.6, ""max_no_improvement"": 50}"
03:45:45,config_st70_20260701_012653.json,st70,GWO-Pure,23,2554.6,"{""pack_size"": 50, ""max_iterations"": 350, ""initial_a"": 1.0, ""exploration_rate"": 0.6, ""max_no_improvement"": 75}"
03:45:47,config_st70_20260701_012653.json,st70,GWO-Pure,24,2211.4,"{""pack_size"": 50, ""max_iterations"": 150, ""initial_a"": 1.0, ""exploration_rate"": 0.6, ""max_no_improvement"": 100}"
03:45:51,config_st70_20260701_012653.json,st70,GWO-Pure,25,2588.2,"{""pack_size"": 50, ""max_iterations"": 250, ""initial_a"": 1.0, ""exploration_rate"": 0.6, ""max_no_improvement"": 50}"
03:45:54,config_st70_20260701_012653.json,st70,GWO-Pure,26,2171.6,"{""pack_size"": 50, ""max_iterations"": 350, ""initial_a"": 1.0, ""exploration_rate"": 0.6, ""max_no_improvement"": 75}"
03:45:58,config_st70_20260701_012653.json,st70,GWO-Pure,27,2229.8,"{""pack_size"": 50, ""max_iterations"": 250, ""initial_a"": 1.0, ""exploration_rate"": 0.6, ""max_no_improvement"": 50}"
03:46:01,config_st70_20260701_012653.json,st70,GWO-Pure,28,2126.6,"{""pack_size"": 50, ""max_iterations"": 250, ""initial_a"": 1.0, ""exploration_rate"": 0.6, ""max_no_improvement"": 50}"
03:46:03,config_st70_20260701_012653.json,st70,GWO-Pure,29,2355.2,"{""pack_size"": 30, ""max_iterations"": 150, ""initial_a"": 3.0, ""exploration_rate"": 0.4, ""max_no_improvement"": 100}"
03:46:08,config_st70_20260701_012653.json,st70,GWO-Pure,30,1769.8,"{""pack_size"": 70, ""max_iterations"": 350, ""initial_a"": 2.0, ""exploration_rate"": 0.2, ""max_no_improvement"": 75}"
03:46:11,config_st70_20260701_012653.json,st70,HHO-2opt,1,688.2,"{""hawks"": 50, ""max_iterations"": 150, ""initial_energy"": 1.0, ""jump_probability"": 0.7, ""max_no_improvement"": 50, ""dive_count"": 5, ""levy_scale"": 0.5, ""polish_interval"": 35, ""polish_iters"": 10, ""final_polish_iters"": 200}"
03:46:13,config_st70_20260701_012653.json,st70,HHO-2opt,2,692.8,"{""hawks"": 30, ""max_iterations"": 250, ""initial_energy"": 1.5, ""jump_probability"": 0.7, ""max_no_improvement"": 75, ""dive_count"": 2, ""levy_scale"": 0.5, ""polish_interval"": 25, ""polish_iters"": 10, ""final_polish_iters"": 300}"
03:46:16,config_st70_20260701_012653.json,st70,HHO-2opt,3,689.2,"{""hawks"": 70, ""max_iterations"": 350, ""initial_energy"": 1.0, ""jump_probability"": 0.3, ""max_no_improvement"": 75, ""dive_count"": 3, ""levy_scale"": 0.5, ""polish_interval"": 15, ""polish_iters"": 15, ""final_polish_iters"": 200}"
03:46:18,config_st70_20260701_012653.json,st70,HHO-2opt,4,687.8,"{""hawks"": 70, ""max_iterations"": 250, ""initial_energy"": 0.5, ""jump_probability"": 0.7, ""max_no_improvement"": 100, ""dive_count"": 5, ""levy_scale"": 0.5, ""polish_interval"": 25, ""polish_iters"": 10, ""final_polish_iters"": 200}"
03:46:21,config_st70_20260701_012653.json,st70,HHO-2opt,5,685.8,"{""hawks"": 50, ""max_iterations"": 350, ""initial_energy"": 1.0, ""jump_probability"": 0.3, ""max_no_improvement"": 100, ""dive_count"": 5, ""levy_scale"": 0.3, ""polish_interval"": 25, ""polish_iters"": 15, ""final_polish_iters"": 100}"
03:46:24,config_st70_20260701_012653.json,st70,HHO-2opt,6,692.0,"{""hawks"": 30, ""max_iterations"": 250, ""initial_energy"": 1.0, ""jump_probability"": 0.3, ""max_no_improvement"": 50, ""dive_count"": 2, ""levy_scale"": 0.5, ""polish_interval"": 25, ""polish_iters"": 15, ""final_polish_iters"": 200}"
03:46:26,config_st70_20260701_012653.json,st70,HHO-2opt,7,684.2,"{""hawks"": 70, ""max_iterations"": 150, ""initial_energy"": 0.5, ""jump_probability"": 0.7, ""max_no_improvement"": 50, ""dive_count"": 5, ""levy_scale"": 0.2, ""polish_interval"": 35, ""polish_iters"": 5, ""final_polish_iters"": 100}"
03:46:29,config_st70_20260701_012653.json,st70,HHO-2opt,8,687.8,"{""hawks"": 50, ""max_iterations"": 250, ""initial_energy"": 1.0, ""jump_probability"": 0.3, ""max_no_improvement"": 75, ""dive_count"": 3, ""levy_scale"": 0.2, ""polish_interval"": 25, ""polish_iters"": 10, ""final_polish_iters"": 200}"
03:46:31,config_st70_20260701_012653.json,st70,HHO-2opt,9,689.2,"{""hawks"": 50, ""max_iterations"": 350, ""initial_energy"": 1.0, ""jump_probability"": 0.3, ""max_no_improvement"": 50, ""dive_count"": 3, ""levy_scale"": 0.5, ""polish_interval"": 15, ""polish_iters"": 5, ""final_polish_iters"": 100}"
03:46:34,config_st70_20260701_012653.json,st70,HHO-2opt,10,684.8,"{""hawks"": 70, ""max_iterations"": 150, ""initial_energy"": 0.5, ""jump_probability"": 0.5, ""max_no_improvement"": 100, ""dive_count"": 5, ""levy_scale"": 0.3, ""polish_interval"": 25, ""polish_iters"": 15, ""final_polish_iters"": 200}"
03:46:37,config_st70_20260701_012653.json,st70,HHO-2opt,11,684.6,"{""hawks"": 70, ""max_iterations"": 150, ""initial_energy"": 0.5, ""jump_probability"": 0.5, ""max_no_improvement"": 50, ""dive_count"": 5, ""levy_scale"": 0.2, ""polish_interval"": 35, ""polish_iters"": 5, ""final_polish_iters"": 100}"
03:46:39,config_st70_20260701_012653.json,st70,HHO-2opt,12,685.0,"{""hawks"": 70, ""max_iterations"": 150, ""initial_energy"": 0.5, ""jump_probability"": 0.5, ""max_no_improvement"": 50, ""dive_count"": 5, ""levy_scale"": 0.2, ""polish_interval"": 35, ""polish_iters"": 5, ""final_polish_iters"": 100}"
03:46:42,config_st70_20260701_012653.json,st70,HHO-2opt,13,686.2,"{""hawks"": 70, ""max_iterations"": 150, ""initial_energy"": 0.5, ""jump_probability"": 0.5, ""max_no_improvement"": 50, ""dive_count"": 5, ""levy_scale"": 0.2, ""polish_interval"": 35, ""polish_iters"": 5, ""final_polish_iters"": 100}"
03:46:44,config_st70_20260701_012653.json,st70,HHO-2opt,14,687.6,"{""hawks"": 70, ""max_iterations"": 150, ""initial_energy"": 0.5, ""jump_probability"": 0.7, ""max_no_improvement"": 50, ""dive_count"": 5, ""levy_scale"": 0.2, ""polish_interval"": 35, ""polish_iters"": 5, ""final_polish_iters"": 100}"
03:46:47,config_st70_20260701_012653.json,st70,HHO-2opt,15,687.0,"{""hawks"": 70, ""max_iterations"": 150, ""initial_energy"": 1.5, ""jump_probability"": 0.5, ""max_no_improvement"": 50, ""dive_count"": 5, ""levy_scale"": 0.2, ""polish_interval"": 35, ""polish_iters"": 5, ""final_polish_iters"": 300}"
03:46:49,config_st70_20260701_012653.json,st70,HHO-2opt,16,685.0,"{""hawks"": 70, ""max_iterations"": 150, ""initial_energy"": 0.5, ""jump_probability"": 0.7, ""max_no_improvement"": 50, ""dive_count"": 2, ""levy_scale"": 0.2, ""polish_interval"": 35, ""polish_iters"": 5, ""final_polish_iters"": 100}"
03:46:52,config_st70_20260701_012653.json,st70,HHO-2opt,17,690.4,"{""hawks"": 30, ""max_iterations"": 150, ""initial_energy"": 0.5, ""jump_probability"": 0.5, ""max_no_improvement"": 50, ""dive_count"": 5, ""levy_scale"": 0.2, ""polish_interval"": 35, ""polish_iters"": 5, ""final_polish_iters"": 100}"
03:46:54,config_st70_20260701_012653.json,st70,HHO-2opt,18,687.2,"{""hawks"": 70, ""max_iterations"": 150, ""initial_energy"": 0.5, ""jump_probability"": 0.7, ""max_no_improvement"": 50, ""dive_count"": 5, ""levy_scale"": 0.2, ""polish_interval"": 35, ""polish_iters"": 5, ""final_polish_iters"": 100}"
03:46:57,config_st70_20260701_012653.json,st70,HHO-2opt,19,685.0,"{""hawks"": 70, ""max_iterations"": 150, ""initial_energy"": 1.5, ""jump_probability"": 0.5, ""max_no_improvement"": 75, ""dive_count"": 2, ""levy_scale"": 0.3, ""polish_interval"": 15, ""polish_iters"": 5, ""final_polish_iters"": 300}"
03:47:00,config_st70_20260701_012653.json,st70,HHO-2opt,20,688.6,"{""hawks"": 30, ""max_iterations"": 350, ""initial_energy"": 0.5, ""jump_probability"": 0.7, ""max_no_improvement"": 100, ""dive_count"": 3, ""levy_scale"": 0.2, ""polish_interval"": 35, ""polish_iters"": 5, ""final_polish_iters"": 100}"
03:47:02,config_st70_20260701_012653.json,st70,HHO-2opt,21,681.8,"{""hawks"": 70, ""max_iterations"": 150, ""initial_energy"": 0.5, ""jump_probability"": 0.5, ""max_no_improvement"": 50, ""dive_count"": 5, ""levy_scale"": 0.2, ""polish_interval"": 35, ""polish_iters"": 5, ""final_polish_iters"": 100}"
03:47:05,config_st70_20260701_012653.json,st70,HHO-2opt,22,686.0,"{""hawks"": 70, ""max_iterations"": 150, ""initial_energy"": 0.5, ""jump_probability"": 0.5, ""max_no_improvement"": 50, ""dive_count"": 5, ""levy_scale"": 0.2, ""polish_interval"": 35, ""polish_iters"": 5, ""final_polish_iters"": 100}"
03:47:07,config_st70_20260701_012653.json,st70,HHO-2opt,23,685.6,"{""hawks"": 70, ""max_iterations"": 150, ""initial_energy"": 0.5, ""jump_probability"": 0.5, ""max_no_improvement"": 50, ""dive_count"": 5, ""levy_scale"": 0.2, ""polish_interval"": 35, ""polish_iters"": 5, ""final_polish_iters"": 100}"
03:47:10,config_st70_20260701_012653.json,st70,HHO-2opt,24,689.4,"{""hawks"": 70, ""max_iterations"": 150, ""initial_energy"": 0.5, ""jump_probability"": 0.5, ""max_no_improvement"": 50, ""dive_count"": 5, ""levy_scale"": 0.2, ""polish_interval"": 35, ""polish_iters"": 5, ""final_polish_iters"": 100}"
03:47:12,config_st70_20260701_012653.json,st70,HHO-2opt,25,688.8,"{""hawks"": 70, ""max_iterations"": 150, ""initial_energy"": 0.5, ""jump_probability"": 0.5, ""max_no_improvement"": 50, ""dive_count"": 5, ""levy_scale"": 0.2, ""polish_interval"": 35, ""polish_iters"": 5, ""final_polish_iters"": 100}"
03:47:15,config_st70_20260701_012653.json,st70,HHO-2opt,26,682.8,"{""hawks"": 70, ""max_iterations"": 150, ""initial_energy"": 1.5, ""jump_probability"": 0.5, ""max_no_improvement"": 50, ""dive_count"": 5, ""levy_scale"": 0.3, ""polish_interval"": 15, ""polish_iters"": 5, ""final_polish_iters"": 300}"
03:47:17,config_st70_20260701_012653.json,st70,HHO-2opt,27,685.0,"{""hawks"": 70, ""max_iterations"": 150, ""initial_energy"": 1.5, ""jump_probability"": 0.7, ""max_no_improvement"": 50, ""dive_count"": 5, ""levy_scale"": 0.3, ""polish_interval"": 15, ""polish_iters"": 5, ""final_polish_iters"": 300}"
03:47:20,config_st70_20260701_012653.json,st70,HHO-2opt,28,686.0,"{""hawks"": 70, ""max_iterations"": 150, ""initial_energy"": 1.5, ""jump_probability"": 0.5, ""max_no_improvement"": 50, ""dive_count"": 5, ""levy_scale"": 0.3, ""polish_interval"": 15, ""polish_iters"": 5, ""final_polish_iters"": 300}"
03:47:22,config_st70_20260701_012653.json,st70,HHO-2opt,29,687.4,"{""hawks"": 50, ""max_iterations"": 350, ""initial_energy"": 1.5, ""jump_probability"": 0.5, ""max_no_improvement"": 75, ""dive_count"": 3, ""levy_scale"": 0.3, ""polish_interval"": 15, ""polish_iters"": 15, ""final_polish_iters"": 300}"
03:47:25,config_st70_20260701_012653.json,st70,HHO-2opt,30,688.2,"{""hawks"": 30, ""max_iterations"": 250, ""initial_energy"": 1.5, ""jump_probability"": 0.7, ""max_no_improvement"": 100, ""dive_count"": 2, ""levy_scale"": 0.3, ""polish_interval"": 15, ""polish_iters"": 10, ""final_polish_iters"": 300}"
03:47:28,config_st70_20260701_012653.json,st70,HHO-Pure,1,2675.2,"{""hawks"": 50, ""max_iterations"": 150, ""initial_energy"": 1.0, ""jump_probability"": 0.7, ""max_no_improvement"": 50, ""dive_count"": 5, ""levy_scale"": 0.5}"
03:47:31,config_st70_20260701_012653.json,st70,HHO-Pure,2,2521.0,"{""hawks"": 70, ""max_iterations"": 250, ""initial_energy"": 1.0, ""jump_probability"": 0.3, ""max_no_improvement"": 75, ""dive_count"": 5, ""levy_scale"": 0.5}"
03:47:34,config_st70_20260701_012653.json,st70,HHO-Pure,3,2642.4,"{""hawks"": 50, ""max_iterations"": 150, ""initial_energy"": 1.5, ""jump_probability"": 0.5, ""max_no_improvement"": 75, ""dive_count"": 5, ""levy_scale"": 0.5}"
03:47:37,config_st70_20260701_012653.json,st70,HHO-Pure,4,2574.4,"{""hawks"": 70, ""max_iterations"": 250, ""initial_energy"": 0.5, ""jump_probability"": 0.5, ""max_no_improvement"": 75, ""dive_count"": 5, ""levy_scale"": 0.2}"
03:47:40,config_st70_20260701_012653.json,st70,HHO-Pure,5,2486.0,"{""hawks"": 70, ""max_iterations"": 250, ""initial_energy"": 1.5, ""jump_probability"": 0.5, ""max_no_improvement"": 50, ""dive_count"": 5, ""levy_scale"": 0.5}"
03:47:44,config_st70_20260701_012653.json,st70,HHO-Pure,6,2665.2,"{""hawks"": 70, ""max_iterations"": 350, ""initial_energy"": 1.0, ""jump_probability"": 0.5, ""max_no_improvement"": 75, ""dive_count"": 3, ""levy_scale"": 0.5}"
03:47:47,config_st70_20260701_012653.json,st70,HHO-Pure,7,2645.4,"{""hawks"": 50, ""max_iterations"": 150, ""initial_energy"": 1.5, ""jump_probability"": 0.7, ""max_no_improvement"": 75, ""dive_count"": 3, ""levy_scale"": 0.5}"
03:47:49,config_st70_20260701_012653.json,st70,HHO-Pure,8,2603.6,"{""hawks"": 30, ""max_iterations"": 150, ""initial_energy"": 1.0, ""jump_probability"": 0.5, ""max_no_improvement"": 50, ""dive_count"": 2, ""levy_scale"": 0.2}"
03:47:53,config_st70_20260701_012653.json,st70,HHO-Pure,9,2512.8,"{""hawks"": 70, ""max_iterations"": 250, ""initial_energy"": 1.5, ""jump_probability"": 0.5, ""max_no_improvement"": 100, ""dive_count"": 2, ""levy_scale"": 0.2}"
03:47:56,config_st70_20260701_012653.json,st70,HHO-Pure,10,2594.4,"{""hawks"": 70, ""max_iterations"": 150, ""initial_energy"": 1.5, ""jump_probability"": 0.3, ""max_no_improvement"": 100, ""dive_count"": 2, ""levy_scale"": 0.2}"
03:47:59,config_st70_20260701_012653.json,st70,HHO-Pure,11,2698.6,"{""hawks"": 30, ""max_iterations"": 350, ""initial_energy"": 0.5, ""jump_probability"": 0.3, ""max_no_improvement"": 50, ""dive_count"": 5, ""levy_scale"": 0.3}"
03:48:02,config_st70_20260701_012653.json,st70,HHO-Pure,12,2578.0,"{""hawks"": 70, ""max_iterations"": 250, ""initial_energy"": 1.5, ""jump_probability"": 0.5, ""max_no_improvement"": 100, ""dive_count"": 2, ""levy_scale"": 0.3}"
03:48:06,config_st70_20260701_012653.json,st70,HHO-Pure,13,2553.0,"{""hawks"": 70, ""max_iterations"": 250, ""initial_energy"": 1.5, ""jump_probability"": 0.5, ""max_no_improvement"": 100, ""dive_count"": 2, ""levy_scale"": 0.2}"
03:48:10,config_st70_20260701_012653.json,st70,HHO-Pure,14,2611.0,"{""hawks"": 70, ""max_iterations"": 250, ""initial_energy"": 1.5, ""jump_probability"": 0.5, ""max_no_improvement"": 100, ""dive_count"": 2, ""levy_scale"": 0.2}"
03:48:13,config_st70_20260701_012653.json,st70,HHO-Pure,15,2504.0,"{""hawks"": 70, ""max_iterations"": 250, ""initial_energy"": 1.5, ""jump_probability"": 0.7, ""max_no_improvement"": 50, ""dive_count"": 3, ""levy_scale"": 0.3}"
03:48:15,config_st70_20260701_012653.json,st70,HHO-Pure,16,2620.4,"{""hawks"": 30, ""max_iterations"": 250, ""initial_energy"": 1.5, ""jump_probability"": 0.7, ""max_no_improvement"": 50, ""dive_count"": 3, ""levy_scale"": 0.3}"
03:48:19,config_st70_20260701_012653.json,st70,HHO-Pure,17,2507.4,"{""hawks"": 70, ""max_iterations"": 250, ""initial_energy"": 0.5, ""jump_probability"": 0.7, ""max_no_improvement"": 50, ""dive_count"": 3, ""levy_scale"": 0.3}"
03:48:22,config_st70_20260701_012653.json,st70,HHO-Pure,18,2637.8,"{""hawks"": 70, ""max_iterations"": 350, ""initial_energy"": 1.5, ""jump_probability"": 0.7, ""max_no_improvement"": 50, ""dive_count"": 3, ""levy_scale"": 0.3}"
03:48:25,config_st70_20260701_012653.json,st70,HHO-Pure,19,2645.4,"{""hawks"": 30, ""max_iterations"": 250, ""initial_energy"": 1.5, ""jump_probability"": 0.7, ""max_no_improvement"": 50, ""dive_count"": 5, ""levy_scale"": 0.5}"
03:48:28,config_st70_20260701_012653.json,st70,HHO-Pure,20,2625.4,"{""hawks"": 50, ""max_iterations"": 250, ""initial_energy"": 0.5, ""jump_probability"": 0.7, ""max_no_improvement"": 50, ""dive_count"": 3, ""levy_scale"": 0.3}"
03:48:31,config_st70_20260701_012653.json,st70,HHO-Pure,21,2545.4,"{""hawks"": 70, ""max_iterations"": 350, ""initial_energy"": 1.5, ""jump_probability"": 0.3, ""max_no_improvement"": 50, ""dive_count"": 5, ""levy_scale"": 0.5}"
03:48:35,config_st70_20260701_012653.json,st70,HHO-Pure,22,2550.2,"{""hawks"": 70, ""max_iterations"": 250, ""initial_energy"": 0.5, ""jump_probability"": 0.7, ""max_no_improvement"": 50, ""dive_count"": 3, ""levy_scale"": 0.3}"
03:48:38,config_st70_20260701_012653.json,st70,HHO-Pure,23,2519.8,"{""hawks"": 70, ""max_iterations"": 250, ""initial_energy"": 0.5, ""jump_probability"": 0.7, ""max_no_improvement"": 50, ""dive_count"": 3, ""levy_scale"": 0.3}"
03:48:41,config_st70_20260701_012653.json,st70,HHO-Pure,24,2640.8,"{""hawks"": 70, ""max_iterations"": 250, ""initial_energy"": 0.5, ""jump_probability"": 0.7, ""max_no_improvement"": 50, ""dive_count"": 3, ""levy_scale"": 0.3}"
03:48:44,config_st70_20260701_012653.json,st70,HHO-Pure,25,2625.4,"{""hawks"": 70, ""max_iterations"": 250, ""initial_energy"": 0.5, ""jump_probability"": 0.7, ""max_no_improvement"": 50, ""dive_count"": 3, ""levy_scale"": 0.3}"
03:48:47,config_st70_20260701_012653.json,st70,HHO-Pure,26,2676.4,"{""hawks"": 70, ""max_iterations"": 250, ""initial_energy"": 0.5, ""jump_probability"": 0.7, ""max_no_improvement"": 50, ""dive_count"": 3, ""levy_scale"": 0.3}"
03:48:51,config_st70_20260701_012653.json,st70,HHO-Pure,27,2585.2,"{""hawks"": 70, ""max_iterations"": 250, ""initial_energy"": 1.5, ""jump_probability"": 0.7, ""max_no_improvement"": 50, ""dive_count"": 3, ""levy_scale"": 0.3}"
03:48:54,config_st70_20260701_012653.json,st70,HHO-Pure,28,2512.4,"{""hawks"": 70, ""max_iterations"": 250, ""initial_energy"": 1.0, ""jump_probability"": 0.7, ""max_no_improvement"": 50, ""dive_count"": 5, ""levy_scale"": 0.5}"
03:48:57,config_st70_20260701_012653.json,st70,HHO-Pure,29,2760.0,"{""hawks"": 30, ""max_iterations"": 350, ""initial_energy"": 0.5, ""jump_probability"": 0.3, ""max_no_improvement"": 50, ""dive_count"": 3, ""levy_scale"": 0.3}"
03:49:00,config_st70_20260701_012653.json,st70,HHO-Pure,30,2676.6,"{""hawks"": 50, ""max_iterations"": 250, ""initial_energy"": 1.5, ""jump_probability"": 0.5, ""max_no_improvement"": 50, ""dive_count"": 5, ""levy_scale"": 0.5}"
03:49:06,config_st70_20260701_012653.json,st70,GWO-LKH,1,749.8,"{""pack_size"": 50, ""max_iterations"": 150, ""initial_a"": 2.0, ""exploration_rate"": 0.6, ""max_no_improvement"": 50, ""polish_interval"": 35, ""polish_iters"": 15, ""final_polish_iters"": 300}"
03:49:12,config_st70_20260701_012653.json,st70,GWO-LKH,2,737.0,"{""pack_size"": 50, ""max_iterations"": 250, ""initial_a"": 1.0, ""exploration_rate"": 0.4, ""max_no_improvement"": 100, ""polish_interval"": 35, ""polish_iters"": 10, ""final_polish_iters"": 100}"
03:49:19,config_st70_20260701_012653.json,st70,GWO-LKH,3,744.6,"{""pack_size"": 70, ""max_iterations"": 250, ""initial_a"": 2.0, ""exploration_rate"": 0.6, ""max_no_improvement"": 100, ""polish_interval"": 35, ""polish_iters"": 10, ""final_polish_iters"": 100}"
03:49:25,config_st70_20260701_012653.json,st70,GWO-LKH,4,749.2,"{""pack_size"": 50, ""max_iterations"": 250, ""initial_a"": 3.0, ""exploration_rate"": 0.2, ""max_no_improvement"": 100, ""polish_interval"": 25, ""polish_iters"": 15, ""final_polish_iters"": 200}"
03:49:30,config_st70_20260701_012653.json,st70,GWO-LKH,5,763.0,"{""pack_size"": 30, ""max_iterations"": 350, ""initial_a"": 3.0, ""exploration_rate"": 0.6, ""max_no_improvement"": 100, ""polish_interval"": 25, ""polish_iters"": 10, ""final_polish_iters"": 200}"
03:49:36,config_st70_20260701_012653.json,st70,GWO-LKH,6,736.0,"{""pack_size"": 50, ""max_iterations"": 350, ""initial_a"": 2.0, ""exploration_rate"": 0.2, ""max_no_improvement"": 100, ""polish_interval"": 35, ""polish_iters"": 10, ""final_polish_iters"": 200}"
03:49:44,config_st70_20260701_012653.json,st70,GWO-LKH,7,739.2,"{""pack_size"": 70, ""max_iterations"": 150, ""initial_a"": 1.0, ""exploration_rate"": 0.4, ""max_no_improvement"": 75, ""polish_interval"": 15, ""polish_iters"": 5, ""final_polish_iters"": 100}"
03:49:51,config_st70_20260701_012653.json,st70,GWO-LKH,8,733.6,"{""pack_size"": 70, ""max_iterations"": 250, ""initial_a"": 3.0, ""exploration_rate"": 0.4, ""max_no_improvement"": 100, ""polish_interval"": 15, ""polish_iters"": 5, ""final_polish_iters"": 300}"
03:49:56,config_st70_20260701_012653.json,st70,GWO-LKH,9,776.6,"{""pack_size"": 30, ""max_iterations"": 350, ""initial_a"": 1.0, ""exploration_rate"": 0.6, ""max_no_improvement"": 50, ""polish_interval"": 15, ""polish_iters"": 10, ""final_polish_iters"": 200}"
03:50:01,config_st70_20260701_012653.json,st70,GWO-LKH,10,759.8,"{""pack_size"": 50, ""max_iterations"": 150, ""initial_a"": 2.0, ""exploration_rate"": 0.4, ""max_no_improvement"": 50, ""polish_interval"": 25, ""polish_iters"": 10, ""final_polish_iters"": 200}"
03:50:09,config_st70_20260701_012653.json,st70,GWO-LKH,11,752.6,"{""pack_size"": 70, ""max_iterations"": 250, ""initial_a"": 3.0, ""exploration_rate"": 0.4, ""max_no_improvement"": 75, ""polish_interval"": 15, ""polish_iters"": 5, ""final_polish_iters"": 300}"
03:50:16,config_st70_20260701_012653.json,st70,GWO-LKH,12,746.8,"{""pack_size"": 70, ""max_iterations"": 350, ""initial_a"": 2.0, ""exploration_rate"": 0.2, ""max_no_improvement"": 100, ""polish_interval"": 15, ""polish_iters"": 5, ""final_polish_iters"": 300}"
03:50:24,config_st70_20260701_012653.json,st70,GWO-LKH,13,733.0,"{""pack_size"": 70, ""max_iterations"": 350, ""initial_a"": 3.0, ""exploration_rate"": 0.2, ""max_no_improvement"": 100, ""polish_interval"": 35, ""polish_iters"": 5, ""final_polish_iters"": 300}"
03:50:32,config_st70_20260701_012653.json,st70,GWO-LKH,14,731.2,"{""pack_size"": 70, ""max_iterations"": 250, ""initial_a"": 3.0, ""exploration_rate"": 0.2, ""max_no_improvement"": 100, ""polish_interval"": 35, ""polish_iters"": 5, ""final_polish_iters"": 300}"
03:50:39,config_st70_20260701_012653.json,st70,GWO-LKH,15,738.8,"{""pack_size"": 70, ""max_iterations"": 350, ""initial_a"": 3.0, ""exploration_rate"": 0.2, ""max_no_improvement"": 100, ""polish_interval"": 35, ""polish_iters"": 5, ""final_polish_iters"": 300}"
03:50:46,config_st70_20260701_012653.json,st70,GWO-LKH,16,736.6,"{""pack_size"": 70, ""max_iterations"": 250, ""initial_a"": 3.0, ""exploration_rate"": 0.2, ""max_no_improvement"": 75, ""polish_interval"": 35, ""polish_iters"": 5, ""final_polish_iters"": 300}"
03:50:51,config_st70_20260701_012653.json,st70,GWO-LKH,17,745.2,"{""pack_size"": 30, ""max_iterations"": 350, ""initial_a"": 3.0, ""exploration_rate"": 0.2, ""max_no_improvement"": 100, ""polish_interval"": 35, ""polish_iters"": 5, ""final_polish_iters"": 300}"
03:50:58,config_st70_20260701_012653.json,st70,GWO-LKH,18,744.4,"{""pack_size"": 70, ""max_iterations"": 250, ""initial_a"": 3.0, ""exploration_rate"": 0.2, ""max_no_improvement"": 100, ""polish_interval"": 35, ""polish_iters"": 15, ""final_polish_iters"": 300}"
03:51:06,config_st70_20260701_012653.json,st70,GWO-LKH,19,742.0,"{""pack_size"": 70, ""max_iterations"": 350, ""initial_a"": 3.0, ""exploration_rate"": 0.2, ""max_no_improvement"": 75, ""polish_interval"": 35, ""polish_iters"": 5, ""final_polish_iters"": 300}"
03:51:13,config_st70_20260701_012653.json,st70,GWO-LKH,20,724.8,"{""pack_size"": 70, ""max_iterations"": 150, ""initial_a"": 3.0, ""exploration_rate"": 0.2, ""max_no_improvement"": 50, ""polish_interval"": 35, ""polish_iters"": 5, ""final_polish_iters"": 300}"
03:51:17,config_st70_20260701_012653.json,st70,GWO-LKH,21,751.6,"{""pack_size"": 30, ""max_iterations"": 150, ""initial_a"": 1.0, ""exploration_rate"": 0.2, ""max_no_improvement"": 50, ""polish_interval"": 25, ""polish_iters"": 5, ""final_polish_iters"": 100}"
03:51:24,config_st70_20260701_012653.json,st70,GWO-LKH,22,728.4,"{""pack_size"": 70, ""max_iterations"": 150, ""initial_a"": 3.0, ""exploration_rate"": 0.2, ""max_no_improvement"": 50, ""polish_interval"": 35, ""polish_iters"": 5, ""final_polish_iters"": 300}"
03:51:31,config_st70_20260701_012653.json,st70,GWO-LKH,23,740.6,"{""pack_size"": 70, ""max_iterations"": 150, ""initial_a"": 3.0, ""exploration_rate"": 0.2, ""max_no_improvement"": 50, ""polish_interval"": 35, ""polish_iters"": 5, ""final_polish_iters"": 300}"
03:51:39,config_st70_20260701_012653.json,st70,GWO-LKH,24,726.8,"{""pack_size"": 70, ""max_iterations"": 150, ""initial_a"": 3.0, ""exploration_rate"": 0.2, ""max_no_improvement"": 50, ""polish_interval"": 35, ""polish_iters"": 5, ""final_polish_iters"": 300}"
03:51:46,config_st70_20260701_012653.json,st70,GWO-LKH,25,726.6,"{""pack_size"": 70, ""max_iterations"": 150, ""initial_a"": 3.0, ""exploration_rate"": 0.2, ""max_no_improvement"": 50, ""polish_interval"": 35, ""polish_iters"": 5, ""final_polish_iters"": 300}"
03:51:53,config_st70_20260701_012653.json,st70,GWO-LKH,26,731.6,"{""pack_size"": 70, ""max_iterations"": 150, ""initial_a"": 3.0, ""exploration_rate"": 0.2, ""max_no_improvement"": 50, ""polish_interval"": 35, ""polish_iters"": 15, ""final_polish_iters"": 300}"
03:52:01,config_st70_20260701_012653.json,st70,GWO-LKH,27,725.8,"{""pack_size"": 70, ""max_iterations"": 150, ""initial_a"": 3.0, ""exploration_rate"": 0.2, ""max_no_improvement"": 50, ""polish_interval"": 35, ""polish_iters"": 5, ""final_polish_iters"": 300}"
03:52:08,config_st70_20260701_012653.json,st70,GWO-LKH,28,747.0,"{""pack_size"": 70, ""max_iterations"": 150, ""initial_a"": 3.0, ""exploration_rate"": 0.2, ""max_no_improvement"": 50, ""polish_interval"": 35, ""polish_iters"": 5, ""final_polish_iters"": 300}"
03:52:12,config_st70_20260701_012653.json,st70,GWO-LKH,29,746.2,"{""pack_size"": 30, ""max_iterations"": 150, ""initial_a"": 1.0, ""exploration_rate"": 0.2, ""max_no_improvement"": 50, ""polish_interval"": 25, ""polish_iters"": 5, ""final_polish_iters"": 300}"
03:52:19,config_st70_20260701_012653.json,st70,GWO-LKH,30,741.4,"{""pack_size"": 70, ""max_iterations"": 150, ""initial_a"": 3.0, ""exploration_rate"": 0.6, ""max_no_improvement"": 50, ""polish_interval"": 35, ""polish_iters"": 15, ""final_polish_iters"": 100}"
03:52:41,config_st70_20260701_012653.json,st70,GWO-ALNS,1,676.6,"{""pack_size"": 50, ""max_iterations"": 150, ""initial_a"": 2.0, ""exploration_rate"": 0.6, ""max_no_improvement"": 50, ""polish_interval"": 35, ""alns_iterations"": 150, ""alns_remove_ratio"": 0.2, ""final_polish_iters"": 200}"
03:52:51,config_st70_20260701_012653.json,st70,GWO-ALNS,2,678.6,"{""pack_size"": 50, ""max_iterations"": 150, ""initial_a"": 2.0, ""exploration_rate"": 0.6, ""max_no_improvement"": 100, ""polish_interval"": 25, ""alns_iterations"": 50, ""alns_remove_ratio"": 0.2, ""final_polish_iters"": 200}"
03:53:02,config_st70_20260701_012653.json,st70,GWO-ALNS,3,680.6,"{""pack_size"": 50, ""max_iterations"": 350, ""initial_a"": 3.0, ""exploration_rate"": 0.6, ""max_no_improvement"": 75, ""polish_interval"": 15, ""alns_iterations"": 100, ""alns_remove_ratio"": 0.15, ""final_polish_iters"": 300}"
03:53:18,config_st70_20260701_012653.json,st70,GWO-ALNS,4,676.6,"{""pack_size"": 30, ""max_iterations"": 350, ""initial_a"": 2.0, ""exploration_rate"": 0.6, ""max_no_improvement"": 75, ""polish_interval"": 15, ""alns_iterations"": 150, ""alns_remove_ratio"": 0.2, ""final_polish_iters"": 300}"
03:53:28,config_st70_20260701_012653.json,st70,GWO-ALNS,5,681.0,"{""pack_size"": 70, ""max_iterations"": 250, ""initial_a"": 2.0, ""exploration_rate"": 0.4, ""max_no_improvement"": 75, ""polish_interval"": 35, ""alns_iterations"": 100, ""alns_remove_ratio"": 0.1, ""final_polish_iters"": 300}"
03:53:41,config_st70_20260701_012653.json,st70,GWO-ALNS,6,679.6,"{""pack_size"": 70, ""max_iterations"": 250, ""initial_a"": 2.0, ""exploration_rate"": 0.6, ""max_no_improvement"": 50, ""polish_interval"": 15, ""alns_iterations"": 100, ""alns_remove_ratio"": 0.15, ""final_polish_iters"": 100}"
03:53:48,config_st70_20260701_012653.json,st70,GWO-ALNS,7,683.2,"{""pack_size"": 30, ""max_iterations"": 150, ""initial_a"": 3.0, ""exploration_rate"": 0.4, ""max_no_improvement"": 100, ""polish_interval"": 25, ""alns_iterations"": 150, ""alns_remove_ratio"": 0.1, ""final_polish_iters"": 100}"
03:53:57,config_st70_20260701_012653.json,st70,GWO-ALNS,8,684.6,"{""pack_size"": 70, ""max_iterations"": 150, ""initial_a"": 3.0, ""exploration_rate"": 0.2, ""max_no_improvement"": 100, ""polish_interval"": 15, ""alns_iterations"": 50, ""alns_remove_ratio"": 0.15, ""final_polish_iters"": 200}"
03:54:08,config_st70_20260701_012653.json,st70,GWO-ALNS,9,680.4,"{""pack_size"": 50, ""max_iterations"": 150, ""initial_a"": 2.0, ""exploration_rate"": 0.4, ""max_no_improvement"": 50, ""polish_interval"": 25, ""alns_iterations"": 100, ""alns_remove_ratio"": 0.15, ""final_polish_iters"": 200}"
03:54:14,config_st70_20260701_012653.json,st70,GWO-ALNS,10,694.6,"{""pack_size"": 70, ""max_iterations"": 250, ""initial_a"": 1.0, ""exploration_rate"": 0.2, ""max_no_improvement"": 75, ""polish_interval"": 35, ""alns_iterations"": 50, ""alns_remove_ratio"": 0.1, ""final_polish_iters"": 100}"
03:54:37,config_st70_20260701_012653.json,st70,GWO-ALNS,11,679.2,"{""pack_size"": 50, ""max_iterations"": 150, ""initial_a"": 1.0, ""exploration_rate"": 0.6, ""max_no_improvement"": 50, ""polish_interval"": 35, ""alns_iterations"": 150, ""alns_remove_ratio"": 0.2, ""final_polish_iters"": 200}"
03:54:53,config_st70_20260701_012653.json,st70,GWO-ALNS,12,675.8,"{""pack_size"": 30, ""max_iterations"": 350, ""initial_a"": 2.0, ""exploration_rate"": 0.6, ""max_no_improvement"": 75, ""polish_interval"": 15, ""alns_iterations"": 150, ""alns_remove_ratio"": 0.2, ""final_polish_iters"": 300}"
03:55:07,config_st70_20260701_012653.json,st70,GWO-ALNS,13,676.6,"{""pack_size"": 30, ""max_iterations"": 350, ""initial_a"": 2.0, ""exploration_rate"": 0.6, ""max_no_improvement"": 50, ""polish_interval"": 35, ""alns_iterations"": 150, ""alns_remove_ratio"": 0.2, ""final_polish_iters"": 300}"
03:55:23,config_st70_20260701_012653.json,st70,GWO-ALNS,14,678.4,"{""pack_size"": 30, ""max_iterations"": 350, ""initial_a"": 2.0, ""exploration_rate"": 0.6, ""max_no_improvement"": 75, ""polish_interval"": 15, ""alns_iterations"": 150, ""alns_remove_ratio"": 0.2, ""final_polish_iters"": 300}"
03:55:38,config_st70_20260701_012653.json,st70,GWO-ALNS,15,676.8,"{""pack_size"": 30, ""max_iterations"": 350, ""initial_a"": 2.0, ""exploration_rate"": 0.6, ""max_no_improvement"": 50, ""polish_interval"": 35, ""alns_iterations"": 150, ""alns_remove_ratio"": 0.2, ""final_polish_iters"": 200}"
03:56:01,config_st70_20260701_012653.json,st70,GWO-ALNS,16,676.6,"{""pack_size"": 50, ""max_iterations"": 150, ""initial_a"": 1.0, ""exploration_rate"": 0.2, ""max_no_improvement"": 75, ""polish_interval"": 15, ""alns_iterations"": 150, ""alns_remove_ratio"": 0.2, ""final_polish_iters"": 200}"
03:56:15,config_st70_20260701_012653.json,st70,GWO-ALNS,17,676.6,"{""pack_size"": 30, ""max_iterations"": 350, ""initial_a"": 2.0, ""exploration_rate"": 0.6, ""max_no_improvement"": 50, ""polish_interval"": 35, ""alns_iterations"": 150, ""alns_remove_ratio"": 0.2, ""final_polish_iters"": 300}"
03:56:37,config_st70_20260701_012653.json,st70,GWO-ALNS,18,676.0,"{""pack_size"": 50, ""max_iterations"": 350, ""initial_a"": 2.0, ""exploration_rate"": 0.6, ""max_no_improvement"": 50, ""polish_interval"": 35, ""alns_iterations"": 150, ""alns_remove_ratio"": 0.2, ""final_polish_iters"": 200}"
03:56:52,config_st70_20260701_012653.json,st70,GWO-ALNS,19,676.6,"{""pack_size"": 30, ""max_iterations"": 350, ""initial_a"": 3.0, ""exploration_rate"": 0.4, ""max_no_improvement"": 75, ""polish_interval"": 15, ""alns_iterations"": 150, ""alns_remove_ratio"": 0.2, ""final_polish_iters"": 300}"
03:56:57,config_st70_20260701_012653.json,st70,GWO-ALNS,20,703.0,"{""pack_size"": 50, ""max_iterations"": 350, ""initial_a"": 1.0, ""exploration_rate"": 0.2, ""max_no_improvement"": 100, ""polish_interval"": 25, ""alns_iterations"": 50, ""alns_remove_ratio"": 0.1, ""final_polish_iters"": 100}"
03:57:20,config_st70_20260701_012653.json,st70,GWO-ALNS,21,675.8,"{""pack_size"": 50, ""max_iterations"": 350, ""initial_a"": 2.0, ""exploration_rate"": 0.6, ""max_no_improvement"": 75, ""polish_interval"": 35, ""alns_iterations"": 150, ""alns_remove_ratio"": 0.2, ""final_polish_iters"": 300}"
03:57:42,config_st70_20260701_012653.json,st70,GWO-ALNS,22,677.4,"{""pack_size"": 50, ""max_iterations"": 350, ""initial_a"": 2.0, ""exploration_rate"": 0.6, ""max_no_improvement"": 75, ""polish_interval"": 35, ""alns_iterations"": 150, ""alns_remove_ratio"": 0.2, ""final_polish_iters"": 300}"
03:58:06,config_st70_20260701_012653.json,st70,GWO-ALNS,23,675.8,"{""pack_size"": 50, ""max_iterations"": 350, ""initial_a"": 2.0, ""exploration_rate"": 0.6, ""max_no_improvement"": 75, ""polish_interval"": 35, ""alns_iterations"": 150, ""alns_remove_ratio"": 0.2, ""final_polish_iters"": 300}"
03:58:28,config_st70_20260701_012653.json,st70,GWO-ALNS,24,676.0,"{""pack_size"": 50, ""max_iterations"": 350, ""initial_a"": 2.0, ""exploration_rate"": 0.6, ""max_no_improvement"": 75, ""polish_interval"": 35, ""alns_iterations"": 150, ""alns_remove_ratio"": 0.2, ""final_polish_iters"": 300}"
03:58:51,config_st70_20260701_012653.json,st70,GWO-ALNS,25,677.4,"{""pack_size"": 50, ""max_iterations"": 350, ""initial_a"": 2.0, ""exploration_rate"": 0.6, ""max_no_improvement"": 75, ""polish_interval"": 35, ""alns_iterations"": 150, ""alns_remove_ratio"": 0.2, ""final_polish_iters"": 300}"
03:59:07,config_st70_20260701_012653.json,st70,GWO-ALNS,26,676.6,"{""pack_size"": 30, ""max_iterations"": 350, ""initial_a"": 2.0, ""exploration_rate"": 0.6, ""max_no_improvement"": 75, ""polish_interval"": 15, ""alns_iterations"": 150, ""alns_remove_ratio"": 0.2, ""final_polish_iters"": 300}"
03:59:29,config_st70_20260701_012653.json,st70,GWO-ALNS,27,677.4,"{""pack_size"": 50, ""max_iterations"": 250, ""initial_a"": 2.0, ""exploration_rate"": 0.6, ""max_no_improvement"": 75, ""polish_interval"": 35, ""alns_iterations"": 150, ""alns_remove_ratio"": 0.2, ""final_polish_iters"": 300}"
03:59:53,config_st70_20260701_012653.json,st70,GWO-ALNS,28,676.6,"{""pack_size"": 50, ""max_iterations"": 350, ""initial_a"": 2.0, ""exploration_rate"": 0.6, ""max_no_improvement"": 75, ""polish_interval"": 35, ""alns_iterations"": 150, ""alns_remove_ratio"": 0.2, ""final_polish_iters"": 300}"
04:00:01,config_st70_20260701_012653.json,st70,GWO-ALNS,29,682.0,"{""pack_size"": 70, ""max_iterations"": 350, ""initial_a"": 3.0, ""exploration_rate"": 0.2, ""max_no_improvement"": 75, ""polish_interval"": 25, ""alns_iterations"": 50, ""alns_remove_ratio"": 0.15, ""final_polish_iters"": 300}"
04:00:06,config_st70_20260701_012653.json,st70,GWO-ALNS,30,686.6,"{""pack_size"": 30, ""max_iterations"": 350, ""initial_a"": 1.0, ""exploration_rate"": 0.4, ""max_no_improvement"": 75, ""polish_interval"": 15, ""alns_iterations"": 100, ""alns_remove_ratio"": 0.1, ""final_polish_iters"": 300}"
04:00:12,config_st70_20260701_012653.json,st70,HHO-LKH,1,749.8,"{""hawks"": 50, ""max_iterations"": 150, ""initial_energy"": 1.0, ""jump_probability"": 0.7, ""max_no_improvement"": 50, ""dive_count"": 5, ""levy_scale"": 0.5, ""polish_interval"": 35, ""polish_iters"": 10, ""final_polish_iters"": 200}"
04:00:16,config_st70_20260701_012653.json,st70,HHO-LKH,2,737.0,"{""hawks"": 30, ""max_iterations"": 250, ""initial_energy"": 1.5, ""jump_probability"": 0.7, ""max_no_improvement"": 75, ""dive_count"": 2, ""levy_scale"": 0.5, ""polish_interval"": 25, ""polish_iters"": 10, ""final_polish_iters"": 300}"
04:00:24,config_st70_20260701_012653.json,st70,HHO-LKH,3,744.6,"{""hawks"": 70, ""max_iterations"": 350, ""initial_energy"": 1.0, ""jump_probability"": 0.3, ""max_no_improvement"": 75, ""dive_count"": 3, ""levy_scale"": 0.5, ""polish_interval"": 15, ""polish_iters"": 15, ""final_polish_iters"": 200}"
04:00:31,config_st70_20260701_012653.json,st70,HHO-LKH,4,747.2,"{""hawks"": 70, ""max_iterations"": 250, ""initial_energy"": 0.5, ""jump_probability"": 0.7, ""max_no_improvement"": 100, ""dive_count"": 5, ""levy_scale"": 0.5, ""polish_interval"": 25, ""polish_iters"": 10, ""final_polish_iters"": 200}"
04:00:37,config_st70_20260701_012653.json,st70,HHO-LKH,5,752.8,"{""hawks"": 50, ""max_iterations"": 350, ""initial_energy"": 1.0, ""jump_probability"": 0.3, ""max_no_improvement"": 100, ""dive_count"": 5, ""levy_scale"": 0.3, ""polish_interval"": 25, ""polish_iters"": 15, ""final_polish_iters"": 100}"
04:00:42,config_st70_20260701_012653.json,st70,HHO-LKH,6,748.4,"{""hawks"": 30, ""max_iterations"": 250, ""initial_energy"": 1.0, ""jump_probability"": 0.3, ""max_no_improvement"": 50, ""dive_count"": 2, ""levy_scale"": 0.5, ""polish_interval"": 25, ""polish_iters"": 15, ""final_polish_iters"": 200}"
04:00:49,config_st70_20260701_012653.json,st70,HHO-LKH,7,739.2,"{""hawks"": 70, ""max_iterations"": 150, ""initial_energy"": 0.5, ""jump_probability"": 0.7, ""max_no_improvement"": 50, ""dive_count"": 5, ""levy_scale"": 0.2, ""polish_interval"": 35, ""polish_iters"": 5, ""final_polish_iters"": 100}"
04:00:55,config_st70_20260701_012653.json,st70,HHO-LKH,8,750.0,"{""hawks"": 50, ""max_iterations"": 250, ""initial_energy"": 1.0, ""jump_probability"": 0.3, ""max_no_improvement"": 75, ""dive_count"": 3, ""levy_scale"": 0.2, ""polish_interval"": 25, ""polish_iters"": 10, ""final_polish_iters"": 200}"
04:01:00,config_st70_20260701_012653.json,st70,HHO-LKH,9,753.2,"{""hawks"": 50, ""max_iterations"": 350, ""initial_energy"": 1.0, ""jump_probability"": 0.3, ""max_no_improvement"": 50, ""dive_count"": 3, ""levy_scale"": 0.5, ""polish_interval"": 15, ""polish_iters"": 5, ""final_polish_iters"": 100}"
04:01:08,config_st70_20260701_012653.json,st70,HHO-LKH,10,750.6,"{""hawks"": 70, ""max_iterations"": 150, ""initial_energy"": 0.5, ""jump_probability"": 0.5, ""max_no_improvement"": 100, ""dive_count"": 5, ""levy_scale"": 0.3, ""polish_interval"": 25, ""polish_iters"": 15, ""final_polish_iters"": 200}"
04:01:12,config_st70_20260701_012653.json,st70,HHO-LKH,11,762.0,"{""hawks"": 30, ""max_iterations"": 250, ""initial_energy"": 1.5, ""jump_probability"": 0.5, ""max_no_improvement"": 75, ""dive_count"": 2, ""levy_scale"": 0.2, ""polish_interval"": 15, ""polish_iters"": 10, ""final_polish_iters"": 300}"
04:01:16,config_st70_20260701_012653.json,st70,HHO-LKH,12,759.8,"{""hawks"": 30, ""max_iterations"": 150, ""initial_energy"": 1.5, ""jump_probability"": 0.7, ""max_no_improvement"": 75, ""dive_count"": 2, ""levy_scale"": 0.2, ""polish_interval"": 35, ""polish_iters"": 5, ""final_polish_iters"": 300}"
04:01:23,config_st70_20260701_012653.json,st70,HHO-LKH,13,733.0,"{""hawks"": 70, ""max_iterations"": 150, ""initial_energy"": 1.5, ""jump_probability"": 0.7, ""max_no_improvement"": 50, ""dive_count"": 2, ""levy_scale"": 0.2, ""polish_interval"": 35, ""polish_iters"": 5, ""final_polish_iters"": 300}"
04:01:28,config_st70_20260701_012653.json,st70,HHO-LKH,14,754.2,"{""hawks"": 30, ""max_iterations"": 150, ""initial_energy"": 1.5, ""jump_probability"": 0.7, ""max_no_improvement"": 50, ""dive_count"": 2, ""levy_scale"": 0.2, ""polish_interval"": 35, ""polish_iters"": 5, ""final_polish_iters"": 300}"
04:01:35,config_st70_20260701_012653.json,st70,HHO-LKH,15,738.8,"{""hawks"": 70, ""max_iterations"": 250, ""initial_energy"": 1.5, ""jump_probability"": 0.7, ""max_no_improvement"": 75, ""dive_count"": 2, ""levy_scale"": 0.3, ""polish_interval"": 35, ""polish_iters"": 10, ""final_polish_iters"": 300}"
04:01:39,config_st70_20260701_012653.json,st70,HHO-LKH,16,744.4,"{""hawks"": 30, ""max_iterations"": 250, ""initial_energy"": 1.5, ""jump_probability"": 0.7, ""max_no_improvement"": 50, ""dive_count"": 2, ""levy_scale"": 0.5, ""polish_interval"": 25, ""polish_iters"": 5, ""final_polish_iters"": 300}"
04:01:44,config_st70_20260701_012653.json,st70,HHO-LKH,17,745.2,"{""hawks"": 30, ""max_iterations"": 150, ""initial_energy"": 1.5, ""jump_probability"": 0.7, ""max_no_improvement"": 75, ""dive_count"": 2, ""levy_scale"": 0.2, ""polish_interval"": 35, ""polish_iters"": 10, ""final_polish_iters"": 300}"
04:01:51,config_st70_20260701_012653.json,st70,HHO-LKH,18,745.4,"{""hawks"": 70, ""max_iterations"": 250, ""initial_energy"": 1.5, ""jump_probability"": 0.5, ""max_no_improvement"": 50, ""dive_count"": 2, ""levy_scale"": 0.2, ""polish_interval"": 25, ""polish_iters"": 5, ""final_polish_iters"": 300}"
04:01:55,config_st70_20260701_012653.json,st70,HHO-LKH,19,745.0,"{""hawks"": 30, ""max_iterations"": 150, ""initial_energy"": 1.5, ""jump_probability"": 0.7, ""max_no_improvement"": 75, ""dive_count"": 2, ""levy_scale"": 0.5, ""polish_interval"": 35, ""polish_iters"": 5, ""final_polish_iters"": 300}"
04:02:03,config_st70_20260701_012653.json,st70,HHO-LKH,20,724.8,"{""hawks"": 70, ""max_iterations"": 350, ""initial_energy"": 1.5, ""jump_probability"": 0.7, ""max_no_improvement"": 100, ""dive_count"": 2, ""levy_scale"": 0.3, ""polish_interval"": 15, ""polish_iters"": 10, ""final_polish_iters"": 300}"
04:02:11,config_st70_20260701_012653.json,st70,HHO-LKH,21,720.0,"{""hawks"": 70, ""max_iterations"": 350, ""initial_energy"": 1.5, ""jump_probability"": 0.5, ""max_no_improvement"": 100, ""dive_count"": 3, ""levy_scale"": 0.3, ""polish_interval"": 15, ""polish_iters"": 10, ""final_polish_iters"": 300}"
04:02:18,config_st70_20260701_012653.json,st70,HHO-LKH,22,728.4,"{""hawks"": 70, ""max_iterations"": 350, ""initial_energy"": 1.5, ""jump_probability"": 0.5, ""max_no_improvement"": 100, ""dive_count"": 3, ""levy_scale"": 0.3, ""polish_interval"": 15, ""polish_iters"": 10, ""final_polish_iters"": 300}"
04:02:26,config_st70_20260701_012653.json,st70,HHO-LKH,23,740.4,"{""hawks"": 70, ""max_iterations"": 350, ""initial_energy"": 1.5, ""jump_probability"": 0.5, ""max_no_improvement"": 100, ""dive_count"": 3, ""levy_scale"": 0.3, ""polish_interval"": 15, ""polish_iters"": 10, ""final_polish_iters"": 300}"
04:02:33,config_st70_20260701_012653.json,st70,HHO-LKH,24,726.8,"{""hawks"": 70, ""max_iterations"": 350, ""initial_energy"": 1.5, ""jump_probability"": 0.5, ""max_no_improvement"": 100, ""dive_count"": 3, ""levy_scale"": 0.3, ""polish_interval"": 15, ""polish_iters"": 10, ""final_polish_iters"": 300}"
04:02:41,config_st70_20260701_012653.json,st70,HHO-LKH,25,726.6,"{""hawks"": 70, ""max_iterations"": 350, ""initial_energy"": 1.5, ""jump_probability"": 0.5, ""max_no_improvement"": 100, ""dive_count"": 3, ""levy_scale"": 0.3, ""polish_interval"": 15, ""polish_iters"": 10, ""final_polish_iters"": 300}"
04:02:48,config_st70_20260701_012653.json,st70,HHO-LKH,26,731.6,"{""hawks"": 70, ""max_iterations"": 350, ""initial_energy"": 0.5, ""jump_probability"": 0.5, ""max_no_improvement"": 100, ""dive_count"": 3, ""levy_scale"": 0.3, ""polish_interval"": 15, ""polish_iters"": 10, ""final_polish_iters"": 100}"
04:02:56,config_st70_20260701_012653.json,st70,HHO-LKH,27,725.0,"{""hawks"": 70, ""max_iterations"": 350, ""initial_energy"": 1.5, ""jump_probability"": 0.5, ""max_no_improvement"": 100, ""dive_count"": 3, ""levy_scale"": 0.3, ""polish_interval"": 15, ""polish_iters"": 10, ""final_polish_iters"": 300}"
04:03:04,config_st70_20260701_012653.json,st70,HHO-LKH,28,744.8,"{""hawks"": 70, ""max_iterations"": 350, ""initial_energy"": 1.5, ""jump_probability"": 0.5, ""max_no_improvement"": 100, ""dive_count"": 3, ""levy_scale"": 0.3, ""polish_interval"": 15, ""polish_iters"": 10, ""final_polish_iters"": 300}"
04:03:12,config_st70_20260701_012653.json,st70,HHO-LKH,29,715.6,"{""hawks"": 70, ""max_iterations"": 350, ""initial_energy"": 1.5, ""jump_probability"": 0.5, ""max_no_improvement"": 100, ""dive_count"": 3, ""levy_scale"": 0.3, ""polish_interval"": 15, ""polish_iters"": 10, ""final_polish_iters"": 300}"
04:03:18,config_st70_20260701_012653.json,st70,HHO-LKH,30,741.2,"{""hawks"": 50, ""max_iterations"": 350, ""initial_energy"": 0.5, ""jump_probability"": 0.5, ""max_no_improvement"": 100, ""dive_count"": 3, ""levy_scale"": 0.3, ""polish_interval"": 15, ""polish_iters"": 10, ""final_polish_iters"": 100}"
04:03:28,config_st70_20260701_012653.json,st70,HHO-ALNS,1,681.6,"{""hawks"": 50, ""max_iterations"": 150, ""initial_energy"": 1.0, ""jump_probability"": 0.7, ""max_no_improvement"": 50, ""dive_count"": 5, ""levy_scale"": 0.5, ""polish_interval"": 35, ""alns_iterations"": 100, ""alns_remove_ratio"": 0.15, ""final_polish_iters"": 100}"
04:03:50,config_st70_20260701_012653.json,st70,HHO-ALNS,2,676.0,"{""hawks"": 50, ""max_iterations"": 350, ""initial_energy"": 1.5, ""jump_probability"": 0.5, ""max_no_improvement"": 50, ""dive_count"": 5, ""levy_scale"": 0.3, ""polish_interval"": 25, ""alns_iterations"": 150, ""alns_remove_ratio"": 0.2, ""final_polish_iters"": 300}"
04:04:05,config_st70_20260701_012653.json,st70,HHO-ALNS,3,677.4,"{""hawks"": 50, ""max_iterations"": 150, ""initial_energy"": 1.0, ""jump_probability"": 0.5, ""max_no_improvement"": 100, ""dive_count"": 2, ""levy_scale"": 0.5, ""polish_interval"": 25, ""alns_iterations"": 150, ""alns_remove_ratio"": 0.15, ""final_polish_iters"": 100}"
04:04:24,config_st70_20260701_012653.json,st70,HHO-ALNS,4,677.4,"{""hawks"": 70, ""max_iterations"": 350, ""initial_energy"": 1.5, ""jump_probability"": 0.7, ""max_no_improvement"": 75, ""dive_count"": 3, ""levy_scale"": 0.3, ""polish_interval"": 25, ""alns_iterations"": 150, ""alns_remove_ratio"": 0.15, ""final_polish_iters"": 100}"
04:04:33,config_st70_20260701_012653.json,st70,HHO-ALNS,5,681.0,"{""hawks"": 70, ""max_iterations"": 350, ""initial_energy"": 1.0, ""jump_probability"": 0.5, ""max_no_improvement"": 100, ""dive_count"": 2, ""levy_scale"": 0.2, ""polish_interval"": 25, ""alns_iterations"": 100, ""alns_remove_ratio"": 0.1, ""final_polish_iters"": 100}"
04:04:40,config_st70_20260701_012653.json,st70,HHO-ALNS,6,684.6,"{""hawks"": 30, ""max_iterations"": 350, ""initial_energy"": 1.0, ""jump_probability"": 0.7, ""max_no_improvement"": 75, ""dive_count"": 5, ""levy_scale"": 0.2, ""polish_interval"": 15, ""alns_iterations"": 150, ""alns_remove_ratio"": 0.1, ""final_polish_iters"": 300}"
04:04:48,config_st70_20260701_012653.json,st70,HHO-ALNS,7,680.0,"{""hawks"": 30, ""max_iterations"": 350, ""initial_energy"": 0.5, ""jump_probability"": 0.3, ""max_no_improvement"": 75, ""dive_count"": 3, ""levy_scale"": 0.3, ""polish_interval"": 15, ""alns_iterations"": 100, ""alns_remove_ratio"": 0.15, ""final_polish_iters"": 100}"
04:05:05,config_st70_20260701_012653.json,st70,HHO-ALNS,8,678.2,"{""hawks"": 50, ""max_iterations"": 250, ""initial_energy"": 1.0, ""jump_probability"": 0.5, ""max_no_improvement"": 100, ""dive_count"": 3, ""levy_scale"": 0.2, ""polish_interval"": 15, ""alns_iterations"": 100, ""alns_remove_ratio"": 0.2, ""final_polish_iters"": 100}"
04:05:12,config_st70_20260701_012653.json,st70,HHO-ALNS,9,681.2,"{""hawks"": 30, ""max_iterations"": 150, ""initial_energy"": 1.5, ""jump_probability"": 0.3, ""max_no_improvement"": 50, ""dive_count"": 3, ""levy_scale"": 0.5, ""polish_interval"": 35, ""alns_iterations"": 100, ""alns_remove_ratio"": 0.15, ""final_polish_iters"": 300}"
04:05:18,config_st70_20260701_012653.json,st70,HHO-ALNS,10,694.2,"{""hawks"": 50, ""max_iterations"": 350, ""initial_energy"": 1.5, ""jump_probability"": 0.7, ""max_no_improvement"": 75, ""dive_count"": 3, ""levy_scale"": 0.2, ""polish_interval"": 35, ""alns_iterations"": 50, ""alns_remove_ratio"": 0.1, ""final_polish_iters"": 100}"
04:05:27,config_st70_20260701_012653.json,st70,HHO-ALNS,11,680.8,"{""hawks"": 50, ""max_iterations"": 250, ""initial_energy"": 0.5, ""jump_probability"": 0.5, ""max_no_improvement"": 50, ""dive_count"": 5, ""levy_scale"": 0.3, ""polish_interval"": 25, ""alns_iterations"": 50, ""alns_remove_ratio"": 0.2, ""final_polish_iters"": 200}"
04:05:50,config_st70_20260701_012653.json,st70,HHO-ALNS,12,675.8,"{""hawks"": 50, ""max_iterations"": 150, ""initial_energy"": 1.5, ""jump_probability"": 0.5, ""max_no_improvement"": 100, ""dive_count"": 2, ""levy_scale"": 0.5, ""polish_interval"": 25, ""alns_iterations"": 150, ""alns_remove_ratio"": 0.2, ""final_polish_iters"": 300}"
04:06:13,config_st70_20260701_012653.json,st70,HHO-ALNS,13,675.2,"{""hawks"": 50, ""max_iterations"": 150, ""initial_energy"": 1.5, ""jump_probability"": 0.5, ""max_no_improvement"": 100, ""dive_count"": 2, ""levy_scale"": 0.5, ""polish_interval"": 25, ""alns_iterations"": 150, ""alns_remove_ratio"": 0.2, ""final_polish_iters"": 300}"
04:06:37,config_st70_20260701_012653.json,st70,HHO-ALNS,14,676.6,"{""hawks"": 50, ""max_iterations"": 150, ""initial_energy"": 1.5, ""jump_probability"": 0.5, ""max_no_improvement"": 100, ""dive_count"": 2, ""levy_scale"": 0.5, ""polish_interval"": 25, ""alns_iterations"": 150, ""alns_remove_ratio"": 0.2, ""final_polish_iters"": 300}"
04:07:09,config_st70_20260701_012653.json,st70,HHO-ALNS,15,675.8,"{""hawks"": 70, ""max_iterations"": 150, ""initial_energy"": 1.5, ""jump_probability"": 0.5, ""max_no_improvement"": 100, ""dive_count"": 2, ""levy_scale"": 0.5, ""polish_interval"": 25, ""alns_iterations"": 150, ""alns_remove_ratio"": 0.2, ""final_polish_iters"": 300}"
04:07:32,config_st70_20260701_012653.json,st70,HHO-ALNS,16,676.6,"{""hawks"": 50, ""max_iterations"": 150, ""initial_energy"": 1.5, ""jump_probability"": 0.5, ""max_no_improvement"": 100, ""dive_count"": 2, ""levy_scale"": 0.5, ""polish_interval"": 25, ""alns_iterations"": 150, ""alns_remove_ratio"": 0.2, ""final_polish_iters"": 200}"
04:07:55,config_st70_20260701_012653.json,st70,HHO-ALNS,17,676.6,"{""hawks"": 50, ""max_iterations"": 150, ""initial_energy"": 1.5, ""jump_probability"": 0.3, ""max_no_improvement"": 100, ""dive_count"": 2, ""levy_scale"": 0.5, ""polish_interval"": 25, ""alns_iterations"": 150, ""alns_remove_ratio"": 0.2, ""final_polish_iters"": 300}"
04:08:04,config_st70_20260701_012653.json,st70,HHO-ALNS,18,680.6,"{""hawks"": 50, ""max_iterations"": 150, ""initial_energy"": 0.5, ""jump_probability"": 0.5, ""max_no_improvement"": 100, ""dive_count"": 2, ""levy_scale"": 0.5, ""polish_interval"": 25, ""alns_iterations"": 50, ""alns_remove_ratio"": 0.2, ""final_polish_iters"": 300}"
04:08:34,config_st70_20260701_012653.json,st70,HHO-ALNS,19,675.8,"{""hawks"": 70, ""max_iterations"": 250, ""initial_energy"": 1.5, ""jump_probability"": 0.5, ""max_no_improvement"": 100, ""dive_count"": 2, ""levy_scale"": 0.5, ""polish_interval"": 35, ""alns_iterations"": 150, ""alns_remove_ratio"": 0.2, ""final_polish_iters"": 300}"
04:08:50,config_st70_20260701_012653.json,st70,HHO-ALNS,20,676.6,"{""hawks"": 30, ""max_iterations"": 150, ""initial_energy"": 1.5, ""jump_probability"": 0.3, ""max_no_improvement"": 100, ""dive_count"": 2, ""levy_scale"": 0.5, ""polish_interval"": 15, ""alns_iterations"": 150, ""alns_remove_ratio"": 0.2, ""final_polish_iters"": 200}"
04:08:56,config_st70_20260701_012653.json,st70,HHO-ALNS,21,693.6,"{""hawks"": 50, ""max_iterations"": 150, ""initial_energy"": 0.5, ""jump_probability"": 0.5, ""max_no_improvement"": 100, ""dive_count"": 2, ""levy_scale"": 0.5, ""polish_interval"": 25, ""alns_iterations"": 50, ""alns_remove_ratio"": 0.1, ""final_polish_iters"": 300}"
04:09:26,config_st70_20260701_012653.json,st70,HHO-ALNS,22,677.4,"{""hawks"": 70, ""max_iterations"": 150, ""initial_energy"": 1.5, ""jump_probability"": 0.5, ""max_no_improvement"": 100, ""dive_count"": 2, ""levy_scale"": 0.5, ""polish_interval"": 25, ""alns_iterations"": 150, ""alns_remove_ratio"": 0.2, ""final_polish_iters"": 300}"
04:09:57,config_st70_20260701_012653.json,st70,HHO-ALNS,23,675.8,"{""hawks"": 70, ""max_iterations"": 150, ""initial_energy"": 1.5, ""jump_probability"": 0.5, ""max_no_improvement"": 100, ""dive_count"": 2, ""levy_scale"": 0.5, ""polish_interval"": 25, ""alns_iterations"": 150, ""alns_remove_ratio"": 0.2, ""final_polish_iters"": 300}"
04:10:27,config_st70_20260701_012653.json,st70,HHO-ALNS,24,675.0,"{""hawks"": 70, ""max_iterations"": 150, ""initial_energy"": 1.5, ""jump_probability"": 0.5, ""max_no_improvement"": 100, ""dive_count"": 2, ""levy_scale"": 0.5, ""polish_interval"": 25, ""alns_iterations"": 150, ""alns_remove_ratio"": 0.2, ""final_polish_iters"": 300}"
04:10:58,config_st70_20260701_012653.json,st70,HHO-ALNS,25,676.8,"{""hawks"": 70, ""max_iterations"": 150, ""initial_energy"": 1.5, ""jump_probability"": 0.5, ""max_no_improvement"": 100, ""dive_count"": 2, ""levy_scale"": 0.5, ""polish_interval"": 25, ""alns_iterations"": 150, ""alns_remove_ratio"": 0.2, ""final_polish_iters"": 300}"
04:11:28,config_st70_20260701_012653.json,st70,HHO-ALNS,26,675.8,"{""hawks"": 70, ""max_iterations"": 250, ""initial_energy"": 1.5, ""jump_probability"": 0.5, ""max_no_improvement"": 100, ""dive_count"": 2, ""levy_scale"": 0.5, ""polish_interval"": 25, ""alns_iterations"": 150, ""alns_remove_ratio"": 0.2, ""final_polish_iters"": 300}"
04:11:51,config_st70_20260701_012653.json,st70,HHO-ALNS,27,677.4,"{""hawks"": 50, ""max_iterations"": 150, ""initial_energy"": 1.5, ""jump_probability"": 0.5, ""max_no_improvement"": 100, ""dive_count"": 2, ""levy_scale"": 0.5, ""polish_interval"": 25, ""alns_iterations"": 150, ""alns_remove_ratio"": 0.2, ""final_polish_iters"": 200}"
04:12:15,config_st70_20260701_012653.json,st70,HHO-ALNS,28,676.6,"{""hawks"": 50, ""max_iterations"": 150, ""initial_energy"": 1.5, ""jump_probability"": 0.5, ""max_no_improvement"": 100, ""dive_count"": 2, ""levy_scale"": 0.5, ""polish_interval"": 25, ""alns_iterations"": 150, ""alns_remove_ratio"": 0.2, ""final_polish_iters"": 300}"
04:12:21,config_st70_20260701_012653.json,st70,HHO-ALNS,29,681.2,"{""hawks"": 30, ""max_iterations"": 150, ""initial_energy"": 0.5, ""jump_probability"": 0.7, ""max_no_improvement"": 50, ""dive_count"": 5, ""levy_scale"": 0.3, ""polish_interval"": 15, ""alns_iterations"": 50, ""alns_remove_ratio"": 0.2, ""final_polish_iters"": 300}"
04:12:34,config_st70_20260701_012653.json,st70,HHO-ALNS,30,680.2,"{""hawks"": 70, ""max_iterations"": 150, ""initial_energy"": 1.5, ""jump_probability"": 0.3, ""max_no_improvement"": 75, ""dive_count"": 2, ""levy_scale"": 0.2, ""polish_interval"": 35, ""alns_iterations"": 150, ""alns_remove_ratio"": 0.1, ""final_polish_iters"": 300}"
